time,lon,lat,precip
2000-06-01,29.625,-1.625,0.006000221
2000-06-02,29.625,-1.625,2.518815
2000-06-03,29.625,-1.625,0.026399473
2000-06-04,29.625,-1.625,0.0
2000-06-05,29.625,-1.625,0.0
2000-06-06,29.625,-1.625,0.5572159
2000-06-07,29.625,-1.625,0.10920091
2000-06-08,29.625,-1.625,0.028800398
2000-06-09,29.625,-1.625,0.0
2000-06-10,29.625,-1.625,0.0
2000-06-11,29.625,-1.625,0.0
2000-06-12,29.625,-1.625,0.0
2000-06-13,29.625,-1.625,0.5358056
2000-06-14,29.625,-1.625,3.2119863
2000-06-15,29.625,-1.625,0.06280232
2000-06-16,29.625,-1.625,0.0
2000-06-17,29.625,-1.625,0.066002436
2000-06-18,29.625,-1.625,0.0008000295
2000-06-19,29.625,-1.625,0.47659189
2000-06-20,29.625,-1.625,0.0
2000-06-21,29.625,-1.625,0.0
2000-06-22,29.625,-1.625,0.0
2000-06-23,29.625,-1.625,0.22360228
2000-06-24,29.625,-1.625,1.3677808
2000-06-25,29.625,-1.625,4.5014386
2000-06-26,29.625,-1.625,0.7928097
2000-06-27,29.625,-1.625,0.016000591
2000-06-28,29.625,-1.625,4.5638127
2000-06-29,29.625,-1.625,0.0
2000-06-30,29.625,-1.625,0.0
2000-07-01,29.625,-1.625,0.024000887
2000-07-02,29.625,-1.625,0.0007999905
2000-07-03,29.625,-1.625,0.1112041
2000-07-04,29.625,-1.625,0.07479726
2000-07-05,29.625,-1.625,0.14720541
2000-07-06,29.625,-1.625,0.0
2000-07-07,29.625,-1.625,0.0
2000-07-08,29.625,-1.625,0.047600336
2000-07-09,29.625,-1.625,0.0060002217
2000-07-10,29.625,-1.625,0.0008000295
2000-07-11,29.625,-1.625,0.0
2000-07-12,29.625,-1.625,0.0
2000-07-13,29.625,-1.625,0.0
2000-07-14,29.625,-1.625,0.0
2000-07-15,29.625,-1.625,0.5772066
2000-07-16,29.625,-1.625,0.9683955
2000-07-17,29.625,-1.625,0.007200266
2000-07-18,29.625,-1.625,0.0
2000-07-19,29.625,-1.625,0.0
2000-07-20,29.625,-1.625,0.012400458
2000-07-21,29.625,-1.625,0.39760837
2000-07-22,29.625,-1.625,0.32640296
2000-07-23,29.625,-1.625,0.51299787
2000-07-24,29.625,-1.625,0.0
2000-07-25,29.625,-1.625,0.004800177
2000-07-26,29.625,-1.625,0.001600059
2000-07-27,29.625,-1.625,0.08160301
2000-07-28,29.625,-1.625,0.0
2000-07-29,29.625,-1.625,0.0
2000-07-30,29.625,-1.625,0.3616101
2000-07-31,29.625,-1.625,0.102001704
2000-08-01,29.625,-1.625,1.9159509
2000-08-02,29.625,-1.625,1.4244164
2000-08-03,29.625,-1.625,0.32161173
2000-08-04,29.625,-1.625,0.0
2000-08-05,29.625,-1.625,0.27000558
2000-08-06,29.625,-1.625,0.26360464
2000-08-07,29.625,-1.625,0.019799594
2000-08-08,29.625,-1.625,0.028801063
2000-08-09,29.625,-1.625,0.3056105
2000-08-10,29.625,-1.625,0.040001396
2000-08-11,29.625,-1.625,0.000999965
2000-08-12,29.625,-1.625,0.6879928
2000-08-13,29.625,-1.625,1.3669888
2000-08-14,29.625,-1.625,2.0984576
2000-08-15,29.625,-1.625,3.1457982
2000-08-16,29.625,-1.625,7.4600945
2000-08-17,29.625,-1.625,0.14120235
2000-08-18,29.625,-1.625,0.0
2000-08-19,29.625,-1.625,0.75442773
2000-08-20,29.625,-1.625,0.012000442
2000-08-21,29.625,-1.625,0.05800171
2000-08-22,29.625,-1.625,0.0035998188
2000-08-23,29.625,-1.625,0.0
2000-08-24,29.625,-1.625,0.013199985
2000-08-25,29.625,-1.625,0.3362108
2000-08-26,29.625,-1.625,1.46663
2000-08-27,29.625,-1.625,0.020800393
2000-08-28,29.625,-1.625,0.036801055
2000-08-29,29.625,-1.625,0.0
2000-08-30,29.625,-1.625,0.0
2000-08-31,29.625,-1.625,0.0
2000-09-01,29.625,-1.625,1.2585746
2000-09-02,29.625,-1.625,0.05680178
2000-09-03,29.625,-1.625,3.472352
2000-09-04,29.625,-1.625,0.0008000295
2000-09-05,29.625,-1.625,0.0019998993
2000-09-06,29.625,-1.625,0.1404006
2000-09-07,29.625,-1.625,0.7312021
2000-09-08,29.625,-1.625,0.35279527
2000-09-09,29.625,-1.625,1.6060174
2000-09-10,29.625,-1.625,0.050001666
2000-09-11,29.625,-1.625,0.0
2000-09-12,29.625,-1.625,0.0
2000-09-13,29.625,-1.625,0.06060143
2000-09-14,29.625,-1.625,0.4995934
2000-09-15,29.625,-1.625,0.035799097
2000-09-16,29.625,-1.625,0.0
2000-09-17,29.625,-1.625,0.03080103
2000-09-18,29.625,-1.625,1.7392333
2000-09-19,29.625,-1.625,5.567127
2000-09-20,29.625,-1.625,5.222998
2000-09-21,29.625,-1.625,0.9902115
2000-09-22,29.625,-1.625,0.2318007
2000-09-23,29.625,-1.625,0.4440158
2000-09-24,29.625,-1.625,2.3448412
2000-09-25,29.625,-1.625,10.719459
2000-09-26,29.625,-1.625,12.005232
2000-09-27,29.625,-1.625,0.8288167
2000-09-28,29.625,-1.625,9.28178
2000-09-29,29.625,-1.625,11.432382
2000-09-30,29.625,-1.625,0.25660598
2000-10-01,29.625,-1.625,10.032559
2000-10-02,29.625,-1.625,1.3012054
2000-10-03,29.625,-1.625,0.12519565
2000-10-04,29.625,-1.625,6.928274
2000-10-05,29.625,-1.625,1.0697813
2000-10-06,29.625,-1.625,0.19920713
2000-10-07,29.625,-1.625,6.6738415
2000-10-08,29.625,-1.625,5.1973233
2000-10-09,29.625,-1.625,0.94802046
2000-10-10,29.625,-1.625,2.1480362
2000-10-11,29.625,-1.625,0.5047923
2000-10-12,29.625,-1.625,1.2480255
2000-10-13,29.625,-1.625,1.370187
2000-10-14,29.625,-1.625,0.036599573
2000-10-15,29.625,-1.625,0.6109935
2000-10-16,29.625,-1.625,2.1844015
2000-10-17,29.625,-1.625,2.4247832
2000-10-18,29.625,-1.625,2.5734417
2000-10-19,29.625,-1.625,17.607893
2000-10-20,29.625,-1.625,33.718727
2000-10-21,29.625,-1.625,18.426426
2000-10-22,29.625,-1.625,2.8732164
2000-10-23,29.625,-1.625,1.5953735
2000-10-24,29.625,-1.625,12.378256
2000-10-25,29.625,-1.625,7.787015
2000-10-26,29.625,-1.625,2.547031
2000-10-27,29.625,-1.625,8.012793
2000-10-28,29.625,-1.625,0.24760675
2000-10-29,29.625,-1.625,0.9468127
2000-10-30,29.625,-1.625,10.574158
2000-10-31,29.625,-1.625,10.985227
2000-11-01,29.625,-1.625,4.754764
2000-11-02,29.625,-1.625,17.886667
2000-11-03,29.625,-1.625,11.934351
2000-11-04,29.625,-1.625,14.169743
2000-11-05,29.625,-1.625,2.98041
2000-11-06,29.625,-1.625,10.90766
2000-11-07,29.625,-1.625,4.124772
2000-11-08,29.625,-1.625,10.416167
2000-11-09,29.625,-1.625,2.2975245
2000-11-10,29.625,-1.625,2.5166156
2000-11-11,29.625,-1.625,5.602077
2000-11-12,29.625,-1.625,3.496012
2000-11-13,29.625,-1.625,0.17160395
2000-11-14,29.625,-1.625,0.003200118
2000-11-15,29.625,-1.625,7.24033
2000-11-16,29.625,-1.625,15.346967
2000-11-17,29.625,-1.625,2.9264033
2000-11-18,29.625,-1.625,1.8911971
2000-11-19,29.625,-1.625,15.769206
2000-11-20,29.625,-1.625,11.412143
2000-11-21,29.625,-1.625,6.9657674
2000-11-22,29.625,-1.625,10.267106
2000-11-23,29.625,-1.625,0.2716098
2000-11-24,29.625,-1.625,0.23540738
2000-11-25,29.625,-1.625,0.89019275
2000-11-26,29.625,-1.625,6.590061
2000-11-27,29.625,-1.625,1.5427675
2000-11-28,29.625,-1.625,1.9855107
2000-11-29,29.625,-1.625,4.255277
2000-11-30,29.625,-1.625,1.3471892
2000-12-01,29.625,-1.625,1.4696257
2000-12-02,29.625,-1.625,4.5064654
2000-12-03,29.625,-1.625,4.626629
2000-12-04,29.625,-1.625,4.4080305
2000-12-05,29.625,-1.625,2.6738386
2000-12-06,29.625,-1.625,3.2652328
2000-12-07,29.625,-1.625,0.25200447
2000-12-08,29.625,-1.625,0.03760139
2000-12-09,29.625,-1.625,10.422667
2000-12-10,29.625,-1.625,5.921293
2000-12-11,29.625,-1.625,0.26460126
2000-12-12,29.625,-1.625,10.542742
2000-12-13,29.625,-1.625,4.820377
2000-12-14,29.625,-1.625,1.379787
2000-12-15,29.625,-1.625,0.5438062
2000-12-16,29.625,-1.625,0.9061875
2000-12-17,29.625,-1.625,0.8523861
2000-12-18,29.625,-1.625,2.9341567
2000-12-19,29.625,-1.625,0.13580225
2000-12-20,29.625,-1.625,0.0
2000-12-21,29.625,-1.625,1.3669705
2000-12-22,29.625,-1.625,8.160786
2000-12-23,29.625,-1.625,15.291133
2000-12-24,29.625,-1.625,0.78579116
2000-12-25,29.625,-1.625,0.07439951
2000-12-26,29.625,-1.625,0.0663974
2000-12-27,29.625,-1.625,10.497054
2000-12-28,29.625,-1.625,0.7798028
2000-12-29,29.625,-1.625,2.5627973
2000-12-30,29.625,-1.625,5.5385265
2000-12-31,29.625,-1.625,2.9007912
2001-01-01,29.625,-1.625,5.4606686
2001-01-02,29.625,-1.625,8.950177
2001-01-03,29.625,-1.625,3.6970427
2001-01-04,29.625,-1.625,0.91397846
2001-01-05,29.625,-1.625,3.481186
2001-01-06,29.625,-1.625,13.322728
2001-01-07,29.625,-1.625,9.502816
2001-01-08,29.625,-1.625,6.705231
2001-01-09,29.625,-1.625,3.4405959
2001-01-10,29.625,-1.625,0.0
2001-01-11,29.625,-1.625,2.092225
2001-01-12,29.625,-1.625,15.505167
2001-01-13,29.625,-1.625,0.4504029
2001-01-14,29.625,-1.625,2.694963
2001-01-15,29.625,-1.625,0.040401038
2001-01-16,29.625,-1.625,2.5341728
2001-01-17,29.625,-1.625,1.0249926
2001-01-18,29.625,-1.625,18.75789
2001-01-19,29.625,-1.625,0.07040091
2001-01-20,29.625,-1.625,1.7749591
2001-01-21,29.625,-1.625,3.196576
2001-01-22,29.625,-1.625,9.069443
2001-01-23,29.625,-1.625,10.952051
2001-01-24,29.625,-1.625,4.7852755
2001-01-25,29.625,-1.625,4.4797616
2001-01-26,29.625,-1.625,14.950442
2001-01-27,29.625,-1.625,4.2739143
2001-01-28,29.625,-1.625,1.8074027
2001-01-29,29.625,-1.625,0.2937931
2001-01-30,29.625,-1.625,0.31579918
2001-01-31,29.625,-1.625,0.0
2001-02-01,29.625,-1.625,0.0
2001-02-02,29.625,-1.625,0.14919941
2001-02-03,29.625,-1.625,1.6089865
2001-02-04,29.625,-1.625,9.793823
2001-02-05,29.625,-1.625,0.058598027
2001-02-06,29.625,-1.625,1.1611887
2001-02-07,29.625,-1.625,5.368113
2001-02-08,29.625,-1.625,1.4418104
2001-02-09,29.625,-1.625,12.763551
2001-02-10,29.625,-1.625,0.8942069
2001-02-11,29.625,-1.625,1.466002
2001-02-12,29.625,-1.625,0.10260245
2001-02-13,29.625,-1.625,2.3685763
2001-02-14,29.625,-1.625,15.078295
2001-02-15,29.625,-1.625,0.068800636
2001-02-16,29.625,-1.625,0.4034071
2001-02-17,29.625,-1.625,0.0012000443
2001-02-18,29.625,-1.625,0.7117944
2001-02-19,29.625,-1.625,3.010563
2001-02-20,29.625,-1.625,0.30600095
2001-02-21,29.625,-1.625,1.8746285
2001-02-22,29.625,-1.625,0.058001
2001-02-23,29.625,-1.625,1.0308167
2001-02-24,29.625,-1.625,0.011200413
2001-02-25,29.625,-1.625,1.3854196
2001-02-26,29.625,-1.625,3.9683967
2001-02-27,29.625,-1.625,0.3056056
2001-02-28,29.625,-1.625,3.9656324
2001-03-01,29.625,-1.625,0.43260512
2001-03-02,29.625,-1.625,0.0
2001-03-03,29.625,-1.625,0.0
2001-03-04,29.625,-1.625,0.0008000295
2001-03-05,29.625,-1.625,6.967557
2001-03-06,29.625,-1.625,5.7376595
2001-03-07,29.625,-1.625,1.155602
2001-03-08,29.625,-1.625,5.6282005
2001-03-09,29.625,-1.625,3.939019
2001-03-10,29.625,-1.625,0.03920121
2001-03-11,29.625,-1.625,0.36660615
2001-03-12,29.625,-1.625,0.7061722
2001-03-13,29.625,-1.625,5.305796
2001-03-14,29.625,-1.625,2.9079545
2001-03-15,29.625,-1.625,1.0854173
2001-03-16,29.625,-1.625,0.5379985
2001-03-17,29.625,-1.625,1.520391
2001-03-18,29.625,-1.625,0.35780346
2001-03-19,29.625,-1.625,11.967576
2001-03-20,29.625,-1.625,3.8302066
2001-03-21,29.625,-1.625,1.4472129
2001-03-22,29.625,-1.625,7.5732408
2001-03-23,29.625,-1.625,5.706573
2001-03-24,29.625,-1.625,2.9163404
2001-03-25,29.625,-1.625,8.545773
2001-03-26,29.625,-1.625,19.282526
2001-03-27,29.625,-1.625,1.4507941
2001-03-28,29.625,-1.625,8.440219
2001-03-29,29.625,-1.625,1.8636057
2001-03-30,29.625,-1.625,9.743235
2001-03-31,29.625,-1.625,9.835587
2001-04-01,29.625,-1.625,2.9859746
2001-04-02,29.625,-1.625,5.1276207
2001-04-03,29.625,-1.625,2.1625915
2001-04-04,29.625,-1.625,0.89259124
2001-04-05,29.625,-1.625,1.8979919
2001-04-06,29.625,-1.625,7.210626
2001-04-07,29.625,-1.625,15.903348
2001-04-08,29.625,-1.625,5.136599
2001-04-09,29.625,-1.625,7.525375
2001-04-10,29.625,-1.625,13.546357
2001-04-11,29.625,-1.625,1.0857925
2001-04-12,29.625,-1.625,0.14200108
2001-04-13,29.625,-1.625,0.0
2001-04-14,29.625,-1.625,1.9870408
2001-04-15,29.625,-1.625,5.0693913
2001-04-16,29.625,-1.625,2.9197948
2001-04-17,29.625,-1.625,0.0
2001-04-18,29.625,-1.625,0.003200118
2001-04-19,29.625,-1.625,0.0
2001-04-20,29.625,-1.625,3.0314403
2001-04-21,29.625,-1.625,3.4073503
2001-04-22,29.625,-1.625,1.0969894
2001-04-23,29.625,-1.625,12.400811
2001-04-24,29.625,-1.625,10.763663
2001-04-25,29.625,-1.625,19.262701
2001-04-26,29.625,-1.625,1.8193427
2001-04-27,29.625,-1.625,9.311817
2001-04-28,29.625,-1.625,0.0
2001-04-29,29.625,-1.625,6.9933577
2001-04-30,29.625,-1.625,8.729938
2001-05-01,29.625,-1.625,4.9292502
2001-05-02,29.625,-1.625,4.959034
2001-05-03,29.625,-1.625,0.8960203
2001-05-04,29.625,-1.625,7.743292
2001-05-05,29.625,-1.625,0.93199503
2001-05-06,29.625,-1.625,6.6169395
2001-05-07,29.625,-1.625,5.561249
2001-05-08,29.625,-1.625,3.3528593
2001-05-09,29.625,-1.625,0.16440074
2001-05-10,29.625,-1.625,1.1278042
2001-05-11,29.625,-1.625,0.37920922
2001-05-12,29.625,-1.625,0.47800303
2001-05-13,29.625,-1.625,0.5936042
2001-05-14,29.625,-1.625,1.6084111
2001-05-15,29.625,-1.625,8.441548
2001-05-16,29.625,-1.625,5.778799
2001-05-17,29.625,-1.625,3.838202
2001-05-18,29.625,-1.625,2.7699838
2001-05-19,29.625,-1.625,0.7352134
2001-05-20,29.625,-1.625,0.84200424
2001-05-21,29.625,-1.625,2.2914307
2001-05-22,29.625,-1.625,5.2819657
2001-05-23,29.625,-1.625,3.3019722
2001-05-24,29.625,-1.625,0.3370002
2001-05-25,29.625,-1.625,0.0
2001-05-26,29.625,-1.625,0.014000399
2001-05-27,29.625,-1.625,0.022799555
2001-05-28,29.625,-1.625,10.372777
2001-05-29,29.625,-1.625,0.03919989
2001-05-30,29.625,-1.625,0.0
2001-05-31,29.625,-1.625,0.004800177
2001-06-01,29.625,-1.625,0.17020237
2001-06-02,29.625,-1.625,1.8894217
2001-06-03,29.625,-1.625,6.6837826
2001-06-04,29.625,-1.625,0.005600207
2001-06-05,29.625,-1.625,0.005999969
2001-06-06,29.625,-1.625,1.1474274
2001-06-07,29.625,-1.625,0.4296105
2001-06-08,29.625,-1.625,2.678833
2001-06-09,29.625,-1.625,1.367008
2001-06-10,29.625,-1.625,0.33839872
2001-06-11,29.625,-1.625,0.46259826
2001-06-12,29.625,-1.625,0.08920297
2001-06-13,29.625,-1.625,0.0
2001-06-14,29.625,-1.625,0.0
2001-06-15,29.625,-1.625,0.0
2001-06-16,29.625,-1.625,0.0
2001-06-17,29.625,-1.625,0.004800177
2001-06-18,29.625,-1.625,0.011200179
2001-06-19,29.625,-1.625,0.0
2001-06-20,29.625,-1.625,1.1555938
2001-06-21,29.625,-1.625,0.7208056
2001-06-22,29.625,-1.625,1.6259732
2001-06-23,29.625,-1.625,0.0
2001-06-24,29.625,-1.625,0.002000074
2001-06-25,29.625,-1.625,0.0
2001-06-26,29.625,-1.625,0.22840723
2001-06-27,29.625,-1.625,0.00039997988
2001-06-28,29.625,-1.625,0.074801296
2001-06-29,29.625,-1.625,0.09180076
2001-06-30,29.625,-1.625,0.020400673
2001-07-01,29.625,-1.625,0.0
2001-07-02,29.625,-1.625,0.010799518
2001-07-03,29.625,-1.625,0.5101803
2001-07-04,29.625,-1.625,1.7564046
2001-07-05,29.625,-1.625,0.21180488
2001-07-06,29.625,-1.625,0.0007999905
2001-07-07,29.625,-1.625,0.0
2001-07-08,29.625,-1.625,0.0
2001-07-09,29.625,-1.625,0.0
2001-07-10,29.625,-1.625,2.699824
2001-07-11,29.625,-1.625,0.0028001035
2001-07-12,29.625,-1.625,0.18880631
2001-07-13,29.625,-1.625,4.0786333
2001-07-14,29.625,-1.625,0.016800618
2001-07-15,29.625,-1.625,0.0
2001-07-16,29.625,-1.625,0.0
2001-07-17,29.625,-1.625,0.09120336
2001-07-18,29.625,-1.625,4.924733
2001-07-19,29.625,-1.625,0.17300223
2001-07-20,29.625,-1.625,21.955023
2001-07-21,29.625,-1.625,5.965027
2001-07-22,29.625,-1.625,16.329218
2001-07-23,29.625,-1.625,12.187196
2001-07-24,29.625,-1.625,0.12920234
2001-07-25,29.625,-1.625,0.19419761
2001-07-26,29.625,-1.625,1.4462168
2001-07-27,29.625,-1.625,0.0
2001-07-28,29.625,-1.625,0.0
2001-07-29,29.625,-1.625,0.2588071
2001-07-30,29.625,-1.625,0.093603104
2001-07-31,29.625,-1.625,0.0
2001-08-01,29.625,-1.625,0.028800359
2001-08-02,29.625,-1.625,0.0
2001-08-03,29.625,-1.625,0.024800917
2001-08-04,29.625,-1.625,0.0
2001-08-05,29.625,-1.625,0.0
2001-08-06,29.625,-1.625,0.0
2001-08-07,29.625,-1.625,0.0
2001-08-08,29.625,-1.625,0.0
2001-08-09,29.625,-1.625,10.762964
2001-08-10,29.625,-1.625,2.007213
2001-08-11,29.625,-1.625,4.269445
2001-08-12,29.625,-1.625,11.044604
2001-08-13,29.625,-1.625,1.4735777
2001-08-14,29.625,-1.625,0.70718
2001-08-15,29.625,-1.625,0.14760117
2001-08-16,29.625,-1.625,18.28354
2001-08-17,29.625,-1.625,0.18080224
2001-08-18,29.625,-1.625,9.16758
2001-08-19,29.625,-1.625,1.0996237
2001-08-20,29.625,-1.625,0.00039997988
2001-08-21,29.625,-1.625,0.48458254
2001-08-22,29.625,-1.625,1.0000134
2001-08-23,29.625,-1.625,0.5330102
2001-08-24,29.625,-1.625,1.0432055
2001-08-25,29.625,-1.625,2.277235
2001-08-26,29.625,-1.625,3.4634683
2001-08-27,29.625,-1.625,0.0
2001-08-28,29.625,-1.625,0.5949835
2001-08-29,29.625,-1.625,2.271003
2001-08-30,29.625,-1.625,0.018400678
2001-08-31,29.625,-1.625,0.004800177
2001-09-01,29.625,-1.625,1.9786302
2001-09-02,29.625,-1.625,1.3282127
2001-09-03,29.625,-1.625,1.4296259
2001-09-04,29.625,-1.625,0.13060114
2001-09-05,29.625,-1.625,1.2149723
2001-09-06,29.625,-1.625,12.686514
2001-09-07,29.625,-1.625,21.262785
2001-09-08,29.625,-1.625,0.50020605
2001-09-09,29.625,-1.625,4.354437
2001-09-10,29.625,-1.625,4.386553
2001-09-11,29.625,-1.625,0.29759845
2001-09-12,29.625,-1.625,3.620987
2001-09-13,29.625,-1.625,8.578121
2001-09-14,29.625,-1.625,0.12739815
2001-09-15,29.625,-1.625,2.1596203
2001-09-16,29.625,-1.625,0.04440004
2001-09-17,29.625,-1.625,0.75299513
2001-09-18,29.625,-1.625,40.04761
2001-09-19,29.625,-1.625,0.3392104
2001-09-20,29.625,-1.625,12.793922
2001-09-21,29.625,-1.625,1.7905926
2001-09-22,29.625,-1.625,17.728138
2001-09-23,29.625,-1.625,4.0382247
2001-09-24,29.625,-1.625,2.550022
2001-09-25,29.625,-1.625,2.9911985
2001-09-26,29.625,-1.625,0.55240035
2001-09-27,29.625,-1.625,0.9506097
2001-09-28,29.625,-1.625,1.6540223
2001-09-29,29.625,-1.625,1.2258047
2001-09-30,29.625,-1.625,0.7496259
2001-10-01,29.625,-1.625,0.07200223
2001-10-02,29.625,-1.625,1.1285852
2001-10-03,29.625,-1.625,7.0206456
2001-10-04,29.625,-1.625,1.9392169
2001-10-05,29.625,-1.625,7.0490284
2001-10-06,29.625,-1.625,1.1367698
2001-10-07,29.625,-1.625,3.537048
2001-10-08,29.625,-1.625,8.938703
2001-10-09,29.625,-1.625,1.5608097
2001-10-10,29.625,-1.625,5.7321987
2001-10-11,29.625,-1.625,1.10498
2001-10-12,29.625,-1.625,6.7238574
2001-10-13,29.625,-1.625,20.493576
2001-10-14,29.625,-1.625,9.026593
2001-10-15,29.625,-1.625,2.1711805
2001-10-16,29.625,-1.625,0.038999908
2001-10-17,29.625,-1.625,0.60418516
2001-10-18,29.625,-1.625,6.869126
2001-10-19,29.625,-1.625,9.63356
2001-10-20,29.625,-1.625,8.440481
2001-10-21,29.625,-1.625,0.755976
2001-10-22,29.625,-1.625,2.1926246
2001-10-23,29.625,-1.625,1.9677339
2001-10-24,29.625,-1.625,1.4994172
2001-10-25,29.625,-1.625,3.4159727
2001-10-26,29.625,-1.625,4.060997
2001-10-27,29.625,-1.625,18.517763
2001-10-28,29.625,-1.625,14.303293
2001-10-29,29.625,-1.625,5.2693224
2001-10-30,29.625,-1.625,14.900949
2001-10-31,29.625,-1.625,7.7472167
2001-11-01,29.625,-1.625,16.086672
2001-11-02,29.625,-1.625,0.52519345
2001-11-03,29.625,-1.625,1.087027
2001-11-04,29.625,-1.625,4.0515933
2001-11-05,29.625,-1.625,9.360255
2001-11-06,29.625,-1.625,4.6334276
2001-11-07,29.625,-1.625,1.2895819
2001-11-08,29.625,-1.625,0.5904138
2001-11-09,29.625,-1.625,2.6960218
2001-11-10,29.625,-1.625,1.5683866
2001-11-11,29.625,-1.625,11.176629
2001-11-12,29.625,-1.625,8.950958
2001-11-13,29.625,-1.625,37.54576
2001-11-14,29.625,-1.625,20.829134
2001-11-15,29.625,-1.625,12.963476
2001-11-16,29.625,-1.625,3.0506058
2001-11-17,29.625,-1.625,3.9045615
2001-11-18,29.625,-1.625,7.3868217
2001-11-19,29.625,-1.625,4.2590837
2001-11-20,29.625,-1.625,14.040117
2001-11-21,29.625,-1.625,2.9973996
2001-11-22,29.625,-1.625,0.8338025
2001-11-23,29.625,-1.625,1.6599861
2001-11-24,29.625,-1.625,0.9611842
2001-11-25,29.625,-1.625,0.109198466
2001-11-26,29.625,-1.625,0.35800713
2001-11-27,29.625,-1.625,5.6644387
2001-11-28,29.625,-1.625,2.9862142
2001-11-29,29.625,-1.625,6.0161366
2001-11-30,29.625,-1.625,1.911588
2001-12-01,29.625,-1.625,4.9428573
2001-12-02,29.625,-1.625,3.1579988
2001-12-03,29.625,-1.625,1.0740203
2001-12-04,29.625,-1.625,11.211035
2001-12-05,29.625,-1.625,6.3768096
2001-12-06,29.625,-1.625,2.5577824
2001-12-07,29.625,-1.625,9.081759
2001-12-08,29.625,-1.625,0.20320207
2001-12-09,29.625,-1.625,1.5857838
2001-12-10,29.625,-1.625,0.08400141
2001-12-11,29.625,-1.625,0.30199715
2001-12-12,29.625,-1.625,1.0626048
2001-12-13,29.625,-1.625,5.598436
2001-12-14,29.625,-1.625,0.38180327
2001-12-15,29.625,-1.625,0.025600713
2001-12-16,29.625,-1.625,0.0023998793
2001-12-17,29.625,-1.625,0.08560316
2001-12-18,29.625,-1.625,0.009799909
2001-12-19,29.625,-1.625,1.6575965
2001-12-20,29.625,-1.625,1.1109881
2001-12-21,29.625,-1.625,5.275166
2001-12-22,29.625,-1.625,0.07760241
2001-12-23,29.625,-1.625,2.1991904
2001-12-24,29.625,-1.625,0.42219722
2001-12-25,29.625,-1.625,2.1019692
2001-12-26,29.625,-1.625,5.926013
2001-12-27,29.625,-1.625,13.584448
2001-12-28,29.625,-1.625,5.352564
2001-12-29,29.625,-1.625,4.4269996
2001-12-30,29.625,-1.625,0.12360287
2001-12-31,29.625,-1.625,13.441189
2002-01-01,29.625,-1.625,1.9596282
2002-01-02,29.625,-1.625,4.326967
2002-01-03,29.625,-1.625,20.598461
2002-01-04,29.625,-1.625,11.137925
2002-01-05,29.625,-1.625,12.640152
2002-01-06,29.625,-1.625,1.2360281
2002-01-07,29.625,-1.625,3.3355691
2002-01-08,29.625,-1.625,0.43958634
2002-01-09,29.625,-1.625,1.08684
2002-01-10,29.625,-1.625,0.21699674
2002-01-11,29.625,-1.625,13.067766
2002-01-12,29.625,-1.625,24.357418
2002-01-13,29.625,-1.625,2.8599844
2002-01-14,29.625,-1.625,1.8713541
2002-01-15,29.625,-1.625,4.9931884
2002-01-16,29.625,-1.625,8.589742
2002-01-17,29.625,-1.625,0.81218356
2002-01-18,29.625,-1.625,1.725791
2002-01-19,29.625,-1.625,0.7031965
2002-01-20,29.625,-1.625,3.0461597
2002-01-21,29.625,-1.625,0.4697899
2002-01-22,29.625,-1.625,12.138842
2002-01-23,29.625,-1.625,4.8789783
2002-01-24,29.625,-1.625,2.5179746
2002-01-25,29.625,-1.625,2.8023937
2002-01-26,29.625,-1.625,14.460182
2002-01-27,29.625,-1.625,3.9058924
2002-01-28,29.625,-1.625,0.1985949
2002-01-29,29.625,-1.625,2.4185598
2002-01-30,29.625,-1.625,0.10479595
2002-01-31,29.625,-1.625,0.044201504
2002-02-01,29.625,-1.625,0.0
2002-02-02,29.625,-1.625,0.0
2002-02-03,29.625,-1.625,0.41978842
2002-02-04,29.625,-1.625,0.012799937
2002-02-05,29.625,-1.625,0.0
2002-02-06,29.625,-1.625,0.055199545
2002-02-07,29.625,-1.625,1.2214091
2002-02-08,29.625,-1.625,0.69661444
2002-02-09,29.625,-1.625,0.8660226
2002-02-10,29.625,-1.625,0.29260433
2002-02-11,29.625,-1.625,3.0897942
2002-02-12,29.625,-1.625,9.950987
2002-02-13,29.625,-1.625,4.6059127
2002-02-14,29.625,-1.625,10.899511
2002-02-15,29.625,-1.625,3.010395
2002-02-16,29.625,-1.625,23.394344
2002-02-17,29.625,-1.625,15.022834
2002-02-18,29.625,-1.625,0.16160353
2002-02-19,29.625,-1.625,1.8467828
2002-02-20,29.625,-1.625,0.8265807
2002-02-21,29.625,-1.625,0.003999952
2002-02-22,29.625,-1.625,0.8602108
2002-02-23,29.625,-1.625,1.0811956
2002-02-24,29.625,-1.625,0.65899885
2002-02-25,29.625,-1.625,0.0
2002-02-26,29.625,-1.625,0.037999824
2002-02-27,29.625,-1.625,4.087839
2002-02-28,29.625,-1.625,11.994948
2002-03-01,29.625,-1.625,0.4286034
2002-03-02,29.625,-1.625,1.467608
2002-03-03,29.625,-1.625,7.3750505
2002-03-04,29.625,-1.625,8.051422
2002-03-05,29.625,-1.625,2.6981657
2002-03-06,29.625,-1.625,18.012878
2002-03-07,29.625,-1.625,6.9197626
2002-03-08,29.625,-1.625,0.49439886
2002-03-09,29.625,-1.625,0.3845972
2002-03-10,29.625,-1.625,3.7528143
2002-03-11,29.625,-1.625,1.8997812
2002-03-12,29.625,-1.625,2.5715632
2002-03-13,29.625,-1.625,1.663013
2002-03-14,29.625,-1.625,4.386238
2002-03-15,29.625,-1.625,1.456188
2002-03-16,29.625,-1.625,11.541262
2002-03-17,29.625,-1.625,1.2276044
2002-03-18,29.625,-1.625,1.4644002
2002-03-19,29.625,-1.625,7.095445
2002-03-20,29.625,-1.625,11.261639
2002-03-21,29.625,-1.625,2.8284516
2002-03-22,29.625,-1.625,2.8866062
2002-03-23,29.625,-1.625,7.593707
2002-03-24,29.625,-1.625,9.440752
2002-03-25,29.625,-1.625,7.679165
2002-03-26,29.625,-1.625,7.7625556
2002-03-27,29.625,-1.625,0.08040142
2002-03-28,29.625,-1.625,0.1304012
2002-03-29,29.625,-1.625,0.83498675
2002-03-30,29.625,-1.625,0.54839945
2002-03-31,29.625,-1.625,0.119999744
2002-04-01,29.625,-1.625,7.481516
2002-04-02,29.625,-1.625,0.81401527
2002-04-03,29.625,-1.625,0.21639028
2002-04-04,29.625,-1.625,2.8882666
2002-04-05,29.625,-1.625,15.249413
2002-04-06,29.625,-1.625,2.8086267
2002-04-07,29.625,-1.625,0.2388087
2002-04-08,29.625,-1.625,1.4004186
2002-04-09,29.625,-1.625,1.6771574
2002-04-10,29.625,-1.625,1.3026103
2002-04-11,29.625,-1.625,3.2108057
2002-04-12,29.625,-1.625,2.9229934
2002-04-13,29.625,-1.625,3.9270005
2002-04-14,29.625,-1.625,3.0452433
2002-04-15,29.625,-1.625,6.5027337
2002-04-16,29.625,-1.625,1.0302052
2002-04-17,29.625,-1.625,2.642963
2002-04-18,29.625,-1.625,25.96032
2002-04-19,29.625,-1.625,5.731829
2002-04-20,29.625,-1.625,1.1604348
2002-04-21,29.625,-1.625,2.7960067
2002-04-22,29.625,-1.625,3.1479979
2002-04-23,29.625,-1.625,4.6146
2002-04-24,29.625,-1.625,0.46839273
2002-04-25,29.625,-1.625,0.90941644
2002-04-26,29.625,-1.625,3.4957802
2002-04-27,29.625,-1.625,7.3281617
2002-04-28,29.625,-1.625,5.1018124
2002-04-29,29.625,-1.625,12.753713
2002-04-30,29.625,-1.625,9.749016
2002-05-01,29.625,-1.625,7.0738096
2002-05-02,29.625,-1.625,4.3563485
2002-05-03,29.625,-1.625,49.916874
2002-05-04,29.625,-1.625,19.893185
2002-05-05,29.625,-1.625,2.033022
2002-05-06,29.625,-1.625,5.3332725
2002-05-07,29.625,-1.625,19.7263
2002-05-08,29.625,-1.625,32.36221
2002-05-09,29.625,-1.625,2.801864
2002-05-10,29.625,-1.625,2.1242118
2002-05-11,29.625,-1.625,5.9208584
2002-05-12,29.625,-1.625,1.0255994
2002-05-13,29.625,-1.625,1.2973883
2002-05-14,29.625,-1.625,4.4504037
2002-05-15,29.625,-1.625,0.28800762
2002-05-16,29.625,-1.625,1.3700223
2002-05-17,29.625,-1.625,0.25018987
2002-05-18,29.625,-1.625,0.0015999195
2002-05-19,29.625,-1.625,0.24520406
2002-05-20,29.625,-1.625,0.49400002
2002-05-21,29.625,-1.625,0.003999937
2002-05-22,29.625,-1.625,0.14480534
2002-05-23,29.625,-1.625,0.052401565
2002-05-24,29.625,-1.625,0.106803946
2002-05-25,29.625,-1.625,0.21039915
2002-05-26,29.625,-1.625,0.18240312
2002-05-27,29.625,-1.625,0.1541977
2002-05-28,29.625,-1.625,9.937413
2002-05-29,29.625,-1.625,0.6792095
2002-05-30,29.625,-1.625,0.056799304
2002-05-31,29.625,-1.625,0.0
2002-06-01,29.625,-1.625,0.0
2002-06-02,29.625,-1.625,0.0
2002-06-03,29.625,-1.625,0.0023999717
2002-06-04,29.625,-1.625,0.0
2002-06-05,29.625,-1.625,0.0
2002-06-06,29.625,-1.625,0.0
2002-06-07,29.625,-1.625,0.0
2002-06-08,29.625,-1.625,0.0
2002-06-09,29.625,-1.625,0.0
2002-06-10,29.625,-1.625,0.0046000476
2002-06-11,29.625,-1.625,0.0
2002-06-12,29.625,-1.625,0.052401938
2002-06-13,29.625,-1.625,0.0
2002-06-14,29.625,-1.625,0.003200118
2002-06-15,29.625,-1.625,0.0
2002-06-16,29.625,-1.625,0.2892074
2002-06-17,29.625,-1.625,0.3284032
2002-06-18,29.625,-1.625,0.0
2002-06-19,29.625,-1.625,0.0005999698
2002-06-20,29.625,-1.625,0.0
2002-06-21,29.625,-1.625,0.006000221
2002-06-22,29.625,-1.625,0.0
2002-06-23,29.625,-1.625,0.0
2002-06-24,29.625,-1.625,0.0
2002-06-25,29.625,-1.625,0.0
2002-06-26,29.625,-1.625,0.00999959
2002-06-27,29.625,-1.625,0.0
2002-06-28,29.625,-1.625,0.0048000603
2002-06-29,29.625,-1.625,0.0
2002-06-30,29.625,-1.625,0.0
2002-07-01,29.625,-1.625,0.07099738
2002-07-02,29.625,-1.625,0.36658555
2002-07-03,29.625,-1.625,0.011600428
2002-07-04,29.625,-1.625,0.0
2002-07-05,29.625,-1.625,0.0
2002-07-06,29.625,-1.625,0.08640143
2002-07-07,29.625,-1.625,0.0
2002-07-08,29.625,-1.625,0.0
2002-07-09,29.625,-1.625,0.008000296
2002-07-10,29.625,-1.625,0.0
2002-07-11,29.625,-1.625,0.0
2002-07-12,29.625,-1.625,0.003200118
2002-07-13,29.625,-1.625,0.0
2002-07-14,29.625,-1.625,0.19840646
2002-07-15,29.625,-1.625,0.0007999905
2002-07-16,29.625,-1.625,0.02240067
2002-07-17,29.625,-1.625,3.2970216
2002-07-18,29.625,-1.625,0.6516089
2002-07-19,29.625,-1.625,2.76739
2002-07-20,29.625,-1.625,0.34359604
2002-07-21,29.625,-1.625,0.0
2002-07-22,29.625,-1.625,1.7952305
2002-07-23,29.625,-1.625,0.0
2002-07-24,29.625,-1.625,0.0
2002-07-25,29.625,-1.625,0.0
2002-07-26,29.625,-1.625,0.0
2002-07-27,29.625,-1.625,0.021600027
2002-07-28,29.625,-1.625,0.021600798
2002-07-29,29.625,-1.625,0.0
2002-07-30,29.625,-1.625,0.0
2002-07-31,29.625,-1.625,0.0081998315
2002-08-01,29.625,-1.625,0.10800128
2002-08-02,29.625,-1.625,0.0
2002-08-03,29.625,-1.625,0.01879965
2002-08-04,29.625,-1.625,0.023199756
2002-08-05,29.625,-1.625,0.0015999195
2002-08-06,29.625,-1.625,0.0
2002-08-07,29.625,-1.625,0.2896004
2002-08-08,29.625,-1.625,0.0
2002-08-09,29.625,-1.625,0.0027998593
2002-08-10,29.625,-1.625,0.0
2002-08-11,29.625,-1.625,0.1000037
2002-08-12,29.625,-1.625,0.0
2002-08-13,29.625,-1.625,0.0
2002-08-14,29.625,-1.625,0.0
2002-08-15,29.625,-1.625,0.064002365
2002-08-16,29.625,-1.625,0.0
2002-08-17,29.625,-1.625,1.494801
2002-08-18,29.625,-1.625,0.0
2002-08-19,29.625,-1.625,0.0
2002-08-20,29.625,-1.625,0.0
2002-08-21,29.625,-1.625,0.0008000295
2002-08-22,29.625,-1.625,0.0
2002-08-23,29.625,-1.625,1.9700342
2002-08-24,29.625,-1.625,0.6718037
2002-08-25,29.625,-1.625,1.4750255
2002-08-26,29.625,-1.625,3.64927
2002-08-27,29.625,-1.625,1.0253923
2002-08-28,29.625,-1.625,4.26607
2002-08-29,29.625,-1.625,3.7374697
2002-08-30,29.625,-1.625,2.3700304
2002-08-31,29.625,-1.625,4.8540506
2002-09-01,29.625,-1.625,1.4672232
2002-09-02,29.625,-1.625,0.21960297
2002-09-03,29.625,-1.625,0.11279433
2002-09-04,29.625,-1.625,8.7027
2002-09-05,29.625,-1.625,1.7636614
2002-09-06,29.625,-1.625,1.0588077
2002-09-07,29.625,-1.625,1.2418083
2002-09-08,29.625,-1.625,0.09959684
2002-09-09,29.625,-1.625,2.399402
2002-09-10,29.625,-1.625,1.2428318
2002-09-11,29.625,-1.625,7.9755893
2002-09-12,29.625,-1.625,0.018800694
2002-09-13,29.625,-1.625,1.3190162
2002-09-14,29.625,-1.625,1.59601
2002-09-15,29.625,-1.625,1.9886105
2002-09-16,29.625,-1.625,0.029999118
2002-09-17,29.625,-1.625,0.013200487
2002-09-18,29.625,-1.625,0.0
2002-09-19,29.625,-1.625,0.008999579
2002-09-20,29.625,-1.625,1.8091842
2002-09-21,29.625,-1.625,0.6630146
2002-09-22,29.625,-1.625,1.0028034
2002-09-23,29.625,-1.625,1.2138008
2002-09-24,29.625,-1.625,5.018983
2002-09-25,29.625,-1.625,2.1362367
2002-09-26,29.625,-1.625,1.0345916
2002-09-27,29.625,-1.625,0.0575971
2002-09-28,29.625,-1.625,0.2237992
2002-09-29,29.625,-1.625,1.3687959
2002-09-30,29.625,-1.625,5.8296466
2002-10-01,29.625,-1.625,4.4428473
2002-10-02,29.625,-1.625,4.773454
2002-10-03,29.625,-1.625,2.496621
2002-10-04,29.625,-1.625,0.87921697
2002-10-05,29.625,-1.625,2.7594695
2002-10-06,29.625,-1.625,6.5230627
2002-10-07,29.625,-1.625,0.05319851
2002-10-08,29.625,-1.625,2.532453
2002-10-09,29.625,-1.625,1.819202
2002-10-10,29.625,-1.625,4.4629016
2002-10-11,29.625,-1.625,0.18639831
2002-10-12,29.625,-1.625,0.0
2002-10-13,29.625,-1.625,3.1382725
2002-10-14,29.625,-1.625,3.0759952
2002-10-15,29.625,-1.625,5.1359744
2002-10-16,29.625,-1.625,7.2103777
2002-10-17,29.625,-1.625,7.2787414
2002-10-18,29.625,-1.625,0.96520954
2002-10-19,29.625,-1.625,5.647503
2002-10-20,29.625,-1.625,21.924482
2002-10-21,29.625,-1.625,2.2048159
2002-10-22,29.625,-1.625,2.3606253
2002-10-23,29.625,-1.625,6.655106
2002-10-24,29.625,-1.625,7.4667807
2002-10-25,29.625,-1.625,0.19079995
2002-10-26,29.625,-1.625,0.9213818
2002-10-27,29.625,-1.625,6.56963
2002-10-28,29.625,-1.625,13.663382
2002-10-29,29.625,-1.625,1.775385
2002-10-30,29.625,-1.625,4.7907777
2002-10-31,29.625,-1.625,0.24140385
2002-11-01,29.625,-1.625,2.6023793
2002-11-02,29.625,-1.625,9.389511
2002-11-03,29.625,-1.625,5.205135
2002-11-04,29.625,-1.625,3.7276227
2002-11-05,29.625,-1.625,1.9545673
2002-11-06,29.625,-1.625,4.6379747
2002-11-07,29.625,-1.625,8.648645
2002-11-08,29.625,-1.625,0.7817892
2002-11-09,29.625,-1.625,0.45599818
2002-11-10,29.625,-1.625,2.0950038
2002-11-11,29.625,-1.625,1.9745948
2002-11-12,29.625,-1.625,0.47579193
2002-11-13,29.625,-1.625,4.782401
2002-11-14,29.625,-1.625,7.7648926
2002-11-15,29.625,-1.625,20.517904
2002-11-16,29.625,-1.625,0.18859792
2002-11-17,29.625,-1.625,3.2904286
2002-11-18,29.625,-1.625,0.45979196
2002-11-19,29.625,-1.625,9.649873
2002-11-20,29.625,-1.625,2.071178
2002-11-21,29.625,-1.625,2.9514203
2002-11-22,29.625,-1.625,2.0952048
2002-11-23,29.625,-1.625,4.6060038
2002-11-24,29.625,-1.625,2.295192
2002-11-25,29.625,-1.625,4.1188545
2002-11-26,29.625,-1.625,8.8153105
2002-11-27,29.625,-1.625,0.09040164
2002-11-28,29.625,-1.625,0.41617912
2002-11-29,29.625,-1.625,2.5704095
2002-11-30,29.625,-1.625,1.144413
2002-12-01,29.625,-1.625,0.42001447
2002-12-02,29.625,-1.625,1.5876433
2002-12-03,29.625,-1.625,15.831196
2002-12-04,29.625,-1.625,1.5479947
2002-12-05,29.625,-1.625,7.0120664
2002-12-06,29.625,-1.625,0.90100586
2002-12-07,29.625,-1.625,2.2326012
2002-12-08,29.625,-1.625,0.6792075
2002-12-09,29.625,-1.625,1.1317824
2002-12-10,29.625,-1.625,3.4529774
2002-12-11,29.625,-1.625,3.2774162
2002-12-12,29.625,-1.625,2.9769874
2002-12-13,29.625,-1.625,0.15880261
2002-12-14,29.625,-1.625,0.12480317
2002-12-15,29.625,-1.625,3.7335649
2002-12-16,29.625,-1.625,3.3278174
2002-12-17,29.625,-1.625,0.6723908
2002-12-18,29.625,-1.625,11.267365
2002-12-19,29.625,-1.625,3.3272104
2002-12-20,29.625,-1.625,0.2914042
2002-12-21,29.625,-1.625,24.10715
2002-12-22,29.625,-1.625,1.3792003
2002-12-23,29.625,-1.625,2.5221856
2002-12-24,29.625,-1.625,1.3623695
2002-12-25,29.625,-1.625,4.308839
2002-12-26,29.625,-1.625,1.45158
2002-12-27,29.625,-1.625,7.7883577
2002-12-28,29.625,-1.625,1.1684117
2002-12-29,29.625,-1.625,1.2633827
2002-12-30,29.625,-1.625,0.027198939
2002-12-31,29.625,-1.625,4.866593
2003-01-01,29.625,-1.625,1.5158167
2003-01-02,29.625,-1.625,0.074399486
2003-01-03,29.625,-1.625,10.663976
2003-01-04,29.625,-1.625,0.31060436
2003-01-05,29.625,-1.625,0.2230056
2003-01-06,29.625,-1.625,1.2577772
2003-01-07,29.625,-1.625,2.669397
2003-01-08,29.625,-1.625,1.8720635
2003-01-09,29.625,-1.625,0.10000196
2003-01-10,29.625,-1.625,0.052999686
2003-01-11,29.625,-1.625,1.0313776
2003-01-12,29.625,-1.625,0.0852002
2003-01-13,29.625,-1.625,0.21240647
2003-01-14,29.625,-1.625,0.0
2003-01-15,29.625,-1.625,0.004000148
2003-01-16,29.625,-1.625,0.3835951
2003-01-17,29.625,-1.625,0.0015999503
2003-01-18,29.625,-1.625,0.22100689
2003-01-19,29.625,-1.625,4.2285547
2003-01-20,29.625,-1.625,17.323868
2003-01-21,29.625,-1.625,10.893814
2003-01-22,29.625,-1.625,0.9854099
2003-01-23,29.625,-1.625,2.1511915
2003-01-24,29.625,-1.625,0.52320814
2003-01-25,29.625,-1.625,0.014800389
2003-01-26,29.625,-1.625,4.184496
2003-01-27,29.625,-1.625,0.15479903
2003-01-28,29.625,-1.625,11.54633
2003-01-29,29.625,-1.625,8.381354
2003-01-30,29.625,-1.625,0.22499967
2003-01-31,29.625,-1.625,0.0056002066
2003-02-01,29.625,-1.625,0.016000476
2003-02-02,29.625,-1.625,0.0072000707
2003-02-03,29.625,-1.625,0.0
2003-02-04,29.625,-1.625,0.0
2003-02-05,29.625,-1.625,0.024000539
2003-02-06,29.625,-1.625,4.259638
2003-02-07,29.625,-1.625,2.4995573
2003-02-08,29.625,-1.625,0.060397312
2003-02-09,29.625,-1.625,0.3419952
2003-02-10,29.625,-1.625,0.012800335
2003-02-11,29.625,-1.625,5.3528156
2003-02-12,29.625,-1.625,5.1200294
2003-02-13,29.625,-1.625,0.5787908
2003-02-14,29.625,-1.625,2.639155
2003-02-15,29.625,-1.625,5.061754
2003-02-16,29.625,-1.625,26.617344
2003-02-17,29.625,-1.625,1.9700168
2003-02-18,29.625,-1.625,14.994496
2003-02-19,29.625,-1.625,0.038001206
2003-02-20,29.625,-1.625,0.0023999717
2003-02-21,29.625,-1.625,1.5531987
2003-02-22,29.625,-1.625,0.24240167
2003-02-23,29.625,-1.625,0.0
2003-02-24,29.625,-1.625,0.21160778
2003-02-25,29.625,-1.625,1.4659827
2003-02-26,29.625,-1.625,1.971347
2003-02-27,29.625,-1.625,0.7168125
2003-02-28,29.625,-1.625,1.6482401
2003-03-01,29.625,-1.625,6.589898
2003-03-02,29.625,-1.625,6.5584555
2003-03-03,29.625,-1.625,2.289232
2003-03-04,29.625,-1.625,0.029199226
2003-03-05,29.625,-1.625,0.013600171
2003-03-06,29.625,-1.625,0.3289895
2003-03-07,29.625,-1.625,0.90578586
2003-03-08,29.625,-1.625,2.0176244
2003-03-09,29.625,-1.625,5.0884404
2003-03-10,29.625,-1.625,0.006799658
2003-03-11,29.625,-1.625,0.038999233
2003-03-12,29.625,-1.625,1.3941656
2003-03-13,29.625,-1.625,5.488016
2003-03-14,29.625,-1.625,0.20919754
2003-03-15,29.625,-1.625,6.0183454
2003-03-16,29.625,-1.625,2.4761827
2003-03-17,29.625,-1.625,0.81460047
2003-03-18,29.625,-1.625,14.244149
2003-03-19,29.625,-1.625,1.4634124
2003-03-20,29.625,-1.625,0.0076002805
2003-03-21,29.625,-1.625,3.3007805
2003-03-22,29.625,-1.625,2.9625974
2003-03-23,29.625,-1.625,2.6605387
2003-03-24,29.625,-1.625,19.635538
2003-03-25,29.625,-1.625,3.0341575
2003-03-26,29.625,-1.625,1.5659783
2003-03-27,29.625,-1.625,2.1271796
2003-03-28,29.625,-1.625,5.728777
2003-03-29,29.625,-1.625,0.19659966
2003-03-30,29.625,-1.625,4.381042
2003-03-31,29.625,-1.625,11.702937
2003-04-01,29.625,-1.625,2.7743545
2003-04-02,29.625,-1.625,1.2794327
2003-04-03,29.625,-1.625,2.2549946
2003-04-04,29.625,-1.625,2.2249823
2003-04-05,29.625,-1.625,0.2158067
2003-04-06,29.625,-1.625,3.9547436
2003-04-07,29.625,-1.625,0.6476236
2003-04-08,29.625,-1.625,3.3893867
2003-04-09,29.625,-1.625,0.0067996928
2003-04-10,29.625,-1.625,0.27040592
2003-04-11,29.625,-1.625,0.019199522
2003-04-12,29.625,-1.625,0.0395995
2003-04-13,29.625,-1.625,1.3703612
2003-04-14,29.625,-1.625,4.746364
2003-04-15,29.625,-1.625,1.3780092
2003-04-16,29.625,-1.625,20.900595
2003-04-17,29.625,-1.625,8.34494
2003-04-18,29.625,-1.625,12.927916
2003-04-19,29.625,-1.625,6.1759176
2003-04-20,29.625,-1.625,9.350013
2003-04-21,29.625,-1.625,14.561289
2003-04-22,29.625,-1.625,8.794029
2003-04-23,29.625,-1.625,14.335224
2003-04-24,29.625,-1.625,4.47694
2003-04-25,29.625,-1.625,0.073602304
2003-04-26,29.625,-1.625,10.173684
2003-04-27,29.625,-1.625,15.922553
2003-04-28,29.625,-1.625,1.9371613
2003-04-29,29.625,-1.625,3.7300737
2003-04-30,29.625,-1.625,4.8654656
2003-05-01,29.625,-1.625,23.532112
2003-05-02,29.625,-1.625,2.6178508
2003-05-03,29.625,-1.625,13.384225
2003-05-04,29.625,-1.625,0.39000967
2003-05-05,29.625,-1.625,5.8448615
2003-05-06,29.625,-1.625,3.8310108
2003-05-07,29.625,-1.625,1.8200202
2003-05-08,29.625,-1.625,0.41660967
2003-05-09,29.625,-1.625,9.410798
2003-05-10,29.625,-1.625,4.539503
2003-05-11,29.625,-1.625,19.958862
2003-05-12,29.625,-1.625,4.5096607
2003-05-13,29.625,-1.625,8.230717
2003-05-14,29.625,-1.625,1.3862033
2003-05-15,29.625,-1.625,1.4280086
2003-05-16,29.625,-1.625,0.3528036
2003-05-17,29.625,-1.625,0.5790125
2003-05-18,29.625,-1.625,0.2724043
2003-05-19,29.625,-1.625,0.29779962
2003-05-20,29.625,-1.625,1.8014175
2003-05-21,29.625,-1.625,1.1260101
2003-05-22,29.625,-1.625,2.547208
2003-05-23,29.625,-1.625,6.6289606
2003-05-24,29.625,-1.625,0.022400787
2003-05-25,29.625,-1.625,1.0376111
2003-05-26,29.625,-1.625,1.4767661
2003-05-27,29.625,-1.625,0.94059503
2003-05-28,29.625,-1.625,0.74501157
2003-05-29,29.625,-1.625,0.0668
2003-05-30,29.625,-1.625,1.2215956
2003-05-31,29.625,-1.625,0.034800906
2003-06-01,29.625,-1.625,0.023200857
2003-06-02,29.625,-1.625,0.03520083
2003-06-03,29.625,-1.625,0.28300467
2003-06-04,29.625,-1.625,1.8803661
2003-06-05,29.625,-1.625,0.9465595
2003-06-06,29.625,-1.625,0.44339502
2003-06-07,29.625,-1.625,0.0
2003-06-08,29.625,-1.625,0.0
2003-06-09,29.625,-1.625,4.214251
2003-06-10,29.625,-1.625,7.6469326
2003-06-11,29.625,-1.625,0.7744144
2003-06-12,29.625,-1.625,0.20640545
2003-06-13,29.625,-1.625,0.0
2003-06-14,29.625,-1.625,0.02200011
2003-06-15,29.625,-1.625,0.94722056
2003-06-16,29.625,-1.625,0.04060092
2003-06-17,29.625,-1.625,0.03020063
2003-06-18,29.625,-1.625,0.42080733
2003-06-19,29.625,-1.625,0.09360346
2003-06-20,29.625,-1.625,0.009600041
2003-06-21,29.625,-1.625,0.0
2003-06-22,29.625,-1.625,0.0
2003-06-23,29.625,-1.625,0.0
2003-06-24,29.625,-1.625,1.0513955
2003-06-25,29.625,-1.625,0.9298081
2003-06-26,29.625,-1.625,0.7660272
2003-06-27,29.625,-1.625,0.27080894
2003-06-28,29.625,-1.625,6.240468
2003-06-29,29.625,-1.625,3.9632764
2003-06-30,29.625,-1.625,0.11840297
2003-07-01,29.625,-1.625,0.0024000886
2003-07-02,29.625,-1.625,0.0024000886
2003-07-03,29.625,-1.625,0.068200424
2003-07-04,29.625,-1.625,0.57500035
2003-07-05,29.625,-1.625,18.140219
2003-07-06,29.625,-1.625,0.87701917
2003-07-07,29.625,-1.625,0.0
2003-07-08,29.625,-1.625,0.0
2003-07-09,29.625,-1.625,0.0
2003-07-10,29.625,-1.625,0.0
2003-07-11,29.625,-1.625,0.10320382
2003-07-12,29.625,-1.625,0.0
2003-07-13,29.625,-1.625,0.0
2003-07-14,29.625,-1.625,0.0
2003-07-15,29.625,-1.625,0.0
2003-07-16,29.625,-1.625,0.0
2003-07-17,29.625,-1.625,0.0
2003-07-18,29.625,-1.625,0.0
2003-07-19,29.625,-1.625,0.0
2003-07-20,29.625,-1.625,0.0
2003-07-21,29.625,-1.625,0.028800674
2003-07-22,29.625,-1.625,0.0
2003-07-23,29.625,-1.625,0.0
2003-07-24,29.625,-1.625,0.0
2003-07-25,29.625,-1.625,0.007200266
2003-07-26,29.625,-1.625,0.0
2003-07-27,29.625,-1.625,0.0
2003-07-28,29.625,-1.625,0.11520427
2003-07-29,29.625,-1.625,0.0
2003-07-30,29.625,-1.625,0.0
2003-07-31,29.625,-1.625,1.499616
2003-08-01,29.625,-1.625,0.23680675
2003-08-02,29.625,-1.625,0.0
2003-08-03,29.625,-1.625,0.016000591
2003-08-04,29.625,-1.625,0.026400972
2003-08-05,29.625,-1.625,1.7182186
2003-08-06,29.625,-1.625,0.0076002795
2003-08-07,29.625,-1.625,0.0
2003-08-08,29.625,-1.625,0.0
2003-08-09,29.625,-1.625,0.0
2003-08-10,29.625,-1.625,0.08939997
2003-08-11,29.625,-1.625,0.0012000094
2003-08-12,29.625,-1.625,0.0
2003-08-13,29.625,-1.625,9.668182
2003-08-14,29.625,-1.625,6.825323
2003-08-15,29.625,-1.625,1.9980404
2003-08-16,29.625,-1.625,0.0028001033
2003-08-17,29.625,-1.625,0.32480496
2003-08-18,29.625,-1.625,0.0214006
2003-08-19,29.625,-1.625,0.2908089
2003-08-20,29.625,-1.625,5.5311704
2003-08-21,29.625,-1.625,0.8676211
2003-08-22,29.625,-1.625,3.2816398
2003-08-23,29.625,-1.625,0.0
2003-08-24,29.625,-1.625,0.23300005
2003-08-25,29.625,-1.625,0.2632041
2003-08-26,29.625,-1.625,0.69041026
2003-08-27,29.625,-1.625,8.747511
2003-08-28,29.625,-1.625,7.053146
2003-08-29,29.625,-1.625,0.022400346
2003-08-30,29.625,-1.625,0.1596059
2003-08-31,29.625,-1.625,2.2241814
2003-09-01,29.625,-1.625,0.6600211
2003-09-02,29.625,-1.625,2.139599
2003-09-03,29.625,-1.625,2.6243303
2003-09-04,29.625,-1.625,2.0507984
2003-09-05,29.625,-1.625,2.8499775
2003-09-06,29.625,-1.625,37.721115
2003-09-07,29.625,-1.625,1.0496049
2003-09-08,29.625,-1.625,3.3422453
2003-09-09,29.625,-1.625,3.5256338
2003-09-10,29.625,-1.625,13.656124
2003-09-11,29.625,-1.625,5.091418
2003-09-12,29.625,-1.625,4.717462
2003-09-13,29.625,-1.625,0.5512204
2003-09-14,29.625,-1.625,9.430033
2003-09-15,29.625,-1.625,16.210455
2003-09-16,29.625,-1.625,1.8900332
2003-09-17,29.625,-1.625,3.261031
2003-09-18,29.625,-1.625,0.009600237
2003-09-19,29.625,-1.625,2.9702268
2003-09-20,29.625,-1.625,0.6287991
2003-09-21,29.625,-1.625,1.3032113
2003-09-22,29.625,-1.625,4.2531695
2003-09-23,29.625,-1.625,0.41699925
2003-09-24,29.625,-1.625,6.6105013
2003-09-25,29.625,-1.625,0.21299183
2003-09-26,29.625,-1.625,1.5030429
2003-09-27,29.625,-1.625,0.5457965
2003-09-28,29.625,-1.625,6.3618855
2003-09-29,29.625,-1.625,3.2768133
2003-09-30,29.625,-1.625,2.7596076
2003-10-01,29.625,-1.625,1.9057682
2003-10-02,29.625,-1.625,9.644252
2003-10-03,29.625,-1.625,24.875763
2003-10-04,29.625,-1.625,7.524888
2003-10-05,29.625,-1.625,0.78820646
2003-10-06,29.625,-1.625,15.085366
2003-10-07,29.625,-1.625,2.9155645
2003-10-08,29.625,-1.625,6.473134
2003-10-09,29.625,-1.625,0.0024000886
2003-10-10,29.625,-1.625,0.08739652
2003-10-11,29.625,-1.625,0.0
2003-10-12,29.625,-1.625,0.0027998746
2003-10-13,29.625,-1.625,0.4996137
2003-10-14,29.625,-1.625,11.521832
2003-10-15,29.625,-1.625,2.9350011
2003-10-16,29.625,-1.625,8.487593
2003-10-17,29.625,-1.625,8.570253
2003-10-18,29.625,-1.625,1.9124116
2003-10-19,29.625,-1.625,13.811181
2003-10-20,29.625,-1.625,0.21300344
2003-10-21,29.625,-1.625,0.26780486
2003-10-22,29.625,-1.625,0.06560069
2003-10-23,29.625,-1.625,3.145391
2003-10-24,29.625,-1.625,0.97859293
2003-10-25,29.625,-1.625,1.9662087
2003-10-26,29.625,-1.625,1.5621679
2003-10-27,29.625,-1.625,8.148785
2003-10-28,29.625,-1.625,4.0627627
2003-10-29,29.625,-1.625,11.016455
2003-10-30,29.625,-1.625,3.2946532
2003-10-31,29.625,-1.625,3.3490765
2003-11-01,29.625,-1.625,2.7879717
2003-11-02,29.625,-1.625,6.258619
2003-11-03,29.625,-1.625,11.9684105
2003-11-04,29.625,-1.625,3.698004
2003-11-05,29.625,-1.625,13.410581
2003-11-06,29.625,-1.625,6.3688583
2003-11-07,29.625,-1.625,0.024000887
2003-11-08,29.625,-1.625,0.60558003
2003-11-09,29.625,-1.625,0.6174078
2003-11-10,29.625,-1.625,0.65600634
2003-11-11,29.625,-1.625,0.38539287
2003-11-12,29.625,-1.625,0.05420109
2003-11-13,29.625,-1.625,1.6885855
2003-11-14,29.625,-1.625,5.8077183
2003-11-15,29.625,-1.625,0.47061113
2003-11-16,29.625,-1.625,1.6655873
2003-11-17,29.625,-1.625,0.04760176
2003-11-18,29.625,-1.625,0.7544016
2003-11-19,29.625,-1.625,0.83620673
2003-11-20,29.625,-1.625,0.6110074
2003-11-21,29.625,-1.625,3.802426
2003-11-22,29.625,-1.625,1.6064273
2003-11-23,29.625,-1.625,10.614912
2003-11-24,29.625,-1.625,4.151641
2003-11-25,29.625,-1.625,1.6366051
2003-11-26,29.625,-1.625,2.001572
2003-11-27,29.625,-1.625,1.8447957
2003-11-28,29.625,-1.625,10.201426
2003-11-29,29.625,-1.625,0.3480072
2003-11-30,29.625,-1.625,1.098786
2003-12-01,29.625,-1.625,1.4271888
2003-12-02,29.625,-1.625,6.914282
2003-12-03,29.625,-1.625,3.908588
2003-12-04,29.625,-1.625,1.6433938
2003-12-05,29.625,-1.625,0.12160173
2003-12-06,29.625,-1.625,5.7698317
2003-12-07,29.625,-1.625,0.23560295
2003-12-08,29.625,-1.625,4.452004
2003-12-09,29.625,-1.625,11.564475
2003-12-10,29.625,-1.625,13.697542
2003-12-11,29.625,-1.625,3.595796
2003-12-12,29.625,-1.625,1.1707563
2003-12-13,29.625,-1.625,2.764169
2003-12-14,29.625,-1.625,0.24000496
2003-12-15,29.625,-1.625,0.27960834
2003-12-16,29.625,-1.625,0.0
2003-12-17,29.625,-1.625,0.026000846
2003-12-18,29.625,-1.625,0.005600168
2003-12-19,29.625,-1.625,6.6614122
2003-12-20,29.625,-1.625,1.54919
2003-12-21,29.625,-1.625,0.07720141
2003-12-22,29.625,-1.625,2.1808372
2003-12-23,29.625,-1.625,0.19880402
2003-12-24,29.625,-1.625,1.1959903
2003-12-25,29.625,-1.625,0.008000061
2003-12-26,29.625,-1.625,0.06680247
2003-12-27,29.625,-1.625,0.006400236
2003-12-28,29.625,-1.625,0.040400103
2003-12-29,29.625,-1.625,1.4902205
2003-12-30,29.625,-1.625,0.0
2003-12-31,29.625,-1.625,0.12960428
2004-01-01,29.625,-1.625,1.8077992
2004-01-02,29.625,-1.625,8.664655
2004-01-03,29.625,-1.625,2.009796
2004-01-04,29.625,-1.625,2.7936103
2004-01-05,29.625,-1.625,11.122442
2004-01-06,29.625,-1.625,0.002000074
2004-01-07,29.625,-1.625,0.6186007
2004-01-08,29.625,-1.625,0.7516079
2004-01-09,29.625,-1.625,0.12800418
2004-01-10,29.625,-1.625,0.9468236
2004-01-11,29.625,-1.625,1.2441809
2004-01-12,29.625,-1.625,4.0756083
2004-01-13,29.625,-1.625,3.213158
2004-01-14,29.625,-1.625,4.0415554
2004-01-15,29.625,-1.625,0.33919019
2004-01-16,29.625,-1.625,11.403415
2004-01-17,29.625,-1.625,1.341161
2004-01-18,29.625,-1.625,10.719809
2004-01-19,29.625,-1.625,6.454249
2004-01-20,29.625,-1.625,0.23399937
2004-01-21,29.625,-1.625,2.6787152
2004-01-22,29.625,-1.625,0.23659514
2004-01-23,29.625,-1.625,0.40180898
2004-01-24,29.625,-1.625,2.4408255
2004-01-25,29.625,-1.625,11.904614
2004-01-26,29.625,-1.625,1.9953998
2004-01-27,29.625,-1.625,0.0
2004-01-28,29.625,-1.625,0.34420556
2004-01-29,29.625,-1.625,0.06899955
2004-01-30,29.625,-1.625,0.6212069
2004-01-31,29.625,-1.625,12.069305
2004-02-01,29.625,-1.625,0.9001953
2004-02-02,29.625,-1.625,0.2653995
2004-02-03,29.625,-1.625,7.0175805
2004-02-04,29.625,-1.625,1.6649792
2004-02-05,29.625,-1.625,0.5264177
2004-02-06,29.625,-1.625,0.0
2004-02-07,29.625,-1.625,0.0
2004-02-08,29.625,-1.625,0.12940235
2004-02-09,29.625,-1.625,0.023399346
2004-02-10,29.625,-1.625,0.3553968
2004-02-11,29.625,-1.625,0.12359996
2004-02-12,29.625,-1.625,0.0
2004-02-13,29.625,-1.625,0.0
2004-02-14,29.625,-1.625,0.83940053
2004-02-15,29.625,-1.625,0.13159916
2004-02-16,29.625,-1.625,9.298285
2004-02-17,29.625,-1.625,0.050799783
2004-02-18,29.625,-1.625,2.0455928
2004-02-19,29.625,-1.625,2.4369817
2004-02-20,29.625,-1.625,1.0681834
2004-02-21,29.625,-1.625,1.9874108
2004-02-22,29.625,-1.625,5.5267744
2004-02-23,29.625,-1.625,2.0184152
2004-02-24,29.625,-1.625,8.216486
2004-02-25,29.625,-1.625,3.8767483
2004-02-26,29.625,-1.625,11.049677
2004-02-27,29.625,-1.625,8.381951
2004-02-28,29.625,-1.625,4.2421374
2004-02-29,29.625,-1.625,18.642422
2004-03-01,29.625,-1.625,0.3059977
2004-03-02,29.625,-1.625,2.2852323
2004-03-03,29.625,-1.625,0.0012000443
2004-03-04,29.625,-1.625,0.47739384
2004-03-05,29.625,-1.625,1.7939811
2004-03-06,29.625,-1.625,0.8022059
2004-03-07,29.625,-1.625,0.29619458
2004-03-08,29.625,-1.625,11.561868
2004-03-09,29.625,-1.625,0.90982544
2004-03-10,29.625,-1.625,1.106971
2004-03-11,29.625,-1.625,5.4972243
2004-03-12,29.625,-1.625,0.499013
2004-03-13,29.625,-1.625,17.521257
2004-03-14,29.625,-1.625,2.9715297
2004-03-15,29.625,-1.625,5.2177787
2004-03-16,29.625,-1.625,0.0
2004-03-17,29.625,-1.625,0.0008000295
2004-03-18,29.625,-1.625,10.152269
2004-03-19,29.625,-1.625,0.6286166
2004-03-20,29.625,-1.625,0.4541883
2004-03-21,29.625,-1.625,0.19519606
2004-03-22,29.625,-1.625,0.0
2004-03-23,29.625,-1.625,0.0
2004-03-24,29.625,-1.625,4.975201
2004-03-25,29.625,-1.625,5.6238112
2004-03-26,29.625,-1.625,7.0824223
2004-03-27,29.625,-1.625,3.339758
2004-03-28,29.625,-1.625,1.941583
2004-03-29,29.625,-1.625,2.110608
2004-03-30,29.625,-1.625,8.877218
2004-03-31,29.625,-1.625,9.343788
2004-04-01,29.625,-1.625,0.8957924
2004-04-02,29.625,-1.625,0.40881178
2004-04-03,29.625,-1.625,3.4387817
2004-04-04,29.625,-1.625,9.676006
2004-04-05,29.625,-1.625,27.902927
2004-04-06,29.625,-1.625,3.1408033
2004-04-07,29.625,-1.625,19.81743
2004-04-08,29.625,-1.625,0.6488037
2004-04-09,29.625,-1.625,2.4936047
2004-04-10,29.625,-1.625,2.4015603
2004-04-11,29.625,-1.625,2.5282385
2004-04-12,29.625,-1.625,1.7486035
2004-04-13,29.625,-1.625,8.424449
2004-04-14,29.625,-1.625,5.5233793
2004-04-15,29.625,-1.625,5.8448334
2004-04-16,29.625,-1.625,0.06240207
2004-04-17,29.625,-1.625,0.058600098
2004-04-18,29.625,-1.625,0.7954078
2004-04-19,29.625,-1.625,9.722673
2004-04-20,29.625,-1.625,5.191318
2004-04-21,29.625,-1.625,0.13219926
2004-04-22,29.625,-1.625,3.1819792
2004-04-23,29.625,-1.625,0.6403946
2004-04-24,29.625,-1.625,9.81291
2004-04-25,29.625,-1.625,1.7868181
2004-04-26,29.625,-1.625,2.7084026
2004-04-27,29.625,-1.625,0.42780784
2004-04-28,29.625,-1.625,10.669609
2004-04-29,29.625,-1.625,2.2873807
2004-04-30,29.625,-1.625,5.289318
2004-05-01,29.625,-1.625,3.9358506
2004-05-02,29.625,-1.625,14.42897
2004-05-03,29.625,-1.625,7.9830527
2004-05-04,29.625,-1.625,0.51440704
2004-05-05,29.625,-1.625,3.0312243
2004-05-06,29.625,-1.625,1.8797845
2004-05-07,29.625,-1.625,0.043198492
2004-05-08,29.625,-1.625,6.951409
2004-05-09,29.625,-1.625,0.31080738
2004-05-10,29.625,-1.625,0.81399304
2004-05-11,29.625,-1.625,0.42001027
2004-05-12,29.625,-1.625,7.2172747
2004-05-13,29.625,-1.625,17.160618
2004-05-14,29.625,-1.625,1.0646067
2004-05-15,29.625,-1.625,0.6564044
2004-05-16,29.625,-1.625,0.03560046
2004-05-17,29.625,-1.625,0.045201667
2004-05-18,29.625,-1.625,0.5124185
2004-05-19,29.625,-1.625,1.0903721
2004-05-20,29.625,-1.625,0.5136022
2004-05-21,29.625,-1.625,0.16880018
2004-05-22,29.625,-1.625,0.0
2004-05-23,29.625,-1.625,0.013600424
2004-05-24,29.625,-1.625,0.0
2004-05-25,29.625,-1.625,0.0
2004-05-26,29.625,-1.625,0.0
2004-05-27,29.625,-1.625,0.02600096
2004-05-28,29.625,-1.625,0.079201266
2004-05-29,29.625,-1.625,2.2390444
2004-05-30,29.625,-1.625,4.595176
2004-05-31,29.625,-1.625,0.066002086
2004-06-01,29.625,-1.625,0.019600373
2004-06-02,29.625,-1.625,0.31839412
2004-06-03,29.625,-1.625,0.0
2004-06-04,29.625,-1.625,0.0
2004-06-05,29.625,-1.625,0.06840223
2004-06-06,29.625,-1.625,0.0
2004-06-07,29.625,-1.625,0.03600133
2004-06-08,29.625,-1.625,0.0
2004-06-09,29.625,-1.625,0.0023999717
2004-06-10,29.625,-1.625,0.0012000443
2004-06-11,29.625,-1.625,0.018400678
2004-06-12,29.625,-1.625,0.0
2004-06-13,29.625,-1.625,0.0076002805
2004-06-14,29.625,-1.625,0.17080632
2004-06-15,29.625,-1.625,0.023200857
2004-06-16,29.625,-1.625,2.8339868
2004-06-17,29.625,-1.625,0.028801061
2004-06-18,29.625,-1.625,0.0
2004-06-19,29.625,-1.625,0.010400384
2004-06-20,29.625,-1.625,0.10139882
2004-06-21,29.625,-1.625,0.6144215
2004-06-22,29.625,-1.625,0.5028185
2004-06-23,29.625,-1.625,0.15800075
2004-06-24,29.625,-1.625,0.0
2004-06-25,29.625,-1.625,0.1380051
2004-06-26,29.625,-1.625,0.0052001923
2004-06-27,29.625,-1.625,0.03160052
2004-06-28,29.625,-1.625,0.003200118
2004-06-29,29.625,-1.625,0.0
2004-06-30,29.625,-1.625,0.0
2004-07-01,29.625,-1.625,0.0
2004-07-02,29.625,-1.625,0.013600502
2004-07-03,29.625,-1.625,0.0
2004-07-04,29.625,-1.625,0.0
2004-07-05,29.625,-1.625,0.0
2004-07-06,29.625,-1.625,0.004800177
2004-07-07,29.625,-1.625,0.0
2004-07-08,29.625,-1.625,0.020000739
2004-07-09,29.625,-1.625,0.04960183
2004-07-10,29.625,-1.625,0.0
2004-07-11,29.625,-1.625,0.0
2004-07-12,29.625,-1.625,0.0
2004-07-13,29.625,-1.625,0.44421077
2004-07-14,29.625,-1.625,0.4984184
2004-07-15,29.625,-1.625,0.0
2004-07-16,29.625,-1.625,0.0
2004-07-17,29.625,-1.625,0.023600182
2004-07-18,29.625,-1.625,0.1704063
2004-07-19,29.625,-1.625,0.014000146
2004-07-20,29.625,-1.625,0.0028001035
2004-07-21,29.625,-1.625,0.30679458
2004-07-22,29.625,-1.625,0.012800083
2004-07-23,29.625,-1.625,0.0
2004-07-24,29.625,-1.625,0.6280048
2004-07-25,29.625,-1.625,0.13139749
2004-07-26,29.625,-1.625,0.016199574
2004-07-27,29.625,-1.625,0.004399794
2004-07-28,29.625,-1.625,0.31100518
2004-07-29,29.625,-1.625,0.0
2004-07-30,29.625,-1.625,6.824173
2004-07-31,29.625,-1.625,3.4512577
2004-08-01,29.625,-1.625,2.2826085
2004-08-02,29.625,-1.625,0.08500242
2004-08-03,29.625,-1.625,0.0
2004-08-04,29.625,-1.625,0.016000591
2004-08-05,29.625,-1.625,0.0
2004-08-06,29.625,-1.625,0.0
2004-08-07,29.625,-1.625,0.13600501
2004-08-08,29.625,-1.625,0.04080129
2004-08-09,29.625,-1.625,0.36899942
2004-08-10,29.625,-1.625,7.941516
2004-08-11,29.625,-1.625,7.38767
2004-08-12,29.625,-1.625,2.3513749
2004-08-13,29.625,-1.625,2.5384188
2004-08-14,29.625,-1.625,0.0
2004-08-15,29.625,-1.625,0.10800378
2004-08-16,29.625,-1.625,0.3571906
2004-08-17,29.625,-1.625,2.600979
2004-08-18,29.625,-1.625,3.16702
2004-08-19,29.625,-1.625,0.011200414
2004-08-20,29.625,-1.625,0.030801136
2004-08-21,29.625,-1.625,0.0
2004-08-22,29.625,-1.625,0.05920211
2004-08-23,29.625,-1.625,0.041999336
2004-08-24,29.625,-1.625,0.015599972
2004-08-25,29.625,-1.625,2.3086026
2004-08-26,29.625,-1.625,0.49361455
2004-08-27,29.625,-1.625,2.3013794
2004-08-28,29.625,-1.625,3.1210098
2004-08-29,29.625,-1.625,0.0
2004-08-30,29.625,-1.625,0.010800399
2004-08-31,29.625,-1.625,0.0
2004-09-01,29.625,-1.625,0.22600347
2004-09-02,29.625,-1.625,3.2657738
2004-09-03,29.625,-1.625,4.276928
2004-09-04,29.625,-1.625,6.685624
2004-09-05,29.625,-1.625,7.1899123
2004-09-06,29.625,-1.625,3.2695794
2004-09-07,29.625,-1.625,20.449793
2004-09-08,29.625,-1.625,6.5335746
2004-09-09,29.625,-1.625,1.1694183
2004-09-10,29.625,-1.625,1.9728334
2004-09-11,29.625,-1.625,0.0
2004-09-12,29.625,-1.625,0.009600354
2004-09-13,29.625,-1.625,0.0044001625
2004-09-14,29.625,-1.625,0.013600042
2004-09-15,29.625,-1.625,3.6916738
2004-09-16,29.625,-1.625,5.225419
2004-09-17,29.625,-1.625,0.05640104
2004-09-18,29.625,-1.625,0.3100086
2004-09-19,29.625,-1.625,9.22505
2004-09-20,29.625,-1.625,6.56863
2004-09-21,29.625,-1.625,0.31840444
2004-09-22,29.625,-1.625,0.11520251
2004-09-23,29.625,-1.625,0.008800325
2004-09-24,29.625,-1.625,7.134204
2004-09-25,29.625,-1.625,16.82244
2004-09-26,29.625,-1.625,18.92105
2004-09-27,29.625,-1.625,2.0663855
2004-09-28,29.625,-1.625,16.67771
2004-09-29,29.625,-1.625,0.45321205
2004-09-30,29.625,-1.625,0.7292142
2004-10-01,29.625,-1.625,1.362751
2004-10-02,29.625,-1.625,14.277975
2004-10-03,29.625,-1.625,0.25000924
2004-10-04,29.625,-1.625,1.6872267
2004-10-05,29.625,-1.625,3.5862327
2004-10-06,29.625,-1.625,9.933105
2004-10-07,29.625,-1.625,0.0023998793
2004-10-08,29.625,-1.625,0.0
2004-10-09,29.625,-1.625,0.0
2004-10-10,29.625,-1.625,0.037198428
2004-10-11,29.625,-1.625,3.6010356
2004-10-12,29.625,-1.625,2.8530219
2004-10-13,29.625,-1.625,0.2971995
2004-10-14,29.625,-1.625,1.5263879
2004-10-15,29.625,-1.625,5.798541
2004-10-16,29.625,-1.625,0.7134005
2004-10-17,29.625,-1.625,0.03600063
2004-10-18,29.625,-1.625,0.2817873
2004-10-19,29.625,-1.625,0.20240746
2004-10-20,29.625,-1.625,0.09199736
2004-10-21,29.625,-1.625,0.7510031
2004-10-22,29.625,-1.625,5.7435827
2004-10-23,29.625,-1.625,0.3941901
2004-10-24,29.625,-1.625,1.0525854
2004-10-25,29.625,-1.625,2.812205
2004-10-26,29.625,-1.625,7.478816
2004-10-27,29.625,-1.625,9.147978
2004-10-28,29.625,-1.625,6.7296996
2004-10-29,29.625,-1.625,0.27560562
2004-10-30,29.625,-1.625,3.724928
2004-10-31,29.625,-1.625,0.1487927
2004-11-01,29.625,-1.625,2.385755
2004-11-02,29.625,-1.625,2.5491521
2004-11-03,29.625,-1.625,27.891653
2004-11-04,29.625,-1.625,2.3722444
2004-11-05,29.625,-1.625,0.82101876
2004-11-06,29.625,-1.625,18.305002
2004-11-07,29.625,-1.625,0.7481992
2004-11-08,29.625,-1.625,3.1912408
2004-11-09,29.625,-1.625,20.893776
2004-11-10,29.625,-1.625,6.2507415
2004-11-11,29.625,-1.625,17.793667
2004-11-12,29.625,-1.625,2.7899833
2004-11-13,29.625,-1.625,0.98400784
2004-11-14,29.625,-1.625,15.027991
2004-11-15,29.625,-1.625,2.4020138
2004-11-16,29.625,-1.625,1.0057944
2004-11-17,29.625,-1.625,4.59997
2004-11-18,29.625,-1.625,4.9615397
2004-11-19,29.625,-1.625,9.960034
2004-11-20,29.625,-1.625,4.140679
2004-11-21,29.625,-1.625,1.4891992
2004-11-22,29.625,-1.625,2.2139678
2004-11-23,29.625,-1.625,12.924984
2004-11-24,29.625,-1.625,13.851952
2004-11-25,29.625,-1.625,8.6452265
2004-11-26,29.625,-1.625,8.183724
2004-11-27,29.625,-1.625,7.6684093
2004-11-28,29.625,-1.625,0.64120185
2004-11-29,29.625,-1.625,3.5144525
2004-11-30,29.625,-1.625,0.236402
2004-12-01,29.625,-1.625,3.2638602
2004-12-02,29.625,-1.625,0.82278705
2004-12-03,29.625,-1.625,5.2769194
2004-12-04,29.625,-1.625,5.784445
2004-12-05,29.625,-1.625,3.9719782
2004-12-06,29.625,-1.625,0.9403863
2004-12-07,29.625,-1.625,0.6118076
2004-12-08,29.625,-1.625,0.9963964
2004-12-09,29.625,-1.625,0.93880653
2004-12-10,29.625,-1.625,1.1467988
2004-12-11,29.625,-1.625,3.4381506
2004-12-12,29.625,-1.625,7.1881895
2004-12-13,29.625,-1.625,8.549904
2004-12-14,29.625,-1.625,0.17620125
2004-12-15,29.625,-1.625,1.6112145
2004-12-16,29.625,-1.625,5.2600403
2004-12-17,29.625,-1.625,1.573844
2004-12-18,29.625,-1.625,2.4451983
2004-12-19,29.625,-1.625,0.37841335
2004-12-20,29.625,-1.625,9.6060295
2004-12-21,29.625,-1.625,3.8938408
2004-12-22,29.625,-1.625,0.7289965
2004-12-23,29.625,-1.625,13.773479
2004-12-24,29.625,-1.625,2.0544503
2004-12-25,29.625,-1.625,2.3596222
2004-12-26,29.625,-1.625,0.108003646
2004-12-27,29.625,-1.625,0.34800917
2004-12-28,29.625,-1.625,13.417619
2004-12-29,29.625,-1.625,4.109808
2004-12-30,29.625,-1.625,3.138529
2004-12-31,29.625,-1.625,6.7926564
2005-01-01,29.625,-1.625,0.7177906
2005-01-02,29.625,-1.625,0.101603754
2005-01-03,29.625,-1.625,0.046397667
2005-01-04,29.625,-1.625,18.371025
2005-01-05,29.625,-1.625,0.895798
2005-01-06,29.625,-1.625,0.07040236
2005-01-07,29.625,-1.625,3.80879
2005-01-08,29.625,-1.625,1.5257385
2005-01-09,29.625,-1.625,0.03320099
2005-01-10,29.625,-1.625,0.0012000443
2005-01-11,29.625,-1.625,0.20960268
2005-01-12,29.625,-1.625,8.107636
2005-01-13,29.625,-1.625,2.125555
2005-01-14,29.625,-1.625,0.10620186
2005-01-15,29.625,-1.625,0.9281888
2005-01-16,29.625,-1.625,0.36020997
2005-01-17,29.625,-1.625,12.503623
2005-01-18,29.625,-1.625,0.34000224
2005-01-19,29.625,-1.625,0.044799313
2005-01-20,29.625,-1.625,0.3898083
2005-01-21,29.625,-1.625,2.7068102
2005-01-22,29.625,-1.625,0.030400101
2005-01-23,29.625,-1.625,0.0072002653
2005-01-24,29.625,-1.625,2.6727536
2005-01-25,29.625,-1.625,0.052200556
2005-01-26,29.625,-1.625,7.3002543
2005-01-27,29.625,-1.625,1.5923495
2005-01-28,29.625,-1.625,13.762384
2005-01-29,29.625,-1.625,0.40459776
2005-01-30,29.625,-1.625,1.2279941
2005-01-31,29.625,-1.625,4.3328776
2005-02-01,29.625,-1.625,4.296714
2005-02-02,29.625,-1.625,12.112008
2005-02-03,29.625,-1.625,0.19759914
2005-02-04,29.625,-1.625,0.0056002066
2005-02-05,29.625,-1.625,4.979624
2005-02-06,29.625,-1.625,6.7803135
2005-02-07,29.625,-1.625,12.855495
2005-02-08,29.625,-1.625,4.3877497
2005-02-09,29.625,-1.625,2.4235606
2005-02-10,29.625,-1.625,0.0
2005-02-11,29.625,-1.625,0.0
2005-02-12,29.625,-1.625,1.631015
2005-02-13,29.625,-1.625,1.1848168
2005-02-14,29.625,-1.625,0.9554018
2005-02-15,29.625,-1.625,0.6610081
2005-02-16,29.625,-1.625,0.14720523
2005-02-17,29.625,-1.625,0.016400607
2005-02-18,29.625,-1.625,0.0047997585
2005-02-19,29.625,-1.625,0.0015999195
2005-02-20,29.625,-1.625,0.0
2005-02-21,29.625,-1.625,0.003199839
2005-02-22,29.625,-1.625,0.0
2005-02-23,29.625,-1.625,0.0
2005-02-24,29.625,-1.625,0.010800399
2005-02-25,29.625,-1.625,4.898053
2005-02-26,29.625,-1.625,22.09106
2005-02-27,29.625,-1.625,1.1437949
2005-02-28,29.625,-1.625,3.2972403
2005-03-01,29.625,-1.625,7.3688846
2005-03-02,29.625,-1.625,4.6720743
2005-03-03,29.625,-1.625,20.61479
2005-03-04,29.625,-1.625,0.13880235
2005-03-05,29.625,-1.625,5.0656433
2005-03-06,29.625,-1.625,1.9235977
2005-03-07,29.625,-1.625,7.624609
2005-03-08,29.625,-1.625,0.82360315
2005-03-09,29.625,-1.625,3.6605215
2005-03-10,29.625,-1.625,1.8908334
2005-03-11,29.625,-1.625,0.059202187
2005-03-12,29.625,-1.625,1.1293869
2005-03-13,29.625,-1.625,0.98337406
2005-03-14,29.625,-1.625,6.3975296
2005-03-15,29.625,-1.625,2.278005
2005-03-16,29.625,-1.625,3.7949824
2005-03-17,29.625,-1.625,1.2040085
2005-03-18,29.625,-1.625,6.796955
2005-03-19,29.625,-1.625,9.820241
2005-03-20,29.625,-1.625,6.8810062
2005-03-21,29.625,-1.625,11.64118
2005-03-22,29.625,-1.625,4.256995
2005-03-23,29.625,-1.625,8.246381
2005-03-24,29.625,-1.625,4.314139
2005-03-25,29.625,-1.625,19.69203
2005-03-26,29.625,-1.625,0.6830058
2005-03-27,29.625,-1.625,4.4867363
2005-03-28,29.625,-1.625,1.0208286
2005-03-29,29.625,-1.625,1.3111907
2005-03-30,29.625,-1.625,3.3203938
2005-03-31,29.625,-1.625,1.2569746
2005-04-01,29.625,-1.625,0.013799536
2005-04-02,29.625,-1.625,0.33079475
2005-04-03,29.625,-1.625,0.105603576
2005-04-04,29.625,-1.625,6.700625
2005-04-05,29.625,-1.625,5.1655626
2005-04-06,29.625,-1.625,6.14005
2005-04-07,29.625,-1.625,19.691034
2005-04-08,29.625,-1.625,19.043262
2005-04-09,29.625,-1.625,4.507813
2005-04-10,29.625,-1.625,0.4449988
2005-04-11,29.625,-1.625,17.6036
2005-04-12,29.625,-1.625,0.23059922
2005-04-13,29.625,-1.625,18.93015
2005-04-14,29.625,-1.625,5.7459574
2005-04-15,29.625,-1.625,0.08060032
2005-04-16,29.625,-1.625,1.379225
2005-04-17,29.625,-1.625,6.9797206
2005-04-18,29.625,-1.625,1.0108004
2005-04-19,29.625,-1.625,1.3651882
2005-04-20,29.625,-1.625,1.142805
2005-04-21,29.625,-1.625,0.30721128
2005-04-22,29.625,-1.625,0.7000108
2005-04-23,29.625,-1.625,3.3124135
2005-04-24,29.625,-1.625,3.4050055
2005-04-25,29.625,-1.625,0.3672055
2005-04-26,29.625,-1.625,2.1328042
2005-04-27,29.625,-1.625,1.6178442
2005-04-28,29.625,-1.625,21.76501
2005-04-29,29.625,-1.625,8.190069
2005-04-30,29.625,-1.625,2.9658122
2005-05-01,29.625,-1.625,16.347265
2005-05-02,29.625,-1.625,35.777794
2005-05-03,29.625,-1.625,2.311425
2005-05-04,29.625,-1.625,3.6426938
2005-05-05,29.625,-1.625,3.464934
2005-05-06,29.625,-1.625,11.5281
2005-05-07,29.625,-1.625,3.2457583
2005-05-08,29.625,-1.625,2.9020796
2005-05-09,29.625,-1.625,4.4729056
2005-05-10,29.625,-1.625,1.4527642
2005-05-11,29.625,-1.625,1.2250171
2005-05-12,29.625,-1.625,0.09959797
2005-05-13,29.625,-1.625,1.8880087
2005-05-14,29.625,-1.625,0.7560259
2005-05-15,29.625,-1.625,0.31641096
2005-05-16,29.625,-1.625,0.7659872
2005-05-17,29.625,-1.625,0.78159404
2005-05-18,29.625,-1.625,0.18759474
2005-05-19,29.625,-1.625,2.2107804
2005-05-20,29.625,-1.625,0.16040549
2005-05-21,29.625,-1.625,1.6726204
2005-05-22,29.625,-1.625,1.0748088
2005-05-23,29.625,-1.625,1.0314016
2005-05-24,29.625,-1.625,0.07000176
2005-05-25,29.625,-1.625,0.0620019
2005-05-26,29.625,-1.625,1.1564409
2005-05-27,29.625,-1.625,2.1259887
2005-05-28,29.625,-1.625,0.934198
2005-05-29,29.625,-1.625,0.9110106
2005-05-30,29.625,-1.625,2.8788373
2005-05-31,29.625,-1.625,1.198405
2005-06-01,29.625,-1.625,0.17960614
2005-06-02,29.625,-1.625,0.9152206
2005-06-03,29.625,-1.625,9.30368
2005-06-04,29.625,-1.625,0.23640168
2005-06-05,29.625,-1.625,0.052401934
2005-06-06,29.625,-1.625,0.6745857
2005-06-07,29.625,-1.625,0.67699933
2005-06-08,29.625,-1.625,0.0
2005-06-09,29.625,-1.625,1.0875899
2005-06-10,29.625,-1.625,3.2072148
2005-06-11,29.625,-1.625,0.003200118
2005-06-12,29.625,-1.625,0.088403255
2005-06-13,29.625,-1.625,0.036001332
2005-06-14,29.625,-1.625,0.004800177
2005-06-15,29.625,-1.625,0.032001182
2005-06-16,29.625,-1.625,0.009600354
2005-06-17,29.625,-1.625,0.0
2005-06-18,29.625,-1.625,0.07600281
2005-06-19,29.625,-1.625,0.15080556
2005-06-20,29.625,-1.625,1.5884058
2005-06-21,29.625,-1.625,0.07619831
2005-06-22,29.625,-1.625,0.8856002
2005-06-23,29.625,-1.625,0.5039932
2005-06-24,29.625,-1.625,0.0
2005-06-25,29.625,-1.625,0.06720148
2005-06-26,29.625,-1.625,0.011999882
2005-06-27,29.625,-1.625,0.0044001234
2005-06-28,29.625,-1.625,0.003200118
2005-06-29,29.625,-1.625,0.032000404
2005-06-30,29.625,-1.625,0.05560206
2005-07-01,29.625,-1.625,0.021600798
2005-07-02,29.625,-1.625,0.04560169
2005-07-03,29.625,-1.625,0.30841136
2005-07-04,29.625,-1.625,0.0
2005-07-05,29.625,-1.625,0.04520167
2005-07-06,29.625,-1.625,0.021600448
2005-07-07,29.625,-1.625,0.0
2005-07-08,29.625,-1.625,0.0
2005-07-09,29.625,-1.625,0.0100003695
2005-07-10,29.625,-1.625,0.01680062
2005-07-11,29.625,-1.625,0.026400976
2005-07-12,29.625,-1.625,0.10520388
2005-07-13,29.625,-1.625,0.0
2005-07-14,29.625,-1.625,0.0
2005-07-15,29.625,-1.625,0.0
2005-07-16,29.625,-1.625,0.02080065
2005-07-17,29.625,-1.625,0.99459845
2005-07-18,29.625,-1.625,0.115603566
2005-07-19,29.625,-1.625,0.0012000443
2005-07-20,29.625,-1.625,0.0
2005-07-21,29.625,-1.625,0.0
2005-07-22,29.625,-1.625,0.0
2005-07-23,29.625,-1.625,0.0
2005-07-24,29.625,-1.625,0.0
2005-07-25,29.625,-1.625,0.027400445
2005-07-26,29.625,-1.625,0.074002735
2005-07-27,29.625,-1.625,0.0688018
2005-07-28,29.625,-1.625,0.061797548
2005-07-29,29.625,-1.625,0.0
2005-07-30,29.625,-1.625,2.5858104
2005-07-31,29.625,-1.625,0.012000442
2005-08-01,29.625,-1.625,0.037201375
2005-08-02,29.625,-1.625,0.008400252
2005-08-03,29.625,-1.625,0.0028001035
2005-08-04,29.625,-1.625,0.0
2005-08-05,29.625,-1.625,0.0
2005-08-06,29.625,-1.625,0.005999852
2005-08-07,29.625,-1.625,1.1165888
2005-08-08,29.625,-1.625,0.050201435
2005-08-09,29.625,-1.625,0.0
2005-08-10,29.625,-1.625,0.5352067
2005-08-11,29.625,-1.625,0.16340493
2005-08-12,29.625,-1.625,4.611651
2005-08-13,29.625,-1.625,6.478262
2005-08-14,29.625,-1.625,2.2610447
2005-08-15,29.625,-1.625,15.954586
2005-08-16,29.625,-1.625,2.3404298
2005-08-17,29.625,-1.625,5.7748623
2005-08-18,29.625,-1.625,16.659245
2005-08-19,29.625,-1.625,4.4078355
2005-08-20,29.625,-1.625,5.437247
2005-08-21,29.625,-1.625,0.37561095
2005-08-22,29.625,-1.625,0.0060002217
2005-08-23,29.625,-1.625,0.0
2005-08-24,29.625,-1.625,0.0
2005-08-25,29.625,-1.625,0.007200266
2005-08-26,29.625,-1.625,1.3420298
2005-08-27,29.625,-1.625,1.6121924
2005-08-28,29.625,-1.625,0.72060376
2005-08-29,29.625,-1.625,0.05080007
2005-08-30,29.625,-1.625,0.0
2005-08-31,29.625,-1.625,0.0
2005-09-01,29.625,-1.625,0.55681866
2005-09-02,29.625,-1.625,0.6280152
2005-09-03,29.625,-1.625,0.83801156
2005-09-04,29.625,-1.625,2.5555794
2005-09-05,29.625,-1.625,8.169416
2005-09-06,29.625,-1.625,1.3264048
2005-09-07,29.625,-1.625,0.4848118
2005-09-08,29.625,-1.625,1.3671987
2005-09-09,29.625,-1.625,0.46320835
2005-09-10,29.625,-1.625,0.41921544
2005-09-11,29.625,-1.625,0.004000148
2005-09-12,29.625,-1.625,0.80341405
2005-09-13,29.625,-1.625,0.636207
2005-09-14,29.625,-1.625,0.054801088
2005-09-15,29.625,-1.625,1.3834163
2005-09-16,29.625,-1.625,13.567596
2005-09-17,29.625,-1.625,15.579089
2005-09-18,29.625,-1.625,7.469953
2005-09-19,29.625,-1.625,2.6932106
2005-09-20,29.625,-1.625,21.665281
2005-09-21,29.625,-1.625,19.656118
2005-09-22,29.625,-1.625,0.81659615
2005-09-23,29.625,-1.625,0.36040372
2005-09-24,29.625,-1.625,0.10040371
2005-09-25,29.625,-1.625,2.36265
2005-09-26,29.625,-1.625,1.3659955
2005-09-27,29.625,-1.625,8.993147
2005-09-28,29.625,-1.625,0.040401492
2005-09-29,29.625,-1.625,0.0
2005-09-30,29.625,-1.625,7.916816
2005-10-01,29.625,-1.625,0.7558048
2005-10-02,29.625,-1.625,0.71259433
2005-10-03,29.625,-1.625,0.014399275
2005-10-04,29.625,-1.625,0.06339915
2005-10-05,29.625,-1.625,0.13760442
2005-10-06,29.625,-1.625,6.8247275
2005-10-07,29.625,-1.625,0.7198
2005-10-08,29.625,-1.625,1.1417785
2005-10-09,29.625,-1.625,0.16640209
2005-10-10,29.625,-1.625,0.20120695
2005-10-11,29.625,-1.625,1.346183
2005-10-12,29.625,-1.625,3.2212143
2005-10-13,29.625,-1.625,9.456975
2005-10-14,29.625,-1.625,25.957747
2005-10-15,29.625,-1.625,7.2122855
2005-10-16,29.625,-1.625,0.84099555
2005-10-17,29.625,-1.625,1.1118283
2005-10-18,29.625,-1.625,3.5490015
2005-10-19,29.625,-1.625,3.201025
2005-10-20,29.625,-1.625,11.641581
2005-10-21,29.625,-1.625,0.7904035
2005-10-22,29.625,-1.625,4.937603
2005-10-23,29.625,-1.625,2.7414062
2005-10-24,29.625,-1.625,2.719179
2005-10-25,29.625,-1.625,8.360671
2005-10-26,29.625,-1.625,2.5632195
2005-10-27,29.625,-1.625,1.5196142
2005-10-28,29.625,-1.625,4.241585
2005-10-29,29.625,-1.625,0.2318078
2005-10-30,29.625,-1.625,0.4100054
2005-10-31,29.625,-1.625,0.4784013
2005-11-01,29.625,-1.625,0.99501854
2005-11-02,29.625,-1.625,0.9828002
2005-11-03,29.625,-1.625,8.587651
2005-11-04,29.625,-1.625,5.7297907
2005-11-05,29.625,-1.625,5.160608
2005-11-06,29.625,-1.625,3.393215
2005-11-07,29.625,-1.625,1.1856112
2005-11-08,29.625,-1.625,3.4044228
2005-11-09,29.625,-1.625,2.101778
2005-11-10,29.625,-1.625,0.7126035
2005-11-11,29.625,-1.625,0.5214033
2005-11-12,29.625,-1.625,0.117202066
2005-11-13,29.625,-1.625,1.5187634
2005-11-14,29.625,-1.625,2.2859707
2005-11-15,29.625,-1.625,3.6673925
2005-11-16,29.625,-1.625,2.3207557
2005-11-17,29.625,-1.625,1.2814126
2005-11-18,29.625,-1.625,0.5766136
2005-11-19,29.625,-1.625,0.5608073
2005-11-20,29.625,-1.625,0.8021969
2005-11-21,29.625,-1.625,1.0185916
2005-11-22,29.625,-1.625,2.4856286
2005-11-23,29.625,-1.625,2.993994
2005-11-24,29.625,-1.625,3.804155
2005-11-25,29.625,-1.625,2.7987545
2005-11-26,29.625,-1.625,2.66022
2005-11-27,29.625,-1.625,0.3590001
2005-11-28,29.625,-1.625,1.658003
2005-11-29,29.625,-1.625,0.23679776
2005-11-30,29.625,-1.625,4.987227
2005-12-01,29.625,-1.625,1.3295927
2005-12-02,29.625,-1.625,3.2679818
2005-12-03,29.625,-1.625,2.6484184
2005-12-04,29.625,-1.625,8.807695
2005-12-05,29.625,-1.625,0.8273978
2005-12-06,29.625,-1.625,3.1414115
2005-12-07,29.625,-1.625,9.548395
2005-12-08,29.625,-1.625,2.0721521
2005-12-09,29.625,-1.625,0.012800474
2005-12-10,29.625,-1.625,0.22379431
2005-12-11,29.625,-1.625,1.1018089
2005-12-12,29.625,-1.625,1.4790096
2005-12-13,29.625,-1.625,6.401986
2005-12-14,29.625,-1.625,0.0
2005-12-15,29.625,-1.625,0.006400236
2005-12-16,29.625,-1.625,0.3528108
2005-12-17,29.625,-1.625,0.0
2005-12-18,29.625,-1.625,0.0
2005-12-19,29.625,-1.625,0.0380014
2005-12-20,29.625,-1.625,0.012800161
2005-12-21,29.625,-1.625,0.12440343
2005-12-22,29.625,-1.625,0.6103834
2005-12-23,29.625,-1.625,1.7586002
2005-12-24,29.625,-1.625,0.135197
2005-12-25,29.625,-1.625,1.9132509
2005-12-26,29.625,-1.625,0.5596198
2005-12-27,29.625,-1.625,1.5492545
2005-12-28,29.625,-1.625,0.12080443
2005-12-29,29.625,-1.625,0.36960056
2005-12-30,29.625,-1.625,0.0
2005-12-31,29.625,-1.625,0.0
2006-01-01,29.625,-1.625,0.19720355
2006-01-02,29.625,-1.625,0.21560067
2006-01-03,29.625,-1.625,0.022400398
2006-01-04,29.625,-1.625,0.4446146
2006-01-05,29.625,-1.625,0.3784079
2006-01-06,29.625,-1.625,0.016199796
2006-01-07,29.625,-1.625,0.9516065
2006-01-08,29.625,-1.625,0.1666006
2006-01-09,29.625,-1.625,0.48000416
2006-01-10,29.625,-1.625,15.736351
2006-01-11,29.625,-1.625,7.7567306
2006-01-12,29.625,-1.625,14.767155
2006-01-13,29.625,-1.625,0.8459863
2006-01-14,29.625,-1.625,11.050904
2006-01-15,29.625,-1.625,3.8837667
2006-01-16,29.625,-1.625,1.5045693
2006-01-17,29.625,-1.625,0.61379397
2006-01-18,29.625,-1.625,0.54799026
2006-01-19,29.625,-1.625,0.04360155
2006-01-20,29.625,-1.625,1.4967778
2006-01-21,29.625,-1.625,1.8797948
2006-01-22,29.625,-1.625,0.60919887
2006-01-23,29.625,-1.625,0.0
2006-01-24,29.625,-1.625,0.0072002653
2006-01-25,29.625,-1.625,0.0
2006-01-26,29.625,-1.625,0.007200266
2006-01-27,29.625,-1.625,0.036598403
2006-01-28,29.625,-1.625,0.661201
2006-01-29,29.625,-1.625,2.9398384
2006-01-30,29.625,-1.625,1.536375
2006-01-31,29.625,-1.625,10.766181
2006-02-01,29.625,-1.625,0.04700149
2006-02-02,29.625,-1.625,0.39641136
2006-02-03,29.625,-1.625,0.00079995976
2006-02-04,29.625,-1.625,2.0532446
2006-02-05,29.625,-1.625,0.0
2006-02-06,29.625,-1.625,0.0
2006-02-07,29.625,-1.625,0.20280126
2006-02-08,29.625,-1.625,0.09040024
2006-02-09,29.625,-1.625,0.47680894
2006-02-10,29.625,-1.625,0.083199866
2006-02-11,29.625,-1.625,2.0258038
2006-02-12,29.625,-1.625,7.276102
2006-02-13,29.625,-1.625,1.4036193
2006-02-14,29.625,-1.625,0.3979918
2006-02-15,29.625,-1.625,14.88231
2006-02-16,29.625,-1.625,1.1356306
2006-02-17,29.625,-1.625,3.3104057
2006-02-18,29.625,-1.625,11.877218
2006-02-19,29.625,-1.625,8.887185
2006-02-20,29.625,-1.625,1.5447975
2006-02-21,29.625,-1.625,3.1897705
2006-02-22,29.625,-1.625,2.1148093
2006-02-23,29.625,-1.625,0.13779931
2006-02-24,29.625,-1.625,0.42559594
2006-02-25,29.625,-1.625,3.1000547
2006-02-26,29.625,-1.625,0.8264305
2006-02-27,29.625,-1.625,4.8024
2006-02-28,29.625,-1.625,7.800036
2006-03-01,29.625,-1.625,1.0539916
2006-03-02,29.625,-1.625,8.001974
2006-03-03,29.625,-1.625,4.0610037
2006-03-04,29.625,-1.625,0.04879952
2006-03-05,29.625,-1.625,0.10039941
2006-03-06,29.625,-1.625,0.42918056
2006-03-07,29.625,-1.625,10.786489
2006-03-08,29.625,-1.625,2.8491712
2006-03-09,29.625,-1.625,4.3282065
2006-03-10,29.625,-1.625,1.3377656
2006-03-11,29.625,-1.625,1.8482425
2006-03-12,29.625,-1.625,6.312768
2006-03-13,29.625,-1.625,0.15920262
2006-03-14,29.625,-1.625,1.204035
2006-03-15,29.625,-1.625,14.473539
2006-03-16,29.625,-1.625,4.7962074
2006-03-17,29.625,-1.625,3.8774216
2006-03-18,29.625,-1.625,5.521629
2006-03-19,29.625,-1.625,0.56280214
2006-03-20,29.625,-1.625,0.9129864
2006-03-21,29.625,-1.625,0.28459668
2006-03-22,29.625,-1.625,5.706836
2006-03-23,29.625,-1.625,8.888968
2006-03-24,29.625,-1.625,0.11280178
2006-03-25,29.625,-1.625,0.13839461
2006-03-26,29.625,-1.625,1.5400258
2006-03-27,29.625,-1.625,13.556369
2006-03-28,29.625,-1.625,1.337821
2006-03-29,29.625,-1.625,10.738129
2006-03-30,29.625,-1.625,5.5484104
2006-03-31,29.625,-1.625,2.2483602
2006-04-01,29.625,-1.625,6.885137
2006-04-02,29.625,-1.625,5.7455425
2006-04-03,29.625,-1.625,7.6894646
2006-04-04,29.625,-1.625,8.347532
2006-04-05,29.625,-1.625,3.9806051
2006-04-06,29.625,-1.625,29.251352
2006-04-07,29.625,-1.625,3.6770277
2006-04-08,29.625,-1.625,6.961972
2006-04-09,29.625,-1.625,16.577635
2006-04-10,29.625,-1.625,8.09302
2006-04-11,29.625,-1.625,3.6352186
2006-04-12,29.625,-1.625,2.384768
2006-04-13,29.625,-1.625,12.864977
2006-04-14,29.625,-1.625,4.519609
2006-04-15,29.625,-1.625,2.5791864
2006-04-16,29.625,-1.625,5.985173
2006-04-17,29.625,-1.625,1.2725713
2006-04-18,29.625,-1.625,10.21137
2006-04-19,29.625,-1.625,0.56940275
2006-04-20,29.625,-1.625,16.638828
2006-04-21,29.625,-1.625,1.5332068
2006-04-22,29.625,-1.625,1.8134158
2006-04-23,29.625,-1.625,14.158853
2006-04-24,29.625,-1.625,1.658997
2006-04-25,29.625,-1.625,0.20080383
2006-04-26,29.625,-1.625,0.52420366
2006-04-27,29.625,-1.625,0.097398885
2006-04-28,29.625,-1.625,0.16439712
2006-04-29,29.625,-1.625,0.12400457
2006-04-30,29.625,-1.625,2.5831814
2006-05-01,29.625,-1.625,2.1329606
2006-05-02,29.625,-1.625,15.052619
2006-05-03,29.625,-1.625,0.26699495
2006-05-04,29.625,-1.625,1.6024098
2006-05-05,29.625,-1.625,8.682976
2006-05-06,29.625,-1.625,8.975795
2006-05-07,29.625,-1.625,0.64018095
2006-05-08,29.625,-1.625,3.6404257
2006-05-09,29.625,-1.625,3.0796056
2006-05-10,29.625,-1.625,4.6095715
2006-05-11,29.625,-1.625,5.5084667
2006-05-12,29.625,-1.625,11.940373
2006-05-13,29.625,-1.625,10.642813
2006-05-14,29.625,-1.625,13.056872
2006-05-15,29.625,-1.625,26.025122
2006-05-16,29.625,-1.625,10.286489
2006-05-17,29.625,-1.625,16.255774
2006-05-18,29.625,-1.625,19.324059
2006-05-19,29.625,-1.625,0.21340513
2006-05-20,29.625,-1.625,0.11200386
2006-05-21,29.625,-1.625,4.249013
2006-05-22,29.625,-1.625,9.700202
2006-05-23,29.625,-1.625,0.00920007
2006-05-24,29.625,-1.625,0.24520905
2006-05-25,29.625,-1.625,3.0348034
2006-05-26,29.625,-1.625,1.9104104
2006-05-27,29.625,-1.625,0.63922024
2006-05-28,29.625,-1.625,0.08799938
2006-05-29,29.625,-1.625,0.3759906
2006-05-30,29.625,-1.625,0.08440313
2006-05-31,29.625,-1.625,0.022400826
2006-06-01,29.625,-1.625,0.06960257
2006-06-02,29.625,-1.625,0.084003106
2006-06-03,29.625,-1.625,0.24240893
2006-06-04,29.625,-1.625,0.28000104
2006-06-05,29.625,-1.625,1.0490129
2006-06-06,29.625,-1.625,0.20120631
2006-06-07,29.625,-1.625,0.1468054
2006-06-08,29.625,-1.625,0.016399544
2006-06-09,29.625,-1.625,0.00040001475
2006-06-10,29.625,-1.625,0.29120854
2006-06-11,29.625,-1.625,0.0
2006-06-12,29.625,-1.625,6.907611
2006-06-13,29.625,-1.625,0.0
2006-06-14,29.625,-1.625,0.15479985
2006-06-15,29.625,-1.625,0.0
2006-06-16,29.625,-1.625,0.0
2006-06-17,29.625,-1.625,0.092803426
2006-06-18,29.625,-1.625,0.007200266
2006-06-19,29.625,-1.625,1.8402433
2006-06-20,29.625,-1.625,0.114003256
2006-06-21,29.625,-1.625,0.056999963
2006-06-22,29.625,-1.625,0.0
2006-06-23,29.625,-1.625,0.075602785
2006-06-24,29.625,-1.625,0.0
2006-06-25,29.625,-1.625,0.0
2006-06-26,29.625,-1.625,1.4334177
2006-06-27,29.625,-1.625,0.07120034
2006-06-28,29.625,-1.625,0.07559782
2006-06-29,29.625,-1.625,0.0
2006-06-30,29.625,-1.625,0.0
2006-07-01,29.625,-1.625,0.0
2006-07-02,29.625,-1.625,0.0
2006-07-03,29.625,-1.625,0.0
2006-07-04,29.625,-1.625,0.0
2006-07-05,29.625,-1.625,0.0352013
2006-07-06,29.625,-1.625,0.26160967
2006-07-07,29.625,-1.625,0.08039699
2006-07-08,29.625,-1.625,0.20140378
2006-07-09,29.625,-1.625,0.011999859
2006-07-10,29.625,-1.625,0.0
2006-07-11,29.625,-1.625,0.03960146
2006-07-12,29.625,-1.625,0.0
2006-07-13,29.625,-1.625,0.003600133
2006-07-14,29.625,-1.625,0.02920108
2006-07-15,29.625,-1.625,0.0
2006-07-16,29.625,-1.625,1.0266174
2006-07-17,29.625,-1.625,1.7753588
2006-07-18,29.625,-1.625,0.2888071
2006-07-19,29.625,-1.625,0.28520197
2006-07-20,29.625,-1.625,0.121999696
2006-07-21,29.625,-1.625,0.67257947
2006-07-22,29.625,-1.625,0.51937693
2006-07-23,29.625,-1.625,2.51005
2006-07-24,29.625,-1.625,2.0074499
2006-07-25,29.625,-1.625,0.032399602
2006-07-26,29.625,-1.625,0.0024000886
2006-07-27,29.625,-1.625,0.0
2006-07-28,29.625,-1.625,0.027601017
2006-07-29,29.625,-1.625,0.0
2006-07-30,29.625,-1.625,0.28360763
2006-07-31,29.625,-1.625,0.07200266
2006-08-01,29.625,-1.625,4.2362227
2006-08-02,29.625,-1.625,3.8048248
2006-08-03,29.625,-1.625,15.858954
2006-08-04,29.625,-1.625,1.6884174
2006-08-05,29.625,-1.625,17.775179
2006-08-06,29.625,-1.625,6.3740025
2006-08-07,29.625,-1.625,0.67338294
2006-08-08,29.625,-1.625,0.6180186
2006-08-09,29.625,-1.625,0.35659882
2006-08-10,29.625,-1.625,0.042200975
2006-08-11,29.625,-1.625,0.0024000886
2006-08-12,29.625,-1.625,0.0
2006-08-13,29.625,-1.625,0.0
2006-08-14,29.625,-1.625,0.0
2006-08-15,29.625,-1.625,0.0
2006-08-16,29.625,-1.625,1.1256181
2006-08-17,29.625,-1.625,0.001600059
2006-08-18,29.625,-1.625,0.00040001475
2006-08-19,29.625,-1.625,0.0
2006-08-20,29.625,-1.625,0.0
2006-08-21,29.625,-1.625,0.0
2006-08-22,29.625,-1.625,0.0
2006-08-23,29.625,-1.625,0.025600944
2006-08-24,29.625,-1.625,0.87221193
2006-08-25,29.625,-1.625,1.812394
2006-08-26,29.625,-1.625,0.8213978
2006-08-27,29.625,-1.625,2.822791
2006-08-28,29.625,-1.625,1.9004107
2006-08-29,29.625,-1.625,1.1390252
2006-08-30,29.625,-1.625,0.7320036
2006-08-31,29.625,-1.625,1.0206312
2006-09-01,29.625,-1.625,5.9317756
2006-09-02,29.625,-1.625,2.3284194
2006-09-03,29.625,-1.625,4.960457
2006-09-04,29.625,-1.625,0.019599922
2006-09-05,29.625,-1.625,0.0
2006-09-06,29.625,-1.625,0.0
2006-09-07,29.625,-1.625,0.02680017
2006-09-08,29.625,-1.625,0.0
2006-09-09,29.625,-1.625,0.095998846
2006-09-10,29.625,-1.625,0.0
2006-09-11,29.625,-1.625,0.0
2006-09-12,29.625,-1.625,0.018000664
2006-09-13,29.625,-1.625,0.0
2006-09-14,29.625,-1.625,1.6612228
2006-09-15,29.625,-1.625,0.18880093
2006-09-16,29.625,-1.625,7.9738684
2006-09-17,29.625,-1.625,11.023061
2006-09-18,29.625,-1.625,1.3805951
2006-09-19,29.625,-1.625,2.1194086
2006-09-20,29.625,-1.625,0.9164214
2006-09-21,29.625,-1.625,16.518532
2006-09-22,29.625,-1.625,1.199819
2006-09-23,29.625,-1.625,0.06460101
2006-09-24,29.625,-1.625,1.1888205
2006-09-25,29.625,-1.625,1.1339883
2006-09-26,29.625,-1.625,0.072402015
2006-09-27,29.625,-1.625,11.989289
2006-09-28,29.625,-1.625,0.46560827
2006-09-29,29.625,-1.625,2.1008453
2006-09-30,29.625,-1.625,0.5594023
2006-10-01,29.625,-1.625,2.277806
2006-10-02,29.625,-1.625,0.6211967
2006-10-03,29.625,-1.625,0.759815
2006-10-04,29.625,-1.625,0.49999818
2006-10-05,29.625,-1.625,0.70958817
2006-10-06,29.625,-1.625,0.49241588
2006-10-07,29.625,-1.625,0.18880595
2006-10-08,29.625,-1.625,0.06080224
2006-10-09,29.625,-1.625,0.38320214
2006-10-10,29.625,-1.625,3.6759846
2006-10-11,29.625,-1.625,3.520834
2006-10-12,29.625,-1.625,0.3230081
2006-10-13,29.625,-1.625,0.2564028
2006-10-14,29.625,-1.625,0.11760434
2006-10-15,29.625,-1.625,1.0190156
2006-10-16,29.625,-1.625,1.2801884
2006-10-17,29.625,-1.625,8.215359
2006-10-18,29.625,-1.625,0.26760533
2006-10-19,29.625,-1.625,2.9960241
2006-10-20,29.625,-1.625,5.3002486
2006-10-21,29.625,-1.625,3.5841436
2006-10-22,29.625,-1.625,7.131935
2006-10-23,29.625,-1.625,3.9479764
2006-10-24,29.625,-1.625,9.238834
2006-10-25,29.625,-1.625,2.4633753
2006-10-26,29.625,-1.625,10.398643
2006-10-27,29.625,-1.625,0.43380243
2006-10-28,29.625,-1.625,0.2234019
2006-10-29,29.625,-1.625,0.09120111
2006-10-30,29.625,-1.625,6.663686
2006-10-31,29.625,-1.625,6.103979
2006-11-01,29.625,-1.625,5.189576
2006-11-02,29.625,-1.625,10.566709
2006-11-03,29.625,-1.625,9.639849
2006-11-04,29.625,-1.625,15.583678
2006-11-05,29.625,-1.625,5.558409
2006-11-06,29.625,-1.625,2.7980483
2006-11-07,29.625,-1.625,8.309246
2006-11-08,29.625,-1.625,1.0384189
2006-11-09,29.625,-1.625,1.8169353
2006-11-10,29.625,-1.625,2.9277945
2006-11-11,29.625,-1.625,0.2948109
2006-11-12,29.625,-1.625,0.17179988
2006-11-13,29.625,-1.625,3.5067644
2006-11-14,29.625,-1.625,2.1400568
2006-11-15,29.625,-1.625,1.0981777
2006-11-16,29.625,-1.625,1.7245831
2006-11-17,29.625,-1.625,1.1602056
2006-11-18,29.625,-1.625,8.7673435
2006-11-19,29.625,-1.625,0.8849921
2006-11-20,29.625,-1.625,2.3500059
2006-11-21,29.625,-1.625,3.618002
2006-11-22,29.625,-1.625,19.106113
2006-11-23,29.625,-1.625,2.6272407
2006-11-24,29.625,-1.625,7.7794337
2006-11-25,29.625,-1.625,12.815085
2006-11-26,29.625,-1.625,4.1092005
2006-11-27,29.625,-1.625,0.8457817
2006-11-28,29.625,-1.625,32.791573
2006-11-29,29.625,-1.625,4.9483
2006-11-30,29.625,-1.625,0.9986298
2006-12-01,29.625,-1.625,3.2427216
2006-12-02,29.625,-1.625,7.4330235
2006-12-03,29.625,-1.625,9.3949795
2006-12-04,29.625,-1.625,0.27359834
2006-12-05,29.625,-1.625,0.5609947
2006-12-06,29.625,-1.625,9.267988
2006-12-07,29.625,-1.625,2.5731936
2006-12-08,29.625,-1.625,4.3458476
2006-12-09,29.625,-1.625,0.63578415
2006-12-10,29.625,-1.625,0.0
2006-12-11,29.625,-1.625,0.0
2006-12-12,29.625,-1.625,0.6266033
2006-12-13,29.625,-1.625,14.301388
2006-12-14,29.625,-1.625,2.298729
2006-12-15,29.625,-1.625,1.4533893
2006-12-16,29.625,-1.625,15.43485
2006-12-17,29.625,-1.625,1.8755897
2006-12-18,29.625,-1.625,0.8651923
2006-12-19,29.625,-1.625,0.9184031
2006-12-20,29.625,-1.625,0.08400125
2006-12-21,29.625,-1.625,0.8228054
2006-12-22,29.625,-1.625,6.9317946
2006-12-23,29.625,-1.625,6.4524326
2006-12-24,29.625,-1.625,2.423582
2006-12-25,29.625,-1.625,0.48339677
2006-12-26,29.625,-1.625,2.693998
2006-12-27,29.625,-1.625,4.5281487
2006-12-28,29.625,-1.625,0.800815
2006-12-29,29.625,-1.625,8.595349
2006-12-30,29.625,-1.625,2.4598086
2006-12-31,29.625,-1.625,1.0893797
2007-01-01,29.625,-1.625,3.6332397
2007-01-02,29.625,-1.625,0.015999809
2007-01-03,29.625,-1.625,0.05720108
2007-01-04,29.625,-1.625,0.033201225
2007-01-05,29.625,-1.625,3.1232395
2007-01-06,29.625,-1.625,6.6780705
2007-01-07,29.625,-1.625,12.699141
2007-01-08,29.625,-1.625,0.14260054
2007-01-09,29.625,-1.625,0.0
2007-01-10,29.625,-1.625,0.2336066
2007-01-11,29.625,-1.625,0.005599718
2007-01-12,29.625,-1.625,4.859133
2007-01-13,29.625,-1.625,0.52599126
2007-01-14,29.625,-1.625,5.806906
2007-01-15,29.625,-1.625,0.2424031
2007-01-16,29.625,-1.625,1.991587
2007-01-17,29.625,-1.625,0.021600796
2007-01-18,29.625,-1.625,8.930465
2007-01-19,29.625,-1.625,12.992451
2007-01-20,29.625,-1.625,6.7646046
2007-01-21,29.625,-1.625,2.596622
2007-01-22,29.625,-1.625,7.463537
2007-01-23,29.625,-1.625,6.411308
2007-01-24,29.625,-1.625,0.0024000886
2007-01-25,29.625,-1.625,0.06639697
2007-01-26,29.625,-1.625,5.1176186
2007-01-27,29.625,-1.625,0.17760348
2007-01-28,29.625,-1.625,1.8936619
2007-01-29,29.625,-1.625,1.97236
2007-01-30,29.625,-1.625,1.5783763
2007-01-31,29.625,-1.625,4.7521663
2007-02-01,29.625,-1.625,11.356689
2007-02-02,29.625,-1.625,0.49360174
2007-02-03,29.625,-1.625,2.9506066
2007-02-04,29.625,-1.625,1.3961834
2007-02-05,29.625,-1.625,3.0697844
2007-02-06,29.625,-1.625,8.337848
2007-02-07,29.625,-1.625,2.3321738
2007-02-08,29.625,-1.625,9.03471
2007-02-09,29.625,-1.625,5.0305934
2007-02-10,29.625,-1.625,8.458437
2007-02-11,29.625,-1.625,3.1667798
2007-02-12,29.625,-1.625,0.128595
2007-02-13,29.625,-1.625,3.0187864
2007-02-14,29.625,-1.625,21.30492
2007-02-15,29.625,-1.625,12.757867
2007-02-16,29.625,-1.625,0.4289927
2007-02-17,29.625,-1.625,1.1679726
2007-02-18,29.625,-1.625,0.35098958
2007-02-19,29.625,-1.625,0.002000074
2007-02-20,29.625,-1.625,0.0
2007-02-21,29.625,-1.625,0.05200034
2007-02-22,29.625,-1.625,0.10639767
2007-02-23,29.625,-1.625,2.64793
2007-02-24,29.625,-1.625,3.4319932
2007-02-25,29.625,-1.625,13.051825
2007-02-26,29.625,-1.625,1.6300381
2007-02-27,29.625,-1.625,2.4531918
2007-02-28,29.625,-1.625,7.4790072
2007-03-01,29.625,-1.625,9.283685
2007-03-02,29.625,-1.625,1.1082003
2007-03-03,29.625,-1.625,1.0272045
2007-03-04,29.625,-1.625,0.0024000886
2007-03-05,29.625,-1.625,0.8273837
2007-03-06,29.625,-1.625,0.0
2007-03-07,29.625,-1.625,0.0
2007-03-08,29.625,-1.625,0.3567842
2007-03-09,29.625,-1.625,0.006400236
2007-03-10,29.625,-1.625,3.8438249
2007-03-11,29.625,-1.625,2.9782643
2007-03-12,29.625,-1.625,2.2779806
2007-03-13,29.625,-1.625,3.6876805
2007-03-14,29.625,-1.625,0.07039726
2007-03-15,29.625,-1.625,1.4067955
2007-03-16,29.625,-1.625,2.0267994
2007-03-17,29.625,-1.625,2.885028
2007-03-18,29.625,-1.625,8.796203
2007-03-19,29.625,-1.625,1.4740217
2007-03-20,29.625,-1.625,0.76479673
2007-03-21,29.625,-1.625,0.019999849
2007-03-22,29.625,-1.625,1.5235449
2007-03-23,29.625,-1.625,0.03259836
2007-03-24,29.625,-1.625,1.1453751
2007-03-25,29.625,-1.625,3.837936
2007-03-26,29.625,-1.625,2.9264174
2007-03-27,29.625,-1.625,14.004793
2007-03-28,29.625,-1.625,3.9103944
2007-03-29,29.625,-1.625,1.0972066
2007-03-30,29.625,-1.625,8.123078
2007-03-31,29.625,-1.625,1.8737998
2007-04-01,29.625,-1.625,1.9798065
2007-04-02,29.625,-1.625,0.09800356
2007-04-03,29.625,-1.625,0.017199796
2007-04-04,29.625,-1.625,0.26639912
2007-04-05,29.625,-1.625,1.0465888
2007-04-06,29.625,-1.625,0.85158664
2007-04-07,29.625,-1.625,0.23760846
2007-04-08,29.625,-1.625,0.98540545
2007-04-09,29.625,-1.625,0.6312009
2007-04-10,29.625,-1.625,13.099631
2007-04-11,29.625,-1.625,9.988325
2007-04-12,29.625,-1.625,0.767379
2007-04-13,29.625,-1.625,16.341465
2007-04-14,29.625,-1.625,4.4851685
2007-04-15,29.625,-1.625,0.49538502
2007-04-16,29.625,-1.625,0.49601156
2007-04-17,29.625,-1.625,1.8405917
2007-04-18,29.625,-1.625,0.015200562
2007-04-19,29.625,-1.625,8.46345
2007-04-20,29.625,-1.625,9.433887
2007-04-21,29.625,-1.625,1.5367794
2007-04-22,29.625,-1.625,0.7058041
2007-04-23,29.625,-1.625,6.3166924
2007-04-24,29.625,-1.625,5.2955866
2007-04-25,29.625,-1.625,14.210421
2007-04-26,29.625,-1.625,4.1562033
2007-04-27,29.625,-1.625,9.065808
2007-04-28,29.625,-1.625,9.935947
2007-04-29,29.625,-1.625,0.0
2007-04-30,29.625,-1.625,3.0394495
2007-05-01,29.625,-1.625,7.567373
2007-05-02,29.625,-1.625,0.12240311
2007-05-03,29.625,-1.625,4.6815844
2007-05-04,29.625,-1.625,0.5269997
2007-05-05,29.625,-1.625,3.090601
2007-05-06,29.625,-1.625,4.633434
2007-05-07,29.625,-1.625,4.8391495
2007-05-08,29.625,-1.625,0.0
2007-05-09,29.625,-1.625,4.3224807
2007-05-10,29.625,-1.625,0.0
2007-05-11,29.625,-1.625,0.012000443
2007-05-12,29.625,-1.625,0.044000436
2007-05-13,29.625,-1.625,4.3755884
2007-05-14,29.625,-1.625,1.7128404
2007-05-15,29.625,-1.625,18.095675
2007-05-16,29.625,-1.625,4.839167
2007-05-17,29.625,-1.625,2.8094249
2007-05-18,29.625,-1.625,5.225381
2007-05-19,29.625,-1.625,0.9652324
2007-05-20,29.625,-1.625,0.9030026
2007-05-21,29.625,-1.625,0.83218753
2007-05-22,29.625,-1.625,1.8027807
2007-05-23,29.625,-1.625,3.0274086
2007-05-24,29.625,-1.625,0.009999743
2007-05-25,29.625,-1.625,7.18933
2007-05-26,29.625,-1.625,15.408089
2007-05-27,29.625,-1.625,0.92643213
2007-05-28,29.625,-1.625,0.36540106
2007-05-29,29.625,-1.625,0.04880029
2007-05-30,29.625,-1.625,0.024799708
2007-05-31,29.625,-1.625,7.1718507
2007-06-01,29.625,-1.625,0.045200452
2007-06-02,29.625,-1.625,0.5972089
2007-06-03,29.625,-1.625,0.02480033
2007-06-04,29.625,-1.625,0.13160487
2007-06-05,29.625,-1.625,8.588568
2007-06-06,29.625,-1.625,11.869566
2007-06-07,29.625,-1.625,15.425345
2007-06-08,29.625,-1.625,0.15440011
2007-06-09,29.625,-1.625,1.3082196
2007-06-10,29.625,-1.625,9.016295
2007-06-11,29.625,-1.625,0.3298018
2007-06-12,29.625,-1.625,0.004800177
2007-06-13,29.625,-1.625,0.026400976
2007-06-14,29.625,-1.625,0.13100411
2007-06-15,29.625,-1.625,1.4480302
2007-06-16,29.625,-1.625,0.48319566
2007-06-17,29.625,-1.625,0.0
2007-06-18,29.625,-1.625,0.0
2007-06-19,29.625,-1.625,0.0
2007-06-20,29.625,-1.625,0.0024000886
2007-06-21,29.625,-1.625,0.16880624
2007-06-22,29.625,-1.625,0.32561204
2007-06-23,29.625,-1.625,0.0
2007-06-24,29.625,-1.625,0.0
2007-06-25,29.625,-1.625,0.0
2007-06-26,29.625,-1.625,0.0
2007-06-27,29.625,-1.625,0.0
2007-06-28,29.625,-1.625,0.0
2007-06-29,29.625,-1.625,0.0
2007-06-30,29.625,-1.625,0.0
2007-07-01,29.625,-1.625,0.039201412
2007-07-02,29.625,-1.625,0.8942096
2007-07-03,29.625,-1.625,4.1810594
2007-07-04,29.625,-1.625,1.7334011
2007-07-05,29.625,-1.625,0.089603305
2007-07-06,29.625,-1.625,0.0
2007-07-07,29.625,-1.625,0.4140153
2007-07-08,29.625,-1.625,0.062201336
2007-07-09,29.625,-1.625,0.0
2007-07-10,29.625,-1.625,0.0
2007-07-11,29.625,-1.625,0.0
2007-07-12,29.625,-1.625,0.0
2007-07-13,29.625,-1.625,0.0
2007-07-14,29.625,-1.625,0.0
2007-07-15,29.625,-1.625,0.2784103
2007-07-16,29.625,-1.625,0.0
2007-07-17,29.625,-1.625,0.0
2007-07-18,29.625,-1.625,0.19879971
2007-07-19,29.625,-1.625,3.6962771
2007-07-20,29.625,-1.625,0.0
2007-07-21,29.625,-1.625,0.0012000443
2007-07-22,29.625,-1.625,0.0
2007-07-23,29.625,-1.625,0.0
2007-07-24,29.625,-1.625,0.112004146
2007-07-25,29.625,-1.625,0.6792251
2007-07-26,29.625,-1.625,2.4252887
2007-07-27,29.625,-1.625,2.2196355
2007-07-28,29.625,-1.625,9.030221
2007-07-29,29.625,-1.625,12.671056
2007-07-30,29.625,-1.625,0.26199785
2007-07-31,29.625,-1.625,3.3888264
2007-08-01,29.625,-1.625,0.09840319
2007-08-02,29.625,-1.625,0.0
2007-08-03,29.625,-1.625,0.07000192
2007-08-04,29.625,-1.625,7.347639
2007-08-05,29.625,-1.625,1.9724102
2007-08-06,29.625,-1.625,0.004000148
2007-08-07,29.625,-1.625,0.0
2007-08-08,29.625,-1.625,0.16840044
2007-08-09,29.625,-1.625,0.003200118
2007-08-10,29.625,-1.625,0.0
2007-08-11,29.625,-1.625,0.10440385
2007-08-12,29.625,-1.625,0.0
2007-08-13,29.625,-1.625,0.0027999668
2007-08-14,29.625,-1.625,0.63481605
2007-08-15,29.625,-1.625,5.5813613
2007-08-16,29.625,-1.625,10.023779
2007-08-17,29.625,-1.625,3.8350277
2007-08-18,29.625,-1.625,1.0445923
2007-08-19,29.625,-1.625,0.3194047
2007-08-20,29.625,-1.625,0.6370058
2007-08-21,29.625,-1.625,0.1112041
2007-08-22,29.625,-1.625,0.0024000886
2007-08-23,29.625,-1.625,0.0
2007-08-24,29.625,-1.625,0.023999214
2007-08-25,29.625,-1.625,0.0
2007-08-26,29.625,-1.625,0.0
2007-08-27,29.625,-1.625,0.00040001475
2007-08-28,29.625,-1.625,0.0012000443
2007-08-29,29.625,-1.625,0.004000148
2007-08-30,29.625,-1.625,0.12780125
2007-08-31,29.625,-1.625,0.02060039
2007-09-01,29.625,-1.625,1.7413988
2007-09-02,29.625,-1.625,0.31839997
2007-09-03,29.625,-1.625,1.7403448
2007-09-04,29.625,-1.625,4.5914435
2007-09-05,29.625,-1.625,6.8642836
2007-09-06,29.625,-1.625,0.044999342
2007-09-07,29.625,-1.625,16.132711
2007-09-08,29.625,-1.625,4.370839
2007-09-09,29.625,-1.625,0.9746045
2007-09-10,29.625,-1.625,3.5925357
2007-09-11,29.625,-1.625,4.811178
2007-09-12,29.625,-1.625,4.4093785
2007-09-13,29.625,-1.625,7.331808
2007-09-14,29.625,-1.625,1.2027668
2007-09-15,29.625,-1.625,2.0258014
2007-09-16,29.625,-1.625,20.073515
2007-09-17,29.625,-1.625,20.416603
2007-09-18,29.625,-1.625,5.196381
2007-09-19,29.625,-1.625,0.46957642
2007-09-20,29.625,-1.625,0.0
2007-09-21,29.625,-1.625,2.136647
2007-09-22,29.625,-1.625,0.003200118
2007-09-23,29.625,-1.625,1.8552425
2007-09-24,29.625,-1.625,0.03600129
2007-09-25,29.625,-1.625,0.0
2007-09-26,29.625,-1.625,0.0
2007-09-27,29.625,-1.625,0.17999718
2007-09-28,29.625,-1.625,0.10480386
2007-09-29,29.625,-1.625,0.3600133
2007-09-30,29.625,-1.625,1.6152563
2007-10-01,29.625,-1.625,15.296323
2007-10-02,29.625,-1.625,0.18560538
2007-10-03,29.625,-1.625,2.3556278
2007-10-04,29.625,-1.625,0.09459972
2007-10-05,29.625,-1.625,0.38320932
2007-10-06,29.625,-1.625,5.0934305
2007-10-07,29.625,-1.625,1.8308024
2007-10-08,29.625,-1.625,5.1858006
2007-10-09,29.625,-1.625,10.380271
2007-10-10,29.625,-1.625,2.3975549
2007-10-11,29.625,-1.625,1.888167
2007-10-12,29.625,-1.625,3.6571283
2007-10-13,29.625,-1.625,0.5739902
2007-10-14,29.625,-1.625,0.6982105
2007-10-15,29.625,-1.625,6.7660127
2007-10-16,29.625,-1.625,2.7038922
2007-10-17,29.625,-1.625,4.820866
2007-10-18,29.625,-1.625,0.5464166
2007-10-19,29.625,-1.625,2.6844103
2007-10-20,29.625,-1.625,1.9388309
2007-10-21,29.625,-1.625,9.2183485
2007-10-22,29.625,-1.625,6.033756
2007-10-23,29.625,-1.625,2.4605684
2007-10-24,29.625,-1.625,1.003408
2007-10-25,29.625,-1.625,5.0861883
2007-10-26,29.625,-1.625,3.237586
2007-10-27,29.625,-1.625,1.686996
2007-10-28,29.625,-1.625,1.676979
2007-10-29,29.625,-1.625,1.5153587
2007-10-30,29.625,-1.625,1.0187947
2007-10-31,29.625,-1.625,0.0
2007-11-01,29.625,-1.625,2.6436446
2007-11-02,29.625,-1.625,12.190047
2007-11-03,29.625,-1.625,14.117666
2007-11-04,29.625,-1.625,23.097004
2007-11-05,29.625,-1.625,7.0620317
2007-11-06,29.625,-1.625,3.877222
2007-11-07,29.625,-1.625,16.656927
2007-11-08,29.625,-1.625,0.056000493
2007-11-09,29.625,-1.625,0.09920312
2007-11-10,29.625,-1.625,0.3013992
2007-11-11,29.625,-1.625,5.6636047
2007-11-12,29.625,-1.625,0.54439306
2007-11-13,29.625,-1.625,2.8327587
2007-11-14,29.625,-1.625,0.4558021
2007-11-15,29.625,-1.625,6.919063
2007-11-16,29.625,-1.625,5.312188
2007-11-17,29.625,-1.625,9.790474
2007-11-18,29.625,-1.625,1.469393
2007-11-19,29.625,-1.625,0.90302575
2007-11-20,29.625,-1.625,3.2545831
2007-11-21,29.625,-1.625,0.30520642
2007-11-22,29.625,-1.625,3.4342284
2007-11-23,29.625,-1.625,13.332563
2007-11-24,29.625,-1.625,7.137724
2007-11-25,29.625,-1.625,0.46280605
2007-11-26,29.625,-1.625,3.1792207
2007-11-27,29.625,-1.625,14.673006
2007-11-28,29.625,-1.625,1.6902093
2007-11-29,29.625,-1.625,0.42800766
2007-11-30,29.625,-1.625,1.1056025
2007-12-01,29.625,-1.625,0.66761315
2007-12-02,29.625,-1.625,0.8881936
2007-12-03,29.625,-1.625,0.44660234
2007-12-04,29.625,-1.625,7.7592387
2007-12-05,29.625,-1.625,0.3565972
2007-12-06,29.625,-1.625,0.024000574
2007-12-07,29.625,-1.625,3.153166
2007-12-08,29.625,-1.625,12.738404
2007-12-09,29.625,-1.625,4.0473976
2007-12-10,29.625,-1.625,1.4152298
2007-12-11,29.625,-1.625,0.93957865
2007-12-12,29.625,-1.625,2.6380332
2007-12-13,29.625,-1.625,0.42120904
2007-12-14,29.625,-1.625,3.3310168
2007-12-15,29.625,-1.625,0.04880161
2007-12-16,29.625,-1.625,0.009600354
2007-12-17,29.625,-1.625,0.0
2007-12-18,29.625,-1.625,0.15799843
2007-12-19,29.625,-1.625,0.774211
2007-12-20,29.625,-1.625,0.55237925
2007-12-21,29.625,-1.625,1.4960134
2007-12-22,29.625,-1.625,0.20299783
2007-12-23,29.625,-1.625,0.006400236
2007-12-24,29.625,-1.625,1.9081993
2007-12-25,29.625,-1.625,0.02719891
2007-12-26,29.625,-1.625,0.24960212
2007-12-27,29.625,-1.625,0.43459976
2007-12-28,29.625,-1.625,0.12660328
2007-12-29,29.625,-1.625,0.12320215
2007-12-30,29.625,-1.625,0.0
2007-12-31,29.625,-1.625,0.04319783
2008-01-01,29.625,-1.625,0.06600243
2008-01-02,29.625,-1.625,0.0596022
2008-01-03,29.625,-1.625,0.11200413
2008-01-04,29.625,-1.625,0.13660333
2008-01-05,29.625,-1.625,0.7703904
2008-01-06,29.625,-1.625,4.608326
2008-01-07,29.625,-1.625,14.237113
2008-01-08,29.625,-1.625,0.10720187
2008-01-09,29.625,-1.625,0.0971997
2008-01-10,29.625,-1.625,0.084402844
2008-01-11,29.625,-1.625,0.0352013
2008-01-12,29.625,-1.625,0.08560316
2008-01-13,29.625,-1.625,1.4518284
2008-01-14,29.625,-1.625,6.3901186
2008-01-15,29.625,-1.625,6.5102563
2008-01-16,29.625,-1.625,0.16719732
2008-01-17,29.625,-1.625,3.4089613
2008-01-18,29.625,-1.625,0.23139699
2008-01-19,29.625,-1.625,0.08160254
2008-01-20,29.625,-1.625,0.62319577
2008-01-21,29.625,-1.625,3.818186
2008-01-22,29.625,-1.625,3.4530287
2008-01-23,29.625,-1.625,10.738799
2008-01-24,29.625,-1.625,0.6976117
2008-01-25,29.625,-1.625,1.0803802
2008-01-26,29.625,-1.625,47.738037
2008-01-27,29.625,-1.625,4.216836
2008-01-28,29.625,-1.625,1.0035886
2008-01-29,29.625,-1.625,0.53460896
2008-01-30,29.625,-1.625,1.0312027
2008-01-31,29.625,-1.625,2.4228072
2008-02-01,29.625,-1.625,0.050398782
2008-02-02,29.625,-1.625,0.1547985
2008-02-03,29.625,-1.625,0.53220266
2008-02-04,29.625,-1.625,3.8101788
2008-02-05,29.625,-1.625,8.147175
2008-02-06,29.625,-1.625,12.67479
2008-02-07,29.625,-1.625,8.329006
2008-02-08,29.625,-1.625,10.266177
2008-02-09,29.625,-1.625,2.3361974
2008-02-10,29.625,-1.625,5.7597594
2008-02-11,29.625,-1.625,8.659376
2008-02-12,29.625,-1.625,1.4209876
2008-02-13,29.625,-1.625,2.9233694
2008-02-14,29.625,-1.625,0.117603034
2008-02-15,29.625,-1.625,0.39079574
2008-02-16,29.625,-1.625,1.0757797
2008-02-17,29.625,-1.625,0.88563174
2008-02-18,29.625,-1.625,0.32440278
2008-02-19,29.625,-1.625,0.20979935
2008-02-20,29.625,-1.625,0.9084047
2008-02-21,29.625,-1.625,5.164285
2008-02-22,29.625,-1.625,0.23200254
2008-02-23,29.625,-1.625,0.0024000886
2008-02-24,29.625,-1.625,7.0457926
2008-02-25,29.625,-1.625,4.859588
2008-02-26,29.625,-1.625,3.1592026
2008-02-27,29.625,-1.625,2.106029
2008-02-28,29.625,-1.625,0.050801564
2008-02-29,29.625,-1.625,0.004800068
2008-03-01,29.625,-1.625,0.3343856
2008-03-02,29.625,-1.625,0.07019845
2008-03-03,29.625,-1.625,3.5367894
2008-03-04,29.625,-1.625,3.6660595
2008-03-05,29.625,-1.625,8.578639
2008-03-06,29.625,-1.625,0.15740229
2008-03-07,29.625,-1.625,3.5167704
2008-03-08,29.625,-1.625,0.86520106
2008-03-09,29.625,-1.625,13.075486
2008-03-10,29.625,-1.625,5.7148023
2008-03-11,29.625,-1.625,5.534003
2008-03-12,29.625,-1.625,0.54358494
2008-03-13,29.625,-1.625,12.8745775
2008-03-14,29.625,-1.625,0.74300045
2008-03-15,29.625,-1.625,2.416575
2008-03-16,29.625,-1.625,0.0
2008-03-17,29.625,-1.625,10.50118
2008-03-18,29.625,-1.625,0.69141024
2008-03-19,29.625,-1.625,6.513212
2008-03-20,29.625,-1.625,14.861384
2008-03-21,29.625,-1.625,22.839844
2008-03-22,29.625,-1.625,23.446743
2008-03-23,29.625,-1.625,9.435821
2008-03-24,29.625,-1.625,0.89462304
2008-03-25,29.625,-1.625,11.222448
2008-03-26,29.625,-1.625,9.438659
2008-03-27,29.625,-1.625,16.47083
2008-03-28,29.625,-1.625,3.4838
2008-03-29,29.625,-1.625,4.6091537
2008-03-30,29.625,-1.625,17.322338
2008-03-31,29.625,-1.625,5.041042
2008-04-01,29.625,-1.625,3.468749
2008-04-02,29.625,-1.625,0.26200727
2008-04-03,29.625,-1.625,0.0008000295
2008-04-04,29.625,-1.625,0.014400532
2008-04-05,29.625,-1.625,0.5605914
2008-04-06,29.625,-1.625,4.495428
2008-04-07,29.625,-1.625,0.08280154
2008-04-08,29.625,-1.625,0.38361022
2008-04-09,29.625,-1.625,1.8954085
2008-04-10,29.625,-1.625,18.96844
2008-04-11,29.625,-1.625,0.6573937
2008-04-12,29.625,-1.625,7.2357936
2008-04-13,29.625,-1.625,4.676007
2008-04-14,29.625,-1.625,8.353348
2008-04-15,29.625,-1.625,0.14060456
2008-04-16,29.625,-1.625,2.0209875
2008-04-17,29.625,-1.625,3.8862214
2008-04-18,29.625,-1.625,0.29320544
2008-04-19,29.625,-1.625,4.311866
2008-04-20,29.625,-1.625,3.0876102
2008-04-21,29.625,-1.625,3.8173594
2008-04-22,29.625,-1.625,1.1762154
2008-04-23,29.625,-1.625,2.403828
2008-04-24,29.625,-1.625,3.3845878
2008-04-25,29.625,-1.625,0.9516133
2008-04-26,29.625,-1.625,1.3036094
2008-04-27,29.625,-1.625,0.0
2008-04-28,29.625,-1.625,0.0
2008-04-29,29.625,-1.625,0.008000225
2008-04-30,29.625,-1.625,1.6738025
2008-05-01,29.625,-1.625,5.2480187
2008-05-02,29.625,-1.625,0.026799593
2008-05-03,29.625,-1.625,0.19980411
2008-05-04,29.625,-1.625,0.12799717
2008-05-05,29.625,-1.625,0.23020759
2008-05-06,29.625,-1.625,0.016800622
2008-05-07,29.625,-1.625,0.17520647
2008-05-08,29.625,-1.625,0.0
2008-05-09,29.625,-1.625,2.7340348
2008-05-10,29.625,-1.625,1.2350342
2008-05-11,29.625,-1.625,0.889999
2008-05-12,29.625,-1.625,26.455976
2008-05-13,29.625,-1.625,1.6406337
2008-05-14,29.625,-1.625,8.781342
2008-05-15,29.625,-1.625,0.6116104
2008-05-16,29.625,-1.625,0.14120246
2008-05-17,29.625,-1.625,4.1998086
2008-05-18,29.625,-1.625,0.54280704
2008-05-19,29.625,-1.625,0.07800288
2008-05-20,29.625,-1.625,1.3825556
2008-05-21,29.625,-1.625,1.1707783
2008-05-22,29.625,-1.625,0.5268085
2008-05-23,29.625,-1.625,5.485505
2008-05-24,29.625,-1.625,0.96179426
2008-05-25,29.625,-1.625,1.960037
2008-05-26,29.625,-1.625,0.6034134
2008-05-27,29.625,-1.625,2.2935991
2008-05-28,29.625,-1.625,2.6924129
2008-05-29,29.625,-1.625,1.1059834
2008-05-30,29.625,-1.625,6.73102
2008-05-31,29.625,-1.625,0.73596513
2008-06-01,29.625,-1.625,1.4553858
2008-06-02,29.625,-1.625,11.681401
2008-06-03,29.625,-1.625,2.4396615
2008-06-04,29.625,-1.625,11.074413
2008-06-05,29.625,-1.625,17.97348
2008-06-06,29.625,-1.625,17.034943
2008-06-07,29.625,-1.625,1.1211894
2008-06-08,29.625,-1.625,5.4310045
2008-06-09,29.625,-1.625,6.1810946
2008-06-10,29.625,-1.625,6.7872524
2008-06-11,29.625,-1.625,0.19360368
2008-06-12,29.625,-1.625,0.014400532
2008-06-13,29.625,-1.625,0.006400236
2008-06-14,29.625,-1.625,0.01760065
2008-06-15,29.625,-1.625,0.17960665
2008-06-16,29.625,-1.625,0.003200118
2008-06-17,29.625,-1.625,0.036000587
2008-06-18,29.625,-1.625,0.0012000443
2008-06-19,29.625,-1.625,0.1267964
2008-06-20,29.625,-1.625,0.39681363
2008-06-21,29.625,-1.625,0.259609
2008-06-22,29.625,-1.625,0.02800103
2008-06-23,29.625,-1.625,0.058000937
2008-06-24,29.625,-1.625,0.05520021
2008-06-25,29.625,-1.625,0.0
2008-06-26,29.625,-1.625,0.0
2008-06-27,29.625,-1.625,0.14480534
2008-06-28,29.625,-1.625,0.27081
2008-06-29,29.625,-1.625,0.014000517
2008-06-30,29.625,-1.625,0.0
2008-07-01,29.625,-1.625,0.00840031
2008-07-02,29.625,-1.625,0.1300048
2008-07-03,29.625,-1.625,0.45361674
2008-07-04,29.625,-1.625,1.763583
2008-07-05,29.625,-1.625,0.001600059
2008-07-06,29.625,-1.625,1.0354164
2008-07-07,29.625,-1.625,0.4276114
2008-07-08,29.625,-1.625,0.0
2008-07-09,29.625,-1.625,0.018000664
2008-07-10,29.625,-1.625,0.10880379
2008-07-11,29.625,-1.625,0.0072002662
2008-07-12,29.625,-1.625,0.5880048
2008-07-13,29.625,-1.625,0.17440642
2008-07-14,29.625,-1.625,0.3545973
2008-07-15,29.625,-1.625,0.044001624
2008-07-16,29.625,-1.625,0.0028001035
2008-07-17,29.625,-1.625,0.012000443
2008-07-18,29.625,-1.625,0.0
2008-07-19,29.625,-1.625,1.3128484
2008-07-20,29.625,-1.625,0.9529958
2008-07-21,29.625,-1.625,0.04080057
2008-07-22,29.625,-1.625,0.07120263
2008-07-23,29.625,-1.625,1.1692224
2008-07-24,29.625,-1.625,0.21040776
2008-07-25,29.625,-1.625,0.015200561
2008-07-26,29.625,-1.625,0.0
2008-07-27,29.625,-1.625,0.0
2008-07-28,29.625,-1.625,0.37640995
2008-07-29,29.625,-1.625,0.5024127
2008-07-30,29.625,-1.625,0.15920588
2008-07-31,29.625,-1.625,0.062802315
2008-08-01,29.625,-1.625,0.0077998517
2008-08-02,29.625,-1.625,0.054801963
2008-08-03,29.625,-1.625,0.46521467
2008-08-04,29.625,-1.625,3.2708564
2008-08-05,29.625,-1.625,0.8471776
2008-08-06,29.625,-1.625,0.30578542
2008-08-07,29.625,-1.625,3.094078
2008-08-08,29.625,-1.625,1.3606001
2008-08-09,29.625,-1.625,0.4080143
2008-08-10,29.625,-1.625,0.028801061
2008-08-11,29.625,-1.625,0.0
2008-08-12,29.625,-1.625,0.0008000295
2008-08-13,29.625,-1.625,0.09000333
2008-08-14,29.625,-1.625,0.0
2008-08-15,29.625,-1.625,0.9236082
2008-08-16,29.625,-1.625,0.045601685
2008-08-17,29.625,-1.625,0.0
2008-08-18,29.625,-1.625,0.0
2008-08-19,29.625,-1.625,0.0
2008-08-20,29.625,-1.625,0.056001075
2008-08-21,29.625,-1.625,1.6027848
2008-08-22,29.625,-1.625,0.16700003
2008-08-23,29.625,-1.625,0.18000665
2008-08-24,29.625,-1.625,0.21480146
2008-08-25,29.625,-1.625,3.901817
2008-08-26,29.625,-1.625,1.1206138
2008-08-27,29.625,-1.625,9.286628
2008-08-28,29.625,-1.625,3.0069613
2008-08-29,29.625,-1.625,5.4203105
2008-08-30,29.625,-1.625,0.040401496
2008-08-31,29.625,-1.625,0.1987964
2008-09-01,29.625,-1.625,1.6864138
2008-09-02,29.625,-1.625,2.0229855
2008-09-03,29.625,-1.625,0.038798053
2008-09-04,29.625,-1.625,0.0012000443
2008-09-05,29.625,-1.625,0.007200266
2008-09-06,29.625,-1.625,0.0
2008-09-07,29.625,-1.625,0.004000148
2008-09-08,29.625,-1.625,3.301231
2008-09-09,29.625,-1.625,0.0423995
2008-09-10,29.625,-1.625,16.147625
2008-09-11,29.625,-1.625,6.645911
2008-09-12,29.625,-1.625,10.7840185
2008-09-13,29.625,-1.625,0.30240914
2008-09-14,29.625,-1.625,0.0
2008-09-15,29.625,-1.625,0.067202285
2008-09-16,29.625,-1.625,0.36881363
2008-09-17,29.625,-1.625,2.116655
2008-09-18,29.625,-1.625,5.9501085
2008-09-19,29.625,-1.625,1.507633
2008-09-20,29.625,-1.625,13.086988
2008-09-21,29.625,-1.625,3.7297208
2008-09-22,29.625,-1.625,1.2009878
2008-09-23,29.625,-1.625,4.743098
2008-09-24,29.625,-1.625,5.5803347
2008-09-25,29.625,-1.625,3.8279724
2008-09-26,29.625,-1.625,7.2124896
2008-09-27,29.625,-1.625,0.022600155
2008-09-28,29.625,-1.625,3.880992
2008-09-29,29.625,-1.625,1.8192092
2008-09-30,29.625,-1.625,0.11200063
2008-10-01,29.625,-1.625,4.343753
2008-10-02,29.625,-1.625,1.8984144
2008-10-03,29.625,-1.625,2.2517369
2008-10-04,29.625,-1.625,5.09717
2008-10-05,29.625,-1.625,1.2986053
2008-10-06,29.625,-1.625,3.686665
2008-10-07,29.625,-1.625,0.13240474
2008-10-08,29.625,-1.625,0.89060163
2008-10-09,29.625,-1.625,4.15782
2008-10-10,29.625,-1.625,1.5564108
2008-10-11,29.625,-1.625,8.822771
2008-10-12,29.625,-1.625,7.0164437
2008-10-13,29.625,-1.625,1.416571
2008-10-14,29.625,-1.625,0.5525991
2008-10-15,29.625,-1.625,1.2149713
2008-10-16,29.625,-1.625,0.10320257
2008-10-17,29.625,-1.625,0.29140693
2008-10-18,29.625,-1.625,0.89559627
2008-10-19,29.625,-1.625,2.4000216
2008-10-20,29.625,-1.625,8.536427
2008-10-21,29.625,-1.625,16.788744
2008-10-22,29.625,-1.625,19.681875
2008-10-23,29.625,-1.625,0.7900057
2008-10-24,29.625,-1.625,16.153696
2008-10-25,29.625,-1.625,5.588029
2008-10-26,29.625,-1.625,0.093401045
2008-10-27,29.625,-1.625,2.6078687
2008-10-28,29.625,-1.625,1.1033607
2008-10-29,29.625,-1.625,17.460524
2008-10-30,29.625,-1.625,1.696014
2008-10-31,29.625,-1.625,2.9144182
2008-11-01,29.625,-1.625,0.571793
2008-11-02,29.625,-1.625,9.157865
2008-11-03,29.625,-1.625,2.4032326
2008-11-04,29.625,-1.625,3.5026429
2008-11-05,29.625,-1.625,2.133262
2008-11-06,29.625,-1.625,9.076924
2008-11-07,29.625,-1.625,26.839237
2008-11-08,29.625,-1.625,12.561544
2008-11-09,29.625,-1.625,1.8108153
2008-11-10,29.625,-1.625,4.237403
2008-11-11,29.625,-1.625,3.269374
2008-11-12,29.625,-1.625,10.560647
2008-11-13,29.625,-1.625,3.5797899
2008-11-14,29.625,-1.625,3.483937
2008-11-15,29.625,-1.625,3.011438
2008-11-16,29.625,-1.625,0.53878
2008-11-17,29.625,-1.625,5.192782
2008-11-18,29.625,-1.625,6.5482454
2008-11-19,29.625,-1.625,9.610913
2008-11-20,29.625,-1.625,1.0220041
2008-11-21,29.625,-1.625,0.050801877
2008-11-22,29.625,-1.625,1.151975
2008-11-23,29.625,-1.625,0.26640984
2008-11-24,29.625,-1.625,0.027201004
2008-11-25,29.625,-1.625,0.29340482
2008-11-26,29.625,-1.625,0.21720316
2008-11-27,29.625,-1.625,4.5686846
2008-11-28,29.625,-1.625,0.29560706
2008-11-29,29.625,-1.625,3.995944
2008-11-30,29.625,-1.625,0.29779965
2008-12-01,29.625,-1.625,0.5036156
2008-12-02,29.625,-1.625,4.824661
2008-12-03,29.625,-1.625,10.091638
2008-12-04,29.625,-1.625,20.446825
2008-12-05,29.625,-1.625,8.471888
2008-12-06,29.625,-1.625,0.88380617
2008-12-07,29.625,-1.625,0.042401563
2008-12-08,29.625,-1.625,0.23559356
2008-12-09,29.625,-1.625,9.103827
2008-12-10,29.625,-1.625,6.7041817
2008-12-11,29.625,-1.625,0.06360149
2008-12-12,29.625,-1.625,0.0
2008-12-13,29.625,-1.625,0.23960885
2008-12-14,29.625,-1.625,0.05939764
2008-12-15,29.625,-1.625,0.0
2008-12-16,29.625,-1.625,0.05180154
2008-12-17,29.625,-1.625,0.98722523
2008-12-18,29.625,-1.625,0.4129941
2008-12-19,29.625,-1.625,0.89362025
2008-12-20,29.625,-1.625,0.33899924
2008-12-21,29.625,-1.625,0.05160039
2008-12-22,29.625,-1.625,0.38439304
2008-12-23,29.625,-1.625,0.003600133
2008-12-24,29.625,-1.625,0.06320158
2008-12-25,29.625,-1.625,2.800614
2008-12-26,29.625,-1.625,9.200793
2008-12-27,29.625,-1.625,6.6609745
2008-12-28,29.625,-1.625,0.03360028
2008-12-29,29.625,-1.625,1.1779665
2008-12-30,29.625,-1.625,2.8896
2008-12-31,29.625,-1.625,1.0111929
2009-01-01,29.625,-1.625,4.351896
2009-01-02,29.625,-1.625,0.066802464
2009-01-03,29.625,-1.625,2.743261
2009-01-04,29.625,-1.625,3.6569936
2009-01-05,29.625,-1.625,1.7383947
2009-01-06,29.625,-1.625,0.051200073
2009-01-07,29.625,-1.625,1.153585
2009-01-08,29.625,-1.625,0.035798974
2009-01-09,29.625,-1.625,2.0069969
2009-01-10,29.625,-1.625,4.234927
2009-01-11,29.625,-1.625,0.103398986
2009-01-12,29.625,-1.625,0.014000515
2009-01-13,29.625,-1.625,0.18440223
2009-01-14,29.625,-1.625,0.08179978
2009-01-15,29.625,-1.625,0.084002435
2009-01-16,29.625,-1.625,0.058001947
2009-01-17,29.625,-1.625,3.0572214
2009-01-18,29.625,-1.625,3.3879547
2009-01-19,29.625,-1.625,1.8273898
2009-01-20,29.625,-1.625,1.6611365
2009-01-21,29.625,-1.625,0.9305959
2009-01-22,29.625,-1.625,0.12999912
2009-01-23,29.625,-1.625,0.27179644
2009-01-24,29.625,-1.625,0.88843
2009-01-25,29.625,-1.625,1.591188
2009-01-26,29.625,-1.625,0.9706001
2009-01-27,29.625,-1.625,0.613417
2009-01-28,29.625,-1.625,5.977587
2009-01-29,29.625,-1.625,7.8922334
2009-01-30,29.625,-1.625,0.87621015
2009-01-31,29.625,-1.625,8.954329
2009-02-01,29.625,-1.625,13.315237
2009-02-02,29.625,-1.625,7.2774076
2009-02-03,29.625,-1.625,0.07680022
2009-02-04,29.625,-1.625,16.385607
2009-02-05,29.625,-1.625,5.678325
2009-02-06,29.625,-1.625,26.3627
2009-02-07,29.625,-1.625,4.645731
2009-02-08,29.625,-1.625,8.363046
2009-02-09,29.625,-1.625,4.5850763
2009-02-10,29.625,-1.625,3.8408203
2009-02-11,29.625,-1.625,1.3371708
2009-02-12,29.625,-1.625,3.1288106
2009-02-13,29.625,-1.625,1.0268122
2009-02-14,29.625,-1.625,0.0
2009-02-15,29.625,-1.625,0.0
2009-02-16,29.625,-1.625,1.0761933
2009-02-17,29.625,-1.625,1.042007
2009-02-18,29.625,-1.625,10.60119
2009-02-19,29.625,-1.625,0.115402244
2009-02-20,29.625,-1.625,2.455573
2009-02-21,29.625,-1.625,0.0
2009-02-22,29.625,-1.625,1.6087749
2009-02-23,29.625,-1.625,5.724822
2009-02-24,29.625,-1.625,2.2633595
2009-02-25,29.625,-1.625,0.7293946
2009-02-26,29.625,-1.625,0.19460413
2009-02-27,29.625,-1.625,1.8904332
2009-02-28,29.625,-1.625,3.186799
2009-03-01,29.625,-1.625,14.048459
2009-03-02,29.625,-1.625,10.722189
2009-03-03,29.625,-1.625,0.006800251
2009-03-04,29.625,-1.625,0.60679114
2009-03-05,29.625,-1.625,0.8927977
2009-03-06,29.625,-1.625,0.7432092
2009-03-07,29.625,-1.625,8.202893
2009-03-08,29.625,-1.625,0.0045997687
2009-03-09,29.625,-1.625,0.16420242
2009-03-10,29.625,-1.625,0.018400678
2009-03-11,29.625,-1.625,5.208704
2009-03-12,29.625,-1.625,0.7976183
2009-03-13,29.625,-1.625,10.562504
2009-03-14,29.625,-1.625,1.0715897
2009-03-15,29.625,-1.625,0.005600207
2009-03-16,29.625,-1.625,4.916593
2009-03-17,29.625,-1.625,8.659515
2009-03-18,29.625,-1.625,5.847879
2009-03-19,29.625,-1.625,1.8580023
2009-03-20,29.625,-1.625,5.4120874
2009-03-21,29.625,-1.625,0.013600502
2009-03-22,29.625,-1.625,11.798986
2009-03-23,29.625,-1.625,0.0
2009-03-24,29.625,-1.625,3.9533863
2009-03-25,29.625,-1.625,1.1515901
2009-03-26,29.625,-1.625,1.1098166
2009-03-27,29.625,-1.625,0.009199911
2009-03-28,29.625,-1.625,0.016000492
2009-03-29,29.625,-1.625,0.012000022
2009-03-30,29.625,-1.625,2.2029927
2009-03-31,29.625,-1.625,3.8624456
2009-04-01,29.625,-1.625,0.15840538
2009-04-02,29.625,-1.625,6.687016
2009-04-03,29.625,-1.625,5.4868727
2009-04-04,29.625,-1.625,2.5892944
2009-04-05,29.625,-1.625,6.939621
2009-04-06,29.625,-1.625,1.7831781
2009-04-07,29.625,-1.625,4.0522957
2009-04-08,29.625,-1.625,19.524632
2009-04-09,29.625,-1.625,1.2250342
2009-04-10,29.625,-1.625,4.381938
2009-04-11,29.625,-1.625,6.774971
2009-04-12,29.625,-1.625,9.090879
2009-04-13,29.625,-1.625,1.0449935
2009-04-14,29.625,-1.625,3.312767
2009-04-15,29.625,-1.625,13.67502
2009-04-16,29.625,-1.625,0.9326076
2009-04-17,29.625,-1.625,0.17560354
2009-04-18,29.625,-1.625,4.5726194
2009-04-19,29.625,-1.625,16.719965
2009-04-20,29.625,-1.625,12.452214
2009-04-21,29.625,-1.625,2.8408163
2009-04-22,29.625,-1.625,0.8119778
2009-04-23,29.625,-1.625,0.47520125
2009-04-24,29.625,-1.625,0.080196545
2009-04-25,29.625,-1.625,0.012000443
2009-04-26,29.625,-1.625,0.86279124
2009-04-27,29.625,-1.625,6.394658
2009-04-28,29.625,-1.625,8.385251
2009-04-29,29.625,-1.625,6.044497
2009-04-30,29.625,-1.625,8.441295
2009-05-01,29.625,-1.625,6.6070657
2009-05-02,29.625,-1.625,2.5219727
2009-05-03,29.625,-1.625,1.7182218
2009-05-04,29.625,-1.625,0.03840053
2009-05-05,29.625,-1.625,0.003999952
2009-05-06,29.625,-1.625,1.3481686
2009-05-07,29.625,-1.625,2.6253963
2009-05-08,29.625,-1.625,0.28680554
2009-05-09,29.625,-1.625,2.4494004
2009-05-10,29.625,-1.625,1.5988085
2009-05-11,29.625,-1.625,22.951353
2009-05-12,29.625,-1.625,12.486999
2009-05-13,29.625,-1.625,0.055601116
2009-05-14,29.625,-1.625,0.8957949
2009-05-15,29.625,-1.625,1.0550051
2009-05-16,29.625,-1.625,0.55360025
2009-05-17,29.625,-1.625,10.029359
2009-05-18,29.625,-1.625,0.29940867
2009-05-19,29.625,-1.625,0.765774
2009-05-20,29.625,-1.625,1.0596181
2009-05-21,29.625,-1.625,4.7210584
2009-05-22,29.625,-1.625,0.3458004
2009-05-23,29.625,-1.625,0.40040693
2009-05-24,29.625,-1.625,0.20320514
2009-05-25,29.625,-1.625,0.13559867
2009-05-26,29.625,-1.625,0.024000691
2009-05-27,29.625,-1.625,3.8695002
2009-05-28,29.625,-1.625,9.418005
2009-05-29,29.625,-1.625,0.26059932
2009-05-30,29.625,-1.625,1.5633875
2009-05-31,29.625,-1.625,2.0903792
2009-06-01,29.625,-1.625,19.653828
2009-06-02,29.625,-1.625,0.061601408
2009-06-03,29.625,-1.625,1.0493957
2009-06-04,29.625,-1.625,0.057600982
2009-06-05,29.625,-1.625,0.0
2009-06-06,29.625,-1.625,0.0044001625
2009-06-07,29.625,-1.625,0.01600059
2009-06-08,29.625,-1.625,0.007599772
2009-06-09,29.625,-1.625,0.0
2009-06-10,29.625,-1.625,0.106800005
2009-06-11,29.625,-1.625,0.032001182
2009-06-12,29.625,-1.625,0.0
2009-06-13,29.625,-1.625,0.0008000295
2009-06-14,29.625,-1.625,0.016800601
2009-06-15,29.625,-1.625,0.0
2009-06-16,29.625,-1.625,0.007799936
2009-06-17,29.625,-1.625,0.019200593
2009-06-18,29.625,-1.625,0.0068002315
2009-06-19,29.625,-1.625,0.32680112
2009-06-20,29.625,-1.625,0.00079995976
2009-06-21,29.625,-1.625,0.0
2009-06-22,29.625,-1.625,0.0
2009-06-23,29.625,-1.625,0.0
2009-06-24,29.625,-1.625,0.0
2009-06-25,29.625,-1.625,0.0
2009-06-26,29.625,-1.625,0.0
2009-06-27,29.625,-1.625,0.092003286
2009-06-28,29.625,-1.625,0.63339406
2009-06-29,29.625,-1.625,3.5712142
2009-06-30,29.625,-1.625,1.1836097
2009-07-01,29.625,-1.625,0.0
2009-07-02,29.625,-1.625,0.044001624
2009-07-03,29.625,-1.625,0.0724026
2009-07-04,29.625,-1.625,0.0352013
2009-07-05,29.625,-1.625,0.0
2009-07-06,29.625,-1.625,0.0
2009-07-07,29.625,-1.625,0.0
2009-07-08,29.625,-1.625,0.09320024
2009-07-09,29.625,-1.625,0.45140022
2009-07-10,29.625,-1.625,0.14200231
2009-07-11,29.625,-1.625,0.042200886
2009-07-12,29.625,-1.625,0.07240266
2009-07-13,29.625,-1.625,0.0
2009-07-14,29.625,-1.625,0.0
2009-07-15,29.625,-1.625,0.0
2009-07-16,29.625,-1.625,0.0012000443
2009-07-17,29.625,-1.625,0.0
2009-07-18,29.625,-1.625,0.0
2009-07-19,29.625,-1.625,0.0
2009-07-20,29.625,-1.625,0.1492055
2009-07-21,29.625,-1.625,0.0
2009-07-22,29.625,-1.625,0.12560126
2009-07-23,29.625,-1.625,0.0063999225
2009-07-24,29.625,-1.625,0.7615781
2009-07-25,29.625,-1.625,1.9215746
2009-07-26,29.625,-1.625,0.016800622
2009-07-27,29.625,-1.625,0.0
2009-07-28,29.625,-1.625,0.0
2009-07-29,29.625,-1.625,0.0
2009-07-30,29.625,-1.625,0.0
2009-07-31,29.625,-1.625,0.0
2009-08-01,29.625,-1.625,0.023200857
2009-08-02,29.625,-1.625,0.0
2009-08-03,29.625,-1.625,0.0
2009-08-04,29.625,-1.625,0.035201065
2009-08-05,29.625,-1.625,0.022800842
2009-08-06,29.625,-1.625,0.024000887
2009-08-07,29.625,-1.625,0.0
2009-08-08,29.625,-1.625,0.0
2009-08-09,29.625,-1.625,2.019764
2009-08-10,29.625,-1.625,0.58919823
2009-08-11,29.625,-1.625,0.49899998
2009-08-12,29.625,-1.625,1.4130037
2009-08-13,29.625,-1.625,0.2032075
2009-08-14,29.625,-1.625,5.4740124
2009-08-15,29.625,-1.625,8.251566
2009-08-16,29.625,-1.625,1.16622
2009-08-17,29.625,-1.625,0.2384088
2009-08-18,29.625,-1.625,1.401623
2009-08-19,29.625,-1.625,0.37860453
2009-08-20,29.625,-1.625,1.4659986
2009-08-21,29.625,-1.625,1.8990226
2009-08-22,29.625,-1.625,1.5610251
2009-08-23,29.625,-1.625,0.00039997988
2009-08-24,29.625,-1.625,0.0
2009-08-25,29.625,-1.625,0.0
2009-08-26,29.625,-1.625,0.004000148
2009-08-27,29.625,-1.625,0.004000148
2009-08-28,29.625,-1.625,0.0
2009-08-29,29.625,-1.625,0.0
2009-08-30,29.625,-1.625,0.0
2009-08-31,29.625,-1.625,0.15059581
2009-09-01,29.625,-1.625,0.7942129
2009-09-02,29.625,-1.625,1.8226515
2009-09-03,29.625,-1.625,0.0
2009-09-04,29.625,-1.625,0.001600059
2009-09-05,29.625,-1.625,0.0024000886
2009-09-06,29.625,-1.625,0.03200044
2009-09-07,29.625,-1.625,0.039198168
2009-09-08,29.625,-1.625,1.4528507
2009-09-09,29.625,-1.625,0.5820151
2009-09-10,29.625,-1.625,0.057201643
2009-09-11,29.625,-1.625,0.030801136
2009-09-12,29.625,-1.625,0.8063885
2009-09-13,29.625,-1.625,0.1504044
2009-09-14,29.625,-1.625,0.15319991
2009-09-15,29.625,-1.625,0.086800575
2009-09-16,29.625,-1.625,0.4432153
2009-09-17,29.625,-1.625,3.6263473
2009-09-18,29.625,-1.625,2.5003738
2009-09-19,29.625,-1.625,1.6231972
2009-09-20,29.625,-1.625,11.036179
2009-09-21,29.625,-1.625,3.5270166
2009-09-22,29.625,-1.625,7.0473013
2009-09-23,29.625,-1.625,3.2506347
2009-09-24,29.625,-1.625,3.397684
2009-09-25,29.625,-1.625,1.3635937
2009-09-26,29.625,-1.625,3.6434271
2009-09-27,29.625,-1.625,1.8149986
2009-09-28,29.625,-1.625,1.1348156
2009-09-29,29.625,-1.625,0.606793
2009-09-30,29.625,-1.625,0.021200405
2009-10-01,29.625,-1.625,0.005600207
2009-10-02,29.625,-1.625,3.7712874
2009-10-03,29.625,-1.625,2.0780346
2009-10-04,29.625,-1.625,5.0941877
2009-10-05,29.625,-1.625,5.1754127
2009-10-06,29.625,-1.625,0.5569985
2009-10-07,29.625,-1.625,1.7023779
2009-10-08,29.625,-1.625,3.7024062
2009-10-09,29.625,-1.625,7.31762
2009-10-10,29.625,-1.625,3.8787618
2009-10-11,29.625,-1.625,3.0600207
2009-10-12,29.625,-1.625,1.4356394
2009-10-13,29.625,-1.625,9.801424
2009-10-14,29.625,-1.625,1.2136089
2009-10-15,29.625,-1.625,11.350433
2009-10-16,29.625,-1.625,1.9274269
2009-10-17,29.625,-1.625,6.375834
2009-10-18,29.625,-1.625,6.38362
2009-10-19,29.625,-1.625,1.6834213
2009-10-20,29.625,-1.625,1.1410077
2009-10-21,29.625,-1.625,0.4487957
2009-10-22,29.625,-1.625,0.016400196
2009-10-23,29.625,-1.625,5.253742
2009-10-24,29.625,-1.625,1.5656182
2009-10-25,29.625,-1.625,1.3100415
2009-10-26,29.625,-1.625,3.5501986
2009-10-27,29.625,-1.625,2.9495542
2009-10-28,29.625,-1.625,3.8170278
2009-10-29,29.625,-1.625,8.811412
2009-10-30,29.625,-1.625,0.25659567
2009-10-31,29.625,-1.625,2.3397946
2009-11-01,29.625,-1.625,2.5636108
2009-11-02,29.625,-1.625,1.4622054
2009-11-03,29.625,-1.625,13.4458
2009-11-04,29.625,-1.625,0.8429845
2009-11-05,29.625,-1.625,2.6712332
2009-11-06,29.625,-1.625,8.336019
2009-11-07,29.625,-1.625,10.794976
2009-11-08,29.625,-1.625,4.979269
2009-11-09,29.625,-1.625,3.6118112
2009-11-10,29.625,-1.625,1.315004
2009-11-11,29.625,-1.625,8.798601
2009-11-12,29.625,-1.625,19.724699
2009-11-13,29.625,-1.625,3.721836
2009-11-14,29.625,-1.625,0.6868018
2009-11-15,29.625,-1.625,8.619008
2009-11-16,29.625,-1.625,16.619217
2009-11-17,29.625,-1.625,1.7053939
2009-11-18,29.625,-1.625,12.070045
2009-11-19,29.625,-1.625,5.5768623
2009-11-20,29.625,-1.625,4.896812
2009-11-21,29.625,-1.625,3.9453506
2009-11-22,29.625,-1.625,0.1600042
2009-11-23,29.625,-1.625,0.67878294
2009-11-24,29.625,-1.625,0.38400203
2009-11-25,29.625,-1.625,0.9935716
2009-11-26,29.625,-1.625,3.2652
2009-11-27,29.625,-1.625,1.6093885
2009-11-28,29.625,-1.625,1.7650032
2009-11-29,29.625,-1.625,3.8662567
2009-11-30,29.625,-1.625,0.1312043
2009-12-01,29.625,-1.625,0.0
2009-12-02,29.625,-1.625,0.0
2009-12-03,29.625,-1.625,0.108201094
2009-12-04,29.625,-1.625,7.9369836
2009-12-05,29.625,-1.625,2.9560282
2009-12-06,29.625,-1.625,0.3280104
2009-12-07,29.625,-1.625,0.11600294
2009-12-08,29.625,-1.625,0.7469727
2009-12-09,29.625,-1.625,1.2158122
2009-12-10,29.625,-1.625,4.889181
2009-12-11,29.625,-1.625,0.7402176
2009-12-12,29.625,-1.625,0.90900165
2009-12-13,29.625,-1.625,4.215423
2009-12-14,29.625,-1.625,0.68619674
2009-12-15,29.625,-1.625,5.7937984
2009-12-16,29.625,-1.625,7.453009
2009-12-17,29.625,-1.625,0.20300443
2009-12-18,29.625,-1.625,0.012800473
2009-12-19,29.625,-1.625,0.86339533
2009-12-20,29.625,-1.625,0.077599004
2009-12-21,29.625,-1.625,0.0
2009-12-22,29.625,-1.625,0.118998975
2009-12-23,29.625,-1.625,3.5403888
2009-12-24,29.625,-1.625,3.8260128
2009-12-25,29.625,-1.625,6.831341
2009-12-26,29.625,-1.625,0.88598406
2009-12-27,29.625,-1.625,2.7050045
2009-12-28,29.625,-1.625,3.8139822
2009-12-29,29.625,-1.625,13.7900715
2009-12-30,29.625,-1.625,2.1814096
2009-12-31,29.625,-1.625,0.36561128
2010-01-01,29.625,-1.625,13.54896
2010-01-02,29.625,-1.625,2.3384151
2010-01-03,29.625,-1.625,0.64499307
2010-01-04,29.625,-1.625,3.9070303
2010-01-05,29.625,-1.625,1.6135933
2010-01-06,29.625,-1.625,1.52979
2010-01-07,29.625,-1.625,3.265166
2010-01-08,29.625,-1.625,3.3707612
2010-01-09,29.625,-1.625,6.661585
2010-01-10,29.625,-1.625,7.429019
2010-01-11,29.625,-1.625,6.2480764
2010-01-12,29.625,-1.625,0.42519632
2010-01-13,29.625,-1.625,14.654452
2010-01-14,29.625,-1.625,3.5540175
2010-01-15,29.625,-1.625,0.026400976
2010-01-16,29.625,-1.625,3.368364
2010-01-17,29.625,-1.625,1.7493848
2010-01-18,29.625,-1.625,0.012800472
2010-01-19,29.625,-1.625,0.014400497
2010-01-20,29.625,-1.625,7.7768426
2010-01-21,29.625,-1.625,0.8727936
2010-01-22,29.625,-1.625,9.804273
2010-01-23,29.625,-1.625,4.605754
2010-01-24,29.625,-1.625,2.7367363
2010-01-25,29.625,-1.625,0.5825845
2010-01-26,29.625,-1.625,0.0
2010-01-27,29.625,-1.625,0.0
2010-01-28,29.625,-1.625,0.014399644
2010-01-29,29.625,-1.625,0.07800077
2010-01-30,29.625,-1.625,0.0
2010-01-31,29.625,-1.625,0.0
2010-02-01,29.625,-1.625,0.12180321
2010-02-02,29.625,-1.625,0.0012000443
2010-02-03,29.625,-1.625,3.5060039
2010-02-04,29.625,-1.625,16.662153
2010-02-05,29.625,-1.625,8.770643
2010-02-06,29.625,-1.625,11.132697
2010-02-07,29.625,-1.625,4.477698
2010-02-08,29.625,-1.625,28.067972
2010-02-09,29.625,-1.625,0.99979156
2010-02-10,29.625,-1.625,0.20860428
2010-02-11,29.625,-1.625,0.0
2010-02-12,29.625,-1.625,0.7260187
2010-02-13,29.625,-1.625,1.5801802
2010-02-14,29.625,-1.625,1.4995948
2010-02-15,29.625,-1.625,19.112309
2010-02-16,29.625,-1.625,14.812639
2010-02-17,29.625,-1.625,3.5618238
2010-02-18,29.625,-1.625,0.118397415
2010-02-19,29.625,-1.625,8.014632
2010-02-20,29.625,-1.625,6.8875303
2010-02-21,29.625,-1.625,2.3194284
2010-02-22,29.625,-1.625,9.021172
2010-02-23,29.625,-1.625,4.3235984
2010-02-24,29.625,-1.625,8.709387
2010-02-25,29.625,-1.625,33.111176
2010-02-26,29.625,-1.625,24.507973
2010-02-27,29.625,-1.625,4.1591916
2010-02-28,29.625,-1.625,24.359993
2010-03-01,29.625,-1.625,3.8519683
2010-03-02,29.625,-1.625,2.6986098
2010-03-03,29.625,-1.625,18.052237
2010-03-04,29.625,-1.625,14.393243
2010-03-05,29.625,-1.625,0.111604124
2010-03-06,29.625,-1.625,1.4039893
2010-03-07,29.625,-1.625,4.2390447
2010-03-08,29.625,-1.625,1.7522072
2010-03-09,29.625,-1.625,0.5742129
2010-03-10,29.625,-1.625,0.10960119
2010-03-11,29.625,-1.625,0.2873935
2010-03-12,29.625,-1.625,0.0
2010-03-13,29.625,-1.625,0.0
2010-03-14,29.625,-1.625,0.01840068
2010-03-15,29.625,-1.625,0.7817904
2010-03-16,29.625,-1.625,0.8714109
2010-03-17,29.625,-1.625,8.58267
2010-03-18,29.625,-1.625,3.9290106
2010-03-19,29.625,-1.625,1.117817
2010-03-20,29.625,-1.625,0.23540097
2010-03-21,29.625,-1.625,1.1066197
2010-03-22,29.625,-1.625,3.3882015
2010-03-23,29.625,-1.625,8.407309
2010-03-24,29.625,-1.625,3.0713959
2010-03-25,29.625,-1.625,2.3586662
2010-03-26,29.625,-1.625,1.9039607
2010-03-27,29.625,-1.625,10.13358
2010-03-28,29.625,-1.625,16.821367
2010-03-29,29.625,-1.625,5.1463337
2010-03-30,29.625,-1.625,13.465301
2010-03-31,29.625,-1.625,0.15779682
2010-04-01,29.625,-1.625,1.1534054
2010-04-02,29.625,-1.625,0.98439753
2010-04-03,29.625,-1.625,1.9338266
2010-04-04,29.625,-1.625,0.44320554
2010-04-05,29.625,-1.625,2.00401
2010-04-06,29.625,-1.625,0.6893834
2010-04-07,29.625,-1.625,1.2972226
2010-04-08,29.625,-1.625,1.3062086
2010-04-09,29.625,-1.625,0.9547963
2010-04-10,29.625,-1.625,2.6875598
2010-04-11,29.625,-1.625,0.0545996
2010-04-12,29.625,-1.625,0.0
2010-04-13,29.625,-1.625,1.7518152
2010-04-14,29.625,-1.625,6.2010045
2010-04-15,29.625,-1.625,4.588423
2010-04-16,29.625,-1.625,0.42019248
2010-04-17,29.625,-1.625,7.345612
2010-04-18,29.625,-1.625,14.019085
2010-04-19,29.625,-1.625,0.997021
2010-04-20,29.625,-1.625,0.42659482
2010-04-21,29.625,-1.625,3.0812218
2010-04-22,29.625,-1.625,0.10419762
2010-04-23,29.625,-1.625,0.21640542
2010-04-24,29.625,-1.625,1.9136307
2010-04-25,29.625,-1.625,0.0048000603
2010-04-26,29.625,-1.625,0.40700746
2010-04-27,29.625,-1.625,2.6796107
2010-04-28,29.625,-1.625,0.075201206
2010-04-29,29.625,-1.625,0.0037999167
2010-04-30,29.625,-1.625,5.919822
2010-05-01,29.625,-1.625,5.3871336
2010-05-02,29.625,-1.625,7.744263
2010-05-03,29.625,-1.625,2.0993717
2010-05-04,29.625,-1.625,0.2835998
2010-05-05,29.625,-1.625,2.5320387
2010-05-06,29.625,-1.625,3.6465948
2010-05-07,29.625,-1.625,0.5251909
2010-05-08,29.625,-1.625,0.17280465
2010-05-09,29.625,-1.625,0.9413999
2010-05-10,29.625,-1.625,3.0768187
2010-05-11,29.625,-1.625,5.009877
2010-05-12,29.625,-1.625,1.0067911
2010-05-13,29.625,-1.625,0.5255988
2010-05-14,29.625,-1.625,3.70484
2010-05-15,29.625,-1.625,7.602019
2010-05-16,29.625,-1.625,7.9836254
2010-05-17,29.625,-1.625,3.3959837
2010-05-18,29.625,-1.625,1.1241705
2010-05-19,29.625,-1.625,0.3784027
2010-05-20,29.625,-1.625,0.100201175
2010-05-21,29.625,-1.625,0.0
2010-05-22,29.625,-1.625,0.0
2010-05-23,29.625,-1.625,4.775659
2010-05-24,29.625,-1.625,0.022800528
2010-05-25,29.625,-1.625,4.0584106
2010-05-26,29.625,-1.625,0.12779808
2010-05-27,29.625,-1.625,5.2087927
2010-05-28,29.625,-1.625,0.012800472
2010-05-29,29.625,-1.625,0.0
2010-05-30,29.625,-1.625,0.0
2010-05-31,29.625,-1.625,0.0
2010-06-01,29.625,-1.625,0.27980548
2010-06-02,29.625,-1.625,0.13580304
2010-06-03,29.625,-1.625,1.9349995
2010-06-04,29.625,-1.625,1.1030056
2010-06-05,29.625,-1.625,15.436869
2010-06-06,29.625,-1.625,5.574001
2010-06-07,29.625,-1.625,2.6453552
2010-06-08,29.625,-1.625,0.11720244
2010-06-09,29.625,-1.625,0.016000591
2010-06-10,29.625,-1.625,0.0
2010-06-11,29.625,-1.625,0.0
2010-06-12,29.625,-1.625,0.018400405
2010-06-13,29.625,-1.625,0.0
2010-06-14,29.625,-1.625,0.06920251
2010-06-15,29.625,-1.625,1.1564419
2010-06-16,29.625,-1.625,0.17119561
2010-06-17,29.625,-1.625,0.5074085
2010-06-18,29.625,-1.625,0.43220845
2010-06-19,29.625,-1.625,0.024000887
2010-06-20,29.625,-1.625,0.00759991
2010-06-21,29.625,-1.625,0.04120152
2010-06-22,29.625,-1.625,0.0
2010-06-23,29.625,-1.625,0.0008000295
2010-06-24,29.625,-1.625,0.0
2010-06-25,29.625,-1.625,0.0
2010-06-26,29.625,-1.625,0.0
2010-06-27,29.625,-1.625,0.0
2010-06-28,29.625,-1.625,0.0007999905
2010-06-29,29.625,-1.625,0.08020147
2010-06-30,29.625,-1.625,0.0
2010-07-01,29.625,-1.625,0.06920256
2010-07-02,29.625,-1.625,0.16460103
2010-07-03,29.625,-1.625,0.0024000886
2010-07-04,29.625,-1.625,0.0
2010-07-05,29.625,-1.625,0.0
2010-07-06,29.625,-1.625,0.0
2010-07-07,29.625,-1.625,0.0
2010-07-08,29.625,-1.625,0.004199986
2010-07-09,29.625,-1.625,0.029601093
2010-07-10,29.625,-1.625,0.18260202
2010-07-11,29.625,-1.625,0.0028000253
2010-07-12,29.625,-1.625,0.040001478
2010-07-13,29.625,-1.625,0.21719271
2010-07-14,29.625,-1.625,0.0
2010-07-15,29.625,-1.625,0.0
2010-07-16,29.625,-1.625,0.0
2010-07-17,29.625,-1.625,0.0
2010-07-18,29.625,-1.625,0.0
2010-07-19,29.625,-1.625,0.0
2010-07-20,29.625,-1.625,0.45280385
2010-07-21,29.625,-1.625,0.49760157
2010-07-22,29.625,-1.625,0.13340303
2010-07-23,29.625,-1.625,0.12880476
2010-07-24,29.625,-1.625,0.0
2010-07-25,29.625,-1.625,0.04180026
2010-07-26,29.625,-1.625,0.088001356
2010-07-27,29.625,-1.625,0.2884061
2010-07-28,29.625,-1.625,0.0
2010-07-29,29.625,-1.625,0.26520434
2010-07-30,29.625,-1.625,0.0028001035
2010-07-31,29.625,-1.625,0.0
2010-08-01,29.625,-1.625,0.0060002217
2010-08-02,29.625,-1.625,0.0
2010-08-03,29.625,-1.625,0.027599674
2010-08-04,29.625,-1.625,0.0
2010-08-05,29.625,-1.625,0.0024000886
2010-08-06,29.625,-1.625,0.094003476
2010-08-07,29.625,-1.625,0.0
2010-08-08,29.625,-1.625,0.0
2010-08-09,29.625,-1.625,0.0024000886
2010-08-10,29.625,-1.625,1.1388036
2010-08-11,29.625,-1.625,0.9948108
2010-08-12,29.625,-1.625,0.13940273
2010-08-13,29.625,-1.625,0.0008000295
2010-08-14,29.625,-1.625,0.08640319
2010-08-15,29.625,-1.625,0.012800472
2010-08-16,29.625,-1.625,0.0
2010-08-17,29.625,-1.625,0.07440274
2010-08-18,29.625,-1.625,0.0
2010-08-19,29.625,-1.625,0.03000099
2010-08-20,29.625,-1.625,0.003200118
2010-08-21,29.625,-1.625,0.0024000886
2010-08-22,29.625,-1.625,0.0
2010-08-23,29.625,-1.625,0.0337985
2010-08-24,29.625,-1.625,0.8301917
2010-08-25,29.625,-1.625,0.04520128
2010-08-26,29.625,-1.625,2.2341905
2010-08-27,29.625,-1.625,0.06079921
2010-08-28,29.625,-1.625,1.4976354
2010-08-29,29.625,-1.625,5.0008497
2010-08-30,29.625,-1.625,0.2496092
2010-08-31,29.625,-1.625,0.008000296
2010-09-01,29.625,-1.625,0.1208043
2010-09-02,29.625,-1.625,0.0568021
2010-09-03,29.625,-1.625,0.1739985
2010-09-04,29.625,-1.625,7.5137324
2010-09-05,29.625,-1.625,8.51241
2010-09-06,29.625,-1.625,16.297667
2010-09-07,29.625,-1.625,7.99663
2010-09-08,29.625,-1.625,7.391594
2010-09-09,29.625,-1.625,16.625807
2010-09-10,29.625,-1.625,3.052628
2010-09-11,29.625,-1.625,14.464295
2010-09-12,29.625,-1.625,4.759671
2010-09-13,29.625,-1.625,0.028800674
2010-09-14,29.625,-1.625,0.0
2010-09-15,29.625,-1.625,1.1290102
2010-09-16,29.625,-1.625,1.4307843
2010-09-17,29.625,-1.625,0.0071997303
2010-09-18,29.625,-1.625,2.8318024
2010-09-19,29.625,-1.625,3.913768
2010-09-20,29.625,-1.625,8.397043
2010-09-21,29.625,-1.625,5.6134167
2010-09-22,29.625,-1.625,2.8754046
2010-09-23,29.625,-1.625,0.46420193
2010-09-24,29.625,-1.625,0.41539738
2010-09-25,29.625,-1.625,0.37319505
2010-09-26,29.625,-1.625,0.0
2010-09-27,29.625,-1.625,0.2767972
2010-09-28,29.625,-1.625,1.1729839
2010-09-29,29.625,-1.625,0.020400753
2010-09-30,29.625,-1.625,0.036801357
2010-10-01,29.625,-1.625,0.0
2010-10-02,29.625,-1.625,0.0
2010-10-03,29.625,-1.625,0.076802835
2010-10-04,29.625,-1.625,3.062191
2010-10-05,29.625,-1.625,1.6373769
2010-10-06,29.625,-1.625,1.9506214
2010-10-07,29.625,-1.625,5.4184866
2010-10-08,29.625,-1.625,1.3002291
2010-10-09,29.625,-1.625,2.007247
2010-10-10,29.625,-1.625,7.973752
2010-10-11,29.625,-1.625,7.363194
2010-10-12,29.625,-1.625,0.031200565
2010-10-13,29.625,-1.625,0.22619857
2010-10-14,29.625,-1.625,1.6748023
2010-10-15,29.625,-1.625,2.5969782
2010-10-16,29.625,-1.625,1.5430166
2010-10-17,29.625,-1.625,5.133462
2010-10-18,29.625,-1.625,8.504451
2010-10-19,29.625,-1.625,3.7398157
2010-10-20,29.625,-1.625,7.316456
2010-10-21,29.625,-1.625,1.5570339
2010-10-22,29.625,-1.625,12.383333
2010-10-23,29.625,-1.625,5.0192027
2010-10-24,29.625,-1.625,18.412844
2010-10-25,29.625,-1.625,2.7731764
2010-10-26,29.625,-1.625,3.2190046
2010-10-27,29.625,-1.625,2.200767
2010-10-28,29.625,-1.625,3.097823
2010-10-29,29.625,-1.625,1.1480083
2010-10-30,29.625,-1.625,0.19220082
2010-10-31,29.625,-1.625,0.28899255
2010-11-01,29.625,-1.625,1.2370139
2010-11-02,29.625,-1.625,7.9589906
2010-11-03,29.625,-1.625,2.4195983
2010-11-04,29.625,-1.625,4.676534
2010-11-05,29.625,-1.625,5.925057
2010-11-06,29.625,-1.625,0.26639265
2010-11-07,29.625,-1.625,4.5104446
2010-11-08,29.625,-1.625,20.74232
2010-11-09,29.625,-1.625,7.067982
2010-11-10,29.625,-1.625,5.6270027
2010-11-11,29.625,-1.625,2.9335701
2010-11-12,29.625,-1.625,18.954235
2010-11-13,29.625,-1.625,15.294624
2010-11-14,29.625,-1.625,14.911538
2010-11-15,29.625,-1.625,0.84019905
2010-11-16,29.625,-1.625,12.79272
2010-11-17,29.625,-1.625,1.9403702
2010-11-18,29.625,-1.625,8.323723
2010-11-19,29.625,-1.625,15.785863
2010-11-20,29.625,-1.625,4.2292256
2010-11-21,29.625,-1.625,0.8884059
2010-11-22,29.625,-1.625,0.11639997
2010-11-23,29.625,-1.625,5.5725994
2010-11-24,29.625,-1.625,2.9378076
2010-11-25,29.625,-1.625,2.9375548
2010-11-26,29.625,-1.625,1.8790148
2010-11-27,29.625,-1.625,0.7684196
2010-11-28,29.625,-1.625,2.4856715
2010-11-29,29.625,-1.625,4.919837
2010-11-30,29.625,-1.625,17.236246
2010-12-01,29.625,-1.625,3.3669782
2010-12-02,29.625,-1.625,1.7700251
2010-12-03,29.625,-1.625,1.0701556
2010-12-04,29.625,-1.625,0.30159757
2010-12-05,29.625,-1.625,0.0
2010-12-06,29.625,-1.625,3.5625937
2010-12-07,29.625,-1.625,5.306996
2010-12-08,29.625,-1.625,13.045978
2010-12-09,29.625,-1.625,1.7958113
2010-12-10,29.625,-1.625,10.388761
2010-12-11,29.625,-1.625,18.751495
2010-12-12,29.625,-1.625,6.3796077
2010-12-13,29.625,-1.625,7.3713365
2010-12-14,29.625,-1.625,0.0
2010-12-15,29.625,-1.625,0.4535873
2010-12-16,29.625,-1.625,0.0
2010-12-17,29.625,-1.625,0.00760028
2010-12-18,29.625,-1.625,0.07960214
2010-12-19,29.625,-1.625,0.03600125
2010-12-20,29.625,-1.625,3.1165786
2010-12-21,29.625,-1.625,21.106594
2010-12-22,29.625,-1.625,3.7452261
2010-12-23,29.625,-1.625,2.6374211
2010-12-24,29.625,-1.625,2.8627894
2010-12-25,29.625,-1.625,6.4408655
2010-12-26,29.625,-1.625,3.588565
2010-12-27,29.625,-1.625,2.5429828
2010-12-28,29.625,-1.625,8.873638
2010-12-29,29.625,-1.625,3.7740192
2010-12-30,29.625,-1.625,0.08480091
2010-12-31,29.625,-1.625,1.4444028
2011-01-01,29.625,-1.625,9.0160475
2011-01-02,29.625,-1.625,0.5506052
2011-01-03,29.625,-1.625,2.7626452
2011-01-04,29.625,-1.625,0.017199134
2011-01-05,29.625,-1.625,5.225685
2011-01-06,29.625,-1.625,2.7055378
2011-01-07,29.625,-1.625,0.005999698
2011-01-08,29.625,-1.625,1.0327914
2011-01-09,29.625,-1.625,9.483964
2011-01-10,29.625,-1.625,2.1212587
2011-01-11,29.625,-1.625,0.12900278
2011-01-12,29.625,-1.625,10.098469
2011-01-13,29.625,-1.625,0.9707896
2011-01-14,29.625,-1.625,3.3517523
2011-01-15,29.625,-1.625,9.270817
2011-01-16,29.625,-1.625,0.9669858
2011-01-17,29.625,-1.625,0.19779754
2011-01-18,29.625,-1.625,12.750452
2011-01-19,29.625,-1.625,2.3538046
2011-01-20,29.625,-1.625,0.4938022
2011-01-21,29.625,-1.625,0.9589949
2011-01-22,29.625,-1.625,1.9097697
2011-01-23,29.625,-1.625,0.51159716
2011-01-24,29.625,-1.625,0.08280136
2011-01-25,29.625,-1.625,0.8464041
2011-01-26,29.625,-1.625,0.3324082
2011-01-27,29.625,-1.625,0.22080146
2011-01-28,29.625,-1.625,0.012000055
2011-01-29,29.625,-1.625,0.0
2011-01-30,29.625,-1.625,2.9089847
2011-01-31,29.625,-1.625,18.410748
2011-02-01,29.625,-1.625,0.23579854
2011-02-02,29.625,-1.625,1.0302004
2011-02-03,29.625,-1.625,4.7835407
2011-02-04,29.625,-1.625,1.7744052
2011-02-05,29.625,-1.625,0.0
2011-02-06,29.625,-1.625,0.001599981
2011-02-07,29.625,-1.625,0.0023999717
2011-02-08,29.625,-1.625,0.0
2011-02-09,29.625,-1.625,0.015600576
2011-02-10,29.625,-1.625,0.06640099
2011-02-11,29.625,-1.625,2.0503964
2011-02-12,29.625,-1.625,6.735744
2011-02-13,29.625,-1.625,5.1269145
2011-02-14,29.625,-1.625,5.1595373
2011-02-15,29.625,-1.625,8.081427
2011-02-16,29.625,-1.625,12.66691
2011-02-17,29.625,-1.625,15.220198
2011-02-18,29.625,-1.625,1.172019
2011-02-19,29.625,-1.625,5.1687684
2011-02-20,29.625,-1.625,26.201244
2011-02-21,29.625,-1.625,1.7398093
2011-02-22,29.625,-1.625,22.522007
2011-02-23,29.625,-1.625,0.04240055
2011-02-24,29.625,-1.625,10.827605
2011-02-25,29.625,-1.625,0.020198986
2011-02-26,29.625,-1.625,0.8178034
2011-02-27,29.625,-1.625,11.58996
2011-02-28,29.625,-1.625,0.0
2011-03-01,29.625,-1.625,0.0076001678
2011-03-02,29.625,-1.625,2.2008436
2011-03-03,29.625,-1.625,6.2202864
2011-03-04,29.625,-1.625,1.2661992
2011-03-05,29.625,-1.625,9.620804
2011-03-06,29.625,-1.625,0.74760246
2011-03-07,29.625,-1.625,7.2620754
2011-03-08,29.625,-1.625,3.5793717
2011-03-09,29.625,-1.625,0.8796255
2011-03-10,29.625,-1.625,3.3471558
2011-03-11,29.625,-1.625,0.0
2011-03-12,29.625,-1.625,7.0460725
2011-03-13,29.625,-1.625,11.888052
2011-03-14,29.625,-1.625,6.2998734
2011-03-15,29.625,-1.625,20.01293
2011-03-16,29.625,-1.625,3.86721
2011-03-17,29.625,-1.625,2.4297943
2011-03-18,29.625,-1.625,12.6482525
2011-03-19,29.625,-1.625,9.224213
2011-03-20,29.625,-1.625,0.48160142
2011-03-21,29.625,-1.625,5.5759654
2011-03-22,29.625,-1.625,21.258295
2011-03-23,29.625,-1.625,0.97039664
2011-03-24,29.625,-1.625,7.1862097
2011-03-25,29.625,-1.625,5.4512687
2011-03-26,29.625,-1.625,14.18204
2011-03-27,29.625,-1.625,6.4551387
2011-03-28,29.625,-1.625,0.12800398
2011-03-29,29.625,-1.625,1.0195947
2011-03-30,29.625,-1.625,4.4016
2011-03-31,29.625,-1.625,5.067622
2011-04-01,29.625,-1.625,4.5337563
2011-04-02,29.625,-1.625,10.346454
2011-04-03,29.625,-1.625,1.49257
2011-04-04,29.625,-1.625,14.91862
2011-04-05,29.625,-1.625,9.6589575
2011-04-06,29.625,-1.625,2.462102
2011-04-07,29.625,-1.625,5.049132
2011-04-08,29.625,-1.625,9.559313
2011-04-09,29.625,-1.625,5.06356
2011-04-10,29.625,-1.625,0.0
2011-04-11,29.625,-1.625,0.8647783
2011-04-12,29.625,-1.625,2.1930103
2011-04-13,29.625,-1.625,7.2756634
2011-04-14,29.625,-1.625,1.689803
2011-04-15,29.625,-1.625,10.395036
2011-04-16,29.625,-1.625,4.722216
2011-04-17,29.625,-1.625,0.44318515
2011-04-18,29.625,-1.625,0.024798814
2011-04-19,29.625,-1.625,0.0
2011-04-20,29.625,-1.625,3.405451
2011-04-21,29.625,-1.625,2.5723572
2011-04-22,29.625,-1.625,0.7076178
2011-04-23,29.625,-1.625,2.9325929
2011-04-24,29.625,-1.625,0.037400283
2011-04-25,29.625,-1.625,2.3874192
2011-04-26,29.625,-1.625,5.2684355
2011-04-27,29.625,-1.625,1.4301846
2011-04-28,29.625,-1.625,0.9519994
2011-04-29,29.625,-1.625,0.19719878
2011-04-30,29.625,-1.625,10.446764
2011-05-01,29.625,-1.625,7.116838
2011-05-02,29.625,-1.625,1.444195
2011-05-03,29.625,-1.625,2.0696323
2011-05-04,29.625,-1.625,13.670782
2011-05-05,29.625,-1.625,11.516938
2011-05-06,29.625,-1.625,4.407365
2011-05-07,29.625,-1.625,0.3756056
2011-05-08,29.625,-1.625,1.225404
2011-05-09,29.625,-1.625,0.9657989
2011-05-10,29.625,-1.625,2.4601595
2011-05-11,29.625,-1.625,2.8994064
2011-05-12,29.625,-1.625,1.7460061
2011-05-13,29.625,-1.625,0.004800177
2011-05-14,29.625,-1.625,0.0027998593
2011-05-15,29.625,-1.625,0.12060296
2011-05-16,29.625,-1.625,1.1851866
2011-05-17,29.625,-1.625,1.6268067
2011-05-18,29.625,-1.625,2.1526332
2011-05-19,29.625,-1.625,2.8423831
2011-05-20,29.625,-1.625,7.0378766
2011-05-21,29.625,-1.625,5.364197
2011-05-22,29.625,-1.625,0.52079874
2011-05-23,29.625,-1.625,1.5290053
2011-05-24,29.625,-1.625,0.0316009
2011-05-25,29.625,-1.625,0.12860394
2011-05-26,29.625,-1.625,0.03399944
2011-05-27,29.625,-1.625,0.5946136
2011-05-28,29.625,-1.625,0.0
2011-05-29,29.625,-1.625,0.0
2011-05-30,29.625,-1.625,0.10320381
2011-05-31,29.625,-1.625,0.012000443
2011-06-01,29.625,-1.625,0.031201154
2011-06-02,29.625,-1.625,0.0
2011-06-03,29.625,-1.625,0.020800766
2011-06-04,29.625,-1.625,0.004199912
2011-06-05,29.625,-1.625,0.0
2011-06-06,29.625,-1.625,0.025600946
2011-06-07,29.625,-1.625,2.1090274
2011-06-08,29.625,-1.625,0.08480216
2011-06-09,29.625,-1.625,0.064002365
2011-06-10,29.625,-1.625,0.96399826
2011-06-11,29.625,-1.625,20.998915
2011-06-12,29.625,-1.625,8.400276
2011-06-13,29.625,-1.625,0.025999585
2011-06-14,29.625,-1.625,1.0786247
2011-06-15,29.625,-1.625,0.0
2011-06-16,29.625,-1.625,0.0
2011-06-17,29.625,-1.625,0.0216008
2011-06-18,29.625,-1.625,0.10200376
2011-06-19,29.625,-1.625,0.3422079
2011-06-20,29.625,-1.625,0.019200709
2011-06-21,29.625,-1.625,0.14960551
2011-06-22,29.625,-1.625,0.005999838
2011-06-23,29.625,-1.625,0.67461294
2011-06-24,29.625,-1.625,0.6243953
2011-06-25,29.625,-1.625,5.9158516
2011-06-26,29.625,-1.625,1.2829933
2011-06-27,29.625,-1.625,1.0240098
2011-06-28,29.625,-1.625,16.660398
2011-06-29,29.625,-1.625,0.125001
2011-06-30,29.625,-1.625,0.0
2011-07-01,29.625,-1.625,0.08720119
2011-07-02,29.625,-1.625,0.024000887
2011-07-03,29.625,-1.625,0.003600133
2011-07-04,29.625,-1.625,0.08560184
2011-07-05,29.625,-1.625,0.031599455
2011-07-06,29.625,-1.625,0.0
2011-07-07,29.625,-1.625,0.0
2011-07-08,29.625,-1.625,0.037400156
2011-07-09,29.625,-1.625,0.0
2011-07-10,29.625,-1.625,0.3296122
2011-07-11,29.625,-1.625,0.0
2011-07-12,29.625,-1.625,0.0
2011-07-13,29.625,-1.625,0.0
2011-07-14,29.625,-1.625,0.0
2011-07-15,29.625,-1.625,0.0
2011-07-16,29.625,-1.625,0.0
2011-07-17,29.625,-1.625,0.011200414
2011-07-18,29.625,-1.625,0.00039999525
2011-07-19,29.625,-1.625,0.0
2011-07-20,29.625,-1.625,0.0
2011-07-21,29.625,-1.625,0.0
2011-07-22,29.625,-1.625,0.0039998293
2011-07-23,29.625,-1.625,0.25960016
2011-07-24,29.625,-1.625,0.0
2011-07-25,29.625,-1.625,0.39841092
2011-07-26,29.625,-1.625,2.89839
2011-07-27,29.625,-1.625,20.793589
2011-07-28,29.625,-1.625,10.578267
2011-07-29,29.625,-1.625,1.0131713
2011-07-30,29.625,-1.625,2.2139986
2011-07-31,29.625,-1.625,0.05600207
2011-08-01,29.625,-1.625,0.022399459
2011-08-02,29.625,-1.625,0.024800837
2011-08-03,29.625,-1.625,0.0
2011-08-04,29.625,-1.625,0.039800253
2011-08-05,29.625,-1.625,0.0
2011-08-06,29.625,-1.625,0.0
2011-08-07,29.625,-1.625,0.0
2011-08-08,29.625,-1.625,0.008000296
2011-08-09,29.625,-1.625,0.0
2011-08-10,29.625,-1.625,5.4254184
2011-08-11,29.625,-1.625,1.0760027
2011-08-12,29.625,-1.625,0.50060993
2011-08-13,29.625,-1.625,7.0426126
2011-08-14,29.625,-1.625,1.5816498
2011-08-15,29.625,-1.625,7.894942
2011-08-16,29.625,-1.625,6.461702
2011-08-17,29.625,-1.625,6.044836
2011-08-18,29.625,-1.625,0.5984156
2011-08-19,29.625,-1.625,0.012000092
2011-08-20,29.625,-1.625,1.2251804
2011-08-21,29.625,-1.625,4.286109
2011-08-22,29.625,-1.625,0.082801044
2011-08-23,29.625,-1.625,0.0
2011-08-24,29.625,-1.625,0.109604046
2011-08-25,29.625,-1.625,1.9958076
2011-08-26,29.625,-1.625,9.23972
2011-08-27,29.625,-1.625,0.54340374
2011-08-28,29.625,-1.625,7.725873
2011-08-29,29.625,-1.625,6.699311
2011-08-30,29.625,-1.625,0.00040001475
2011-08-31,29.625,-1.625,0.0
2011-09-01,29.625,-1.625,0.052399203
2011-09-02,29.625,-1.625,4.9753466
2011-09-03,29.625,-1.625,1.6102135
2011-09-04,29.625,-1.625,0.074801154
2011-09-05,29.625,-1.625,6.288482
2011-09-06,29.625,-1.625,1.0536253
2011-09-07,29.625,-1.625,0.09139992
2011-09-08,29.625,-1.625,0.07699816
2011-09-09,29.625,-1.625,6.3438644
2011-09-10,29.625,-1.625,10.195624
2011-09-11,29.625,-1.625,0.4764111
2011-09-12,29.625,-1.625,0.11039826
2011-09-13,29.625,-1.625,3.0982766
2011-09-14,29.625,-1.625,1.5062367
2011-09-15,29.625,-1.625,2.328417
2011-09-16,29.625,-1.625,20.254673
2011-09-17,29.625,-1.625,19.437761
2011-09-18,29.625,-1.625,2.9418194
2011-09-19,29.625,-1.625,0.5620166
2011-09-20,29.625,-1.625,0.30559373
2011-09-21,29.625,-1.625,1.0535674
2011-09-22,29.625,-1.625,3.053214
2011-09-23,29.625,-1.625,1.4902184
2011-09-24,29.625,-1.625,2.4376056
2011-09-25,29.625,-1.625,1.3048046
2011-09-26,29.625,-1.625,0.43500337
2011-09-27,29.625,-1.625,8.102953
2011-09-28,29.625,-1.625,8.461269
2011-09-29,29.625,-1.625,11.590938
2011-09-30,29.625,-1.625,9.110564
2011-10-01,29.625,-1.625,1.671961
2011-10-02,29.625,-1.625,8.47465
2011-10-03,29.625,-1.625,5.244008
2011-10-04,29.625,-1.625,2.9370246
2011-10-05,29.625,-1.625,5.338577
2011-10-06,29.625,-1.625,4.497774
2011-10-07,29.625,-1.625,2.1637743
2011-10-08,29.625,-1.625,0.7432031
2011-10-09,29.625,-1.625,0.8447928
2011-10-10,29.625,-1.625,0.0100003695
2011-10-11,29.625,-1.625,1.7816167
2011-10-12,29.625,-1.625,0.87900573
2011-10-13,29.625,-1.625,15.262186
2011-10-14,29.625,-1.625,2.7024167
2011-10-15,29.625,-1.625,2.1632254
2011-10-16,29.625,-1.625,11.086175
2011-10-17,29.625,-1.625,1.4636207
2011-10-18,29.625,-1.625,1.4286145
2011-10-19,29.625,-1.625,3.4002197
2011-10-20,29.625,-1.625,5.2547784
2011-10-21,29.625,-1.625,0.73499066
2011-10-22,29.625,-1.625,3.3390498
2011-10-23,29.625,-1.625,5.05381
2011-10-24,29.625,-1.625,1.9346117
2011-10-25,29.625,-1.625,0.7155901
2011-10-26,29.625,-1.625,29.164318
2011-10-27,29.625,-1.625,5.625965
2011-10-28,29.625,-1.625,3.6468112
2011-10-29,29.625,-1.625,2.126811
2011-10-30,29.625,-1.625,4.1240563
2011-10-31,29.625,-1.625,0.9797992
2011-11-01,29.625,-1.625,0.15119988
2011-11-02,29.625,-1.625,0.48599967
2011-11-03,29.625,-1.625,2.083759
2011-11-04,29.625,-1.625,3.2058587
2011-11-05,29.625,-1.625,5.100113
2011-11-06,29.625,-1.625,1.6206288
2011-11-07,29.625,-1.625,1.3813709
2011-11-08,29.625,-1.625,16.45715
2011-11-09,29.625,-1.625,3.8548226
2011-11-10,29.625,-1.625,14.630425
2011-11-11,29.625,-1.625,1.8220258
2011-11-12,29.625,-1.625,3.0633569
2011-11-13,29.625,-1.625,0.98921025
2011-11-14,29.625,-1.625,1.5307714
2011-11-15,29.625,-1.625,0.29740486
2011-11-16,29.625,-1.625,0.19520187
2011-11-17,29.625,-1.625,0.64060366
2011-11-18,29.625,-1.625,1.0666089
2011-11-19,29.625,-1.625,0.33299848
2011-11-20,29.625,-1.625,7.330798
2011-11-21,29.625,-1.625,11.913215
2011-11-22,29.625,-1.625,3.76578
2011-11-23,29.625,-1.625,1.3981767
2011-11-24,29.625,-1.625,26.493568
2011-11-25,29.625,-1.625,3.7492297
2011-11-26,29.625,-1.625,2.473432
2011-11-27,29.625,-1.625,5.442912
2011-11-28,29.625,-1.625,6.6508226
2011-11-29,29.625,-1.625,8.813859
2011-11-30,29.625,-1.625,14.504679
2011-12-01,29.625,-1.625,7.4054193
2011-12-02,29.625,-1.625,0.48961437
2011-12-03,29.625,-1.625,6.9434905
2011-12-04,29.625,-1.625,12.633825
2011-12-05,29.625,-1.625,7.63382
2011-12-06,29.625,-1.625,2.143815
2011-12-07,29.625,-1.625,0.2539932
2011-12-08,29.625,-1.625,0.3791949
2011-12-09,29.625,-1.625,3.9815176
2011-12-10,29.625,-1.625,2.862565
2011-12-11,29.625,-1.625,0.0052001923
2011-12-12,29.625,-1.625,0.6266104
2011-12-13,29.625,-1.625,2.7663774
2011-12-14,29.625,-1.625,2.958995
2011-12-15,29.625,-1.625,0.008800324
2011-12-16,29.625,-1.625,1.086978
2011-12-17,29.625,-1.625,2.8656254
2011-12-18,29.625,-1.625,1.6459975
2011-12-19,29.625,-1.625,0.57598686
2011-12-20,29.625,-1.625,3.5048752
2011-12-21,29.625,-1.625,1.465392
2011-12-22,29.625,-1.625,9.754224
2011-12-23,29.625,-1.625,11.816975
2011-12-24,29.625,-1.625,0.5435971
2011-12-25,29.625,-1.625,0.0
2011-12-26,29.625,-1.625,0.0060002217
2011-12-27,29.625,-1.625,0.001600059
2011-12-28,29.625,-1.625,1.969013
2011-12-29,29.625,-1.625,0.22620505
2011-12-30,29.625,-1.625,1.9169751
2011-12-31,29.625,-1.625,12.112126
2012-01-01,29.625,-1.625,0.009999845
2012-01-02,29.625,-1.625,0.0
2012-01-03,29.625,-1.625,0.0
2012-01-04,29.625,-1.625,0.004800177
2012-01-05,29.625,-1.625,0.05779814
2012-01-06,29.625,-1.625,1.2418116
2012-01-07,29.625,-1.625,3.5484245
2012-01-08,29.625,-1.625,2.6956286
2012-01-09,29.625,-1.625,1.4882233
2012-01-10,29.625,-1.625,0.5400012
2012-01-11,29.625,-1.625,0.18799955
2012-01-12,29.625,-1.625,8.899341
2012-01-13,29.625,-1.625,4.3801737
2012-01-14,29.625,-1.625,0.0
2012-01-15,29.625,-1.625,1.3920324
2012-01-16,29.625,-1.625,0.39998835
2012-01-17,29.625,-1.625,0.00040001475
2012-01-18,29.625,-1.625,0.04039872
2012-01-19,29.625,-1.625,0.10159951
2012-01-20,29.625,-1.625,0.019800348
2012-01-21,29.625,-1.625,0.009200266
2012-01-22,29.625,-1.625,0.009199839
2012-01-23,29.625,-1.625,0.3461995
2012-01-24,29.625,-1.625,0.0005999698
2012-01-25,29.625,-1.625,0.04280119
2012-01-26,29.625,-1.625,0.09840014
2012-01-27,29.625,-1.625,0.11900248
2012-01-28,29.625,-1.625,0.0
2012-01-29,29.625,-1.625,0.0012000443
2012-01-30,29.625,-1.625,0.015600577
2012-01-31,29.625,-1.625,0.007199812
2012-02-01,29.625,-1.625,0.0
2012-02-02,29.625,-1.625,0.00040001475
2012-02-03,29.625,-1.625,0.0
2012-02-04,29.625,-1.625,0.0
2012-02-05,29.625,-1.625,0.0013999296
2012-02-06,29.625,-1.625,0.40401277
2012-02-07,29.625,-1.625,0.014199456
2012-02-08,29.625,-1.625,0.02319977
2012-02-09,29.625,-1.625,0.0
2012-02-10,29.625,-1.625,0.0
2012-02-11,29.625,-1.625,0.031200819
2012-02-12,29.625,-1.625,3.9048233
2012-02-13,29.625,-1.625,0.43780652
2012-02-14,29.625,-1.625,0.03619989
2012-02-15,29.625,-1.625,0.15140244
2012-02-16,29.625,-1.625,0.00040001475
2012-02-17,29.625,-1.625,3.0162232
2012-02-18,29.625,-1.625,3.6200154
2012-02-19,29.625,-1.625,14.914918
2012-02-20,29.625,-1.625,0.32540455
2012-02-21,29.625,-1.625,0.8827979
2012-02-22,29.625,-1.625,1.8960453
2012-02-23,29.625,-1.625,3.81362
2012-02-24,29.625,-1.625,7.0138583
2012-02-25,29.625,-1.625,0.3328053
2012-02-26,29.625,-1.625,15.761977
2012-02-27,29.625,-1.625,12.077548
2012-02-28,29.625,-1.625,0.3359998
2012-02-29,29.625,-1.625,2.8175845
2012-03-01,29.625,-1.625,8.239323
2012-03-02,29.625,-1.625,0.32420084
2012-03-03,29.625,-1.625,1.7641617
2012-03-04,29.625,-1.625,7.7222633
2012-03-05,29.625,-1.625,0.04019942
2012-03-06,29.625,-1.625,1.2121935
2012-03-07,29.625,-1.625,0.1859975
2012-03-08,29.625,-1.625,1.6044358
2012-03-09,29.625,-1.625,0.0
2012-03-10,29.625,-1.625,0.0
2012-03-11,29.625,-1.625,0.06459884
2012-03-12,29.625,-1.625,1.2824138
2012-03-13,29.625,-1.625,0.0
2012-03-14,29.625,-1.625,0.0
2012-03-15,29.625,-1.625,0.0
2012-03-16,29.625,-1.625,0.06579962
2012-03-17,29.625,-1.625,0.4079993
2012-03-18,29.625,-1.625,9.294619
2012-03-19,29.625,-1.625,0.2388014
2012-03-20,29.625,-1.625,4.9963927
2012-03-21,29.625,-1.625,0.23819579
2012-03-22,29.625,-1.625,1.8532128
2012-03-23,29.625,-1.625,5.646842
2012-03-24,29.625,-1.625,5.001961
2012-03-25,29.625,-1.625,3.018204
2012-03-26,29.625,-1.625,0.1778022
2012-03-27,29.625,-1.625,2.9120123
2012-03-28,29.625,-1.625,0.69082195
2012-03-29,29.625,-1.625,1.823225
2012-03-30,29.625,-1.625,14.312759
2012-03-31,29.625,-1.625,2.9098356
2012-04-01,29.625,-1.625,6.5945573
2012-04-02,29.625,-1.625,7.4888535
2012-04-03,29.625,-1.625,0.9290112
2012-04-04,29.625,-1.625,3.3726592
2012-04-05,29.625,-1.625,20.795935
2012-04-06,29.625,-1.625,1.1301928
2012-04-07,29.625,-1.625,6.1080694
2012-04-08,29.625,-1.625,2.1796026
2012-04-09,29.625,-1.625,3.162445
2012-04-10,29.625,-1.625,3.9459398
2012-04-11,29.625,-1.625,1.8030063
2012-04-12,29.625,-1.625,5.94019
2012-04-13,29.625,-1.625,9.57036
2012-04-14,29.625,-1.625,3.2441807
2012-04-15,29.625,-1.625,13.972166
2012-04-16,29.625,-1.625,6.1504674
2012-04-17,29.625,-1.625,1.6718141
2012-04-18,29.625,-1.625,1.327221
2012-04-19,29.625,-1.625,7.6520324
2012-04-20,29.625,-1.625,0.030001108
2012-04-21,29.625,-1.625,5.500285
2012-04-22,29.625,-1.625,12.177385
2012-04-23,29.625,-1.625,6.156008
2012-04-24,29.625,-1.625,16.35582
2012-04-25,29.625,-1.625,0.13480332
2012-04-26,29.625,-1.625,0.992777
2012-04-27,29.625,-1.625,2.4850395
2012-04-28,29.625,-1.625,2.8740506
2012-04-29,29.625,-1.625,2.2229536
2012-04-30,29.625,-1.625,9.935573
2012-05-01,29.625,-1.625,4.7669744
2012-05-02,29.625,-1.625,12.518991
2012-05-03,29.625,-1.625,13.292794
2012-05-04,29.625,-1.625,3.6157393
2012-05-05,29.625,-1.625,4.852507
2012-05-06,29.625,-1.625,2.4042046
2012-05-07,29.625,-1.625,10.189415
2012-05-08,29.625,-1.625,22.395607
2012-05-09,29.625,-1.625,3.5704217
2012-05-10,29.625,-1.625,9.814619
2012-05-11,29.625,-1.625,3.021001
2012-05-12,29.625,-1.625,2.3869774
2012-05-13,29.625,-1.625,1.0202049
2012-05-14,29.625,-1.625,2.1652281
2012-05-15,29.625,-1.625,9.190729
2012-05-16,29.625,-1.625,8.707505
2012-05-17,29.625,-1.625,20.202036
2012-05-18,29.625,-1.625,18.889164
2012-05-19,29.625,-1.625,0.97376835
2012-05-20,29.625,-1.625,6.805687
2012-05-21,29.625,-1.625,1.3026011
2012-05-22,29.625,-1.625,0.006400236
2012-05-23,29.625,-1.625,2.1161838
2012-05-24,29.625,-1.625,22.144411
2012-05-25,29.625,-1.625,0.12159987
2012-05-26,29.625,-1.625,2.1560187
2012-05-27,29.625,-1.625,0.601997
2012-05-28,29.625,-1.625,1.8388015
2012-05-29,29.625,-1.625,0.92400205
2012-05-30,29.625,-1.625,0.10200377
2012-05-31,29.625,-1.625,0.40841505
2012-06-01,29.625,-1.625,0.0
2012-06-02,29.625,-1.625,0.0
2012-06-03,29.625,-1.625,0.63460934
2012-06-04,29.625,-1.625,0.030400693
2012-06-05,29.625,-1.625,0.0
2012-06-06,29.625,-1.625,2.2284257
2012-06-07,29.625,-1.625,0.013600502
2012-06-08,29.625,-1.625,0.86201215
2012-06-09,29.625,-1.625,0.5219922
2012-06-10,29.625,-1.625,2.6239853
2012-06-11,29.625,-1.625,8.001541
2012-06-12,29.625,-1.625,0.17480424
2012-06-13,29.625,-1.625,0.0
2012-06-14,29.625,-1.625,0.17599463
2012-06-15,29.625,-1.625,0.22299588
2012-06-16,29.625,-1.625,0.012400263
2012-06-17,29.625,-1.625,0.7410071
2012-06-18,29.625,-1.625,0.015200562
2012-06-19,29.625,-1.625,0.40120372
2012-06-20,29.625,-1.625,0.0
2012-06-21,29.625,-1.625,0.0
2012-06-22,29.625,-1.625,0.019200709
2012-06-23,29.625,-1.625,0.0
2012-06-24,29.625,-1.625,0.08860156
2012-06-25,29.625,-1.625,0.40321195
2012-06-26,29.625,-1.625,9.450221
2012-06-27,29.625,-1.625,0.0
2012-06-28,29.625,-1.625,0.07280269
2012-06-29,29.625,-1.625,0.019200709
2012-06-30,29.625,-1.625,0.025599778
2012-07-01,29.625,-1.625,0.13520305
2012-07-02,29.625,-1.625,0.48881805
2012-07-03,29.625,-1.625,3.9131703
2012-07-04,29.625,-1.625,0.0
2012-07-05,29.625,-1.625,0.0
2012-07-06,29.625,-1.625,0.0
2012-07-07,29.625,-1.625,0.11040103
2012-07-08,29.625,-1.625,0.28999647
2012-07-09,29.625,-1.625,0.0
2012-07-10,29.625,-1.625,0.0
2012-07-11,29.625,-1.625,0.08880328
2012-07-12,29.625,-1.625,0.090803355
2012-07-13,29.625,-1.625,0.33561242
2012-07-14,29.625,-1.625,0.074802764
2012-07-15,29.625,-1.625,0.039600566
2012-07-16,29.625,-1.625,0.33961254
2012-07-17,29.625,-1.625,1.1956083
2012-07-18,29.625,-1.625,0.6760012
2012-07-19,29.625,-1.625,0.0
2012-07-20,29.625,-1.625,0.0
2012-07-21,29.625,-1.625,0.021200784
2012-07-22,29.625,-1.625,0.41480815
2012-07-23,29.625,-1.625,0.3444121
2012-07-24,29.625,-1.625,1.445394
2012-07-25,29.625,-1.625,2.1178062
2012-07-26,29.625,-1.625,0.0
2012-07-27,29.625,-1.625,0.0
2012-07-28,29.625,-1.625,0.33880898
2012-07-29,29.625,-1.625,1.1689806
2012-07-30,29.625,-1.625,0.83242697
2012-07-31,29.625,-1.625,0.0
2012-08-01,29.625,-1.625,0.0
2012-08-02,29.625,-1.625,0.002000074
2012-08-03,29.625,-1.625,0.0024000886
2012-08-04,29.625,-1.625,0.0
2012-08-05,29.625,-1.625,0.0
2012-08-06,29.625,-1.625,0.0
2012-08-07,29.625,-1.625,0.4159901
2012-08-08,29.625,-1.625,8.976802
2012-08-09,29.625,-1.625,5.102019
2012-08-10,29.625,-1.625,0.11180202
2012-08-11,29.625,-1.625,0.11280417
2012-08-12,29.625,-1.625,0.01979928
2012-08-13,29.625,-1.625,0.011999397
2012-08-14,29.625,-1.625,0.0
2012-08-15,29.625,-1.625,0.0
2012-08-16,29.625,-1.625,0.029399417
2012-08-17,29.625,-1.625,0.001600059
2012-08-18,29.625,-1.625,0.07040209
2012-08-19,29.625,-1.625,0.21320103
2012-08-20,29.625,-1.625,0.0
2012-08-21,29.625,-1.625,0.00040001475
2012-08-22,29.625,-1.625,0.0
2012-08-23,29.625,-1.625,0.0
2012-08-24,29.625,-1.625,0.022800846
2012-08-25,29.625,-1.625,0.68799245
2012-08-26,29.625,-1.625,5.558603
2012-08-27,29.625,-1.625,14.15592
2012-08-28,29.625,-1.625,6.0434937
2012-08-29,29.625,-1.625,8.84355
2012-08-30,29.625,-1.625,4.5928435
2012-08-31,29.625,-1.625,0.70160913
2012-09-01,29.625,-1.625,9.682779
2012-09-02,29.625,-1.625,12.971433
2012-09-03,29.625,-1.625,0.0
2012-09-04,29.625,-1.625,0.65519685
2012-09-05,29.625,-1.625,1.5160007
2012-09-06,29.625,-1.625,1.128193
2012-09-07,29.625,-1.625,0.9086048
2012-09-08,29.625,-1.625,21.33886
2012-09-09,29.625,-1.625,2.714786
2012-09-10,29.625,-1.625,0.09299897
2012-09-11,29.625,-1.625,4.0796204
2012-09-12,29.625,-1.625,6.557815
2012-09-13,29.625,-1.625,6.4528637
2012-09-14,29.625,-1.625,3.1382477
2012-09-15,29.625,-1.625,2.2867632
2012-09-16,29.625,-1.625,6.010511
2012-09-17,29.625,-1.625,0.4202029
2012-09-18,29.625,-1.625,0.039199896
2012-09-19,29.625,-1.625,5.0072575
2012-09-20,29.625,-1.625,3.8032026
2012-09-21,29.625,-1.625,0.0008000295
2012-09-22,29.625,-1.625,0.0
2012-09-23,29.625,-1.625,0.12379904
2012-09-24,29.625,-1.625,6.6326184
2012-09-25,29.625,-1.625,1.3968285
2012-09-26,29.625,-1.625,1.9664221
2012-09-27,29.625,-1.625,0.036800623
2012-09-28,29.625,-1.625,1.5606408
2012-09-29,29.625,-1.625,0.7875916
2012-09-30,29.625,-1.625,1.9176573
2012-10-01,29.625,-1.625,0.23659378
2012-10-02,29.625,-1.625,0.4444081
2012-10-03,29.625,-1.625,0.3691996
2012-10-04,29.625,-1.625,0.049600285
2012-10-05,29.625,-1.625,1.9018594
2012-10-06,29.625,-1.625,1.667976
2012-10-07,29.625,-1.625,0.9407731
2012-10-08,29.625,-1.625,11.150235
2012-10-09,29.625,-1.625,0.020800348
2012-10-10,29.625,-1.625,9.842454
2012-10-11,29.625,-1.625,1.6277962
2012-10-12,29.625,-1.625,1.2382026
2012-10-13,29.625,-1.625,3.12374
2012-10-14,29.625,-1.625,8.536091
2012-10-15,29.625,-1.625,2.2534282
2012-10-16,29.625,-1.625,10.439767
2012-10-17,29.625,-1.625,3.897664
2012-10-18,29.625,-1.625,10.678143
2012-10-19,29.625,-1.625,16.12908
2012-10-20,29.625,-1.625,4.8729453
2012-10-21,29.625,-1.625,5.8374376
2012-10-22,29.625,-1.625,1.0271871
2012-10-23,29.625,-1.625,3.7998106
2012-10-24,29.625,-1.625,8.116708
2012-10-25,29.625,-1.625,8.511916
2012-10-26,29.625,-1.625,7.6794353
2012-10-27,29.625,-1.625,13.26848
2012-10-28,29.625,-1.625,0.8578118
2012-10-29,29.625,-1.625,8.266024
2012-10-30,29.625,-1.625,35.35351
2012-10-31,29.625,-1.625,9.008804
2012-11-01,29.625,-1.625,11.46284
2012-11-02,29.625,-1.625,1.6276134
2012-11-03,29.625,-1.625,10.86878
2012-11-04,29.625,-1.625,10.768402
2012-11-05,29.625,-1.625,1.1995977
2012-11-06,29.625,-1.625,0.53480744
2012-11-07,29.625,-1.625,1.7212318
2012-11-08,29.625,-1.625,1.1174185
2012-11-09,29.625,-1.625,5.8058825
2012-11-10,29.625,-1.625,2.1410227
2012-11-11,29.625,-1.625,0.49319685
2012-11-12,29.625,-1.625,3.7941282
2012-11-13,29.625,-1.625,0.38919523
2012-11-14,29.625,-1.625,3.0842474
2012-11-15,29.625,-1.625,0.7304017
2012-11-16,29.625,-1.625,1.623609
2012-11-17,29.625,-1.625,0.37039542
2012-11-18,29.625,-1.625,2.7088735
2012-11-19,29.625,-1.625,0.6154097
2012-11-20,29.625,-1.625,1.9505569
2012-11-21,29.625,-1.625,16.38297
2012-11-22,29.625,-1.625,7.17168
2012-11-23,29.625,-1.625,1.5279899
2012-11-24,29.625,-1.625,12.5285635
2012-11-25,29.625,-1.625,5.99467
2012-11-26,29.625,-1.625,9.641264
2012-11-27,29.625,-1.625,5.307807
2012-11-28,29.625,-1.625,7.160306
2012-11-29,29.625,-1.625,1.0700309
2012-11-30,29.625,-1.625,0.087998316
2012-12-01,29.625,-1.625,0.4705979
2012-12-02,29.625,-1.625,0.034798495
2012-12-03,29.625,-1.625,0.18780503
2012-12-04,29.625,-1.625,5.699793
2012-12-05,29.625,-1.625,5.7392306
2012-12-06,29.625,-1.625,5.2466435
2012-12-07,29.625,-1.625,3.3613946
2012-12-08,29.625,-1.625,0.38800785
2012-12-09,29.625,-1.625,8.852388
2012-12-10,29.625,-1.625,9.960354
2012-12-11,29.625,-1.625,1.7613816
2012-12-12,29.625,-1.625,1.4961536
2012-12-13,29.625,-1.625,1.422615
2012-12-14,29.625,-1.625,0.5288099
2012-12-15,29.625,-1.625,10.514019
2012-12-16,29.625,-1.625,5.8355837
2012-12-17,29.625,-1.625,0.0
2012-12-18,29.625,-1.625,2.229602
2012-12-19,29.625,-1.625,0.79658014
2012-12-20,29.625,-1.625,0.0624023
2012-12-21,29.625,-1.625,0.07680233
2012-12-22,29.625,-1.625,1.0504148
2012-12-23,29.625,-1.625,5.332173
2012-12-24,29.625,-1.625,2.6310003
2012-12-25,29.625,-1.625,3.811475
2012-12-26,29.625,-1.625,0.0
2012-12-27,29.625,-1.625,5.373993
2012-12-28,29.625,-1.625,14.552281
2012-12-29,29.625,-1.625,5.2510166
2012-12-30,29.625,-1.625,4.4157457
2012-12-31,29.625,-1.625,25.673687
2013-01-01,29.625,-1.625,0.16800061
2013-01-02,29.625,-1.625,1.5445426
2013-01-03,29.625,-1.625,0.66700655
2013-01-04,29.625,-1.625,0.5251915
2013-01-05,29.625,-1.625,10.96366
2013-01-06,29.625,-1.625,5.4558787
2013-01-07,29.625,-1.625,4.1266685
2013-01-08,29.625,-1.625,1.9701813
2013-01-09,29.625,-1.625,1.4357429
2013-01-10,29.625,-1.625,0.047198266
2013-01-11,29.625,-1.625,0.0
2013-01-12,29.625,-1.625,0.01880042
2013-01-13,29.625,-1.625,0.039000094
2013-01-14,29.625,-1.625,0.011999745
2013-01-15,29.625,-1.625,1.9523767
2013-01-16,29.625,-1.625,0.4837956
2013-01-17,29.625,-1.625,0.7427709
2013-01-18,29.625,-1.625,0.14279956
2013-01-19,29.625,-1.625,13.032436
2013-01-20,29.625,-1.625,7.6919117
2013-01-21,29.625,-1.625,0.13119906
2013-01-22,29.625,-1.625,0.0012000052
2013-01-23,29.625,-1.625,1.3591865
2013-01-24,29.625,-1.625,0.29739624
2013-01-25,29.625,-1.625,0.0
2013-01-26,29.625,-1.625,1.1977873
2013-01-27,29.625,-1.625,7.1968417
2013-01-28,29.625,-1.625,2.5279977
2013-01-29,29.625,-1.625,4.822277
2013-01-30,29.625,-1.625,1.0782
2013-01-31,29.625,-1.625,1.8606051
2013-02-01,29.625,-1.625,1.1386108
2013-02-02,29.625,-1.625,11.429224
2013-02-03,29.625,-1.625,0.20259884
2013-02-04,29.625,-1.625,0.2311992
2013-02-05,29.625,-1.625,0.005600028
2013-02-06,29.625,-1.625,0.6543841
2013-02-07,29.625,-1.625,2.343647
2013-02-08,29.625,-1.625,5.233816
2013-02-09,29.625,-1.625,0.41838735
2013-02-10,29.625,-1.625,0.0
2013-02-11,29.625,-1.625,13.547846
2013-02-12,29.625,-1.625,0.3917976
2013-02-13,29.625,-1.625,3.3289511
2013-02-14,29.625,-1.625,1.8340025
2013-02-15,29.625,-1.625,1.2572109
2013-02-16,29.625,-1.625,0.29059616
2013-02-17,29.625,-1.625,0.3021919
2013-02-18,29.625,-1.625,6.629651
2013-02-19,29.625,-1.625,2.0425928
2013-02-20,29.625,-1.625,0.48159093
2013-02-21,29.625,-1.625,0.47319537
2013-02-22,29.625,-1.625,4.972125
2013-02-23,29.625,-1.625,0.13539515
2013-02-24,29.625,-1.625,0.07439637
2013-02-25,29.625,-1.625,0.0060002217
2013-02-26,29.625,-1.625,0.0
2013-02-27,29.625,-1.625,0.16780496
2013-02-28,29.625,-1.625,0.0101998355
2013-03-01,29.625,-1.625,0.14080225
2013-03-02,29.625,-1.625,1.3663932
2013-03-03,29.625,-1.625,8.392175
2013-03-04,29.625,-1.625,6.654277
2013-03-05,29.625,-1.625,1.5186296
2013-03-06,29.625,-1.625,2.5623722
2013-03-07,29.625,-1.625,3.8748755
2013-03-08,29.625,-1.625,3.3768542
2013-03-09,29.625,-1.625,22.631872
2013-03-10,29.625,-1.625,10.04546
2013-03-11,29.625,-1.625,44.69547
2013-03-12,29.625,-1.625,8.703493
2013-03-13,29.625,-1.625,0.56721157
2013-03-14,29.625,-1.625,4.0246153
2013-03-15,29.625,-1.625,0.07119828
2013-03-16,29.625,-1.625,0.8476199
2013-03-17,29.625,-1.625,0.23959398
2013-03-18,29.625,-1.625,4.8432393
2013-03-19,29.625,-1.625,13.206963
2013-03-20,29.625,-1.625,6.7996755
2013-03-21,29.625,-1.625,7.181876
2013-03-22,29.625,-1.625,13.129549
2013-03-23,29.625,-1.625,6.042189
2013-03-24,29.625,-1.625,5.519787
2013-03-25,29.625,-1.625,1.3727889
2013-03-26,29.625,-1.625,15.72835
2013-03-27,29.625,-1.625,2.5511901
2013-03-28,29.625,-1.625,2.36181
2013-03-29,29.625,-1.625,5.3023458
2013-03-30,29.625,-1.625,16.736181
2013-03-31,29.625,-1.625,15.857938
2013-04-01,29.625,-1.625,0.65339506
2013-04-02,29.625,-1.625,5.151606
2013-04-03,29.625,-1.625,3.5794332
2013-04-04,29.625,-1.625,2.8188286
2013-04-05,29.625,-1.625,6.4484544
2013-04-06,29.625,-1.625,3.0626254
2013-04-07,29.625,-1.625,2.3778226
2013-04-08,29.625,-1.625,6.0218334
2013-04-09,29.625,-1.625,2.3429742
2013-04-10,29.625,-1.625,8.214127
2013-04-11,29.625,-1.625,12.600431
2013-04-12,29.625,-1.625,5.8141956
2013-04-13,29.625,-1.625,0.095402256
2013-04-14,29.625,-1.625,3.306544
2013-04-15,29.625,-1.625,7.1252294
2013-04-16,29.625,-1.625,12.685083
2013-04-17,29.625,-1.625,1.5994108
2013-04-18,29.625,-1.625,0.054800164
2013-04-19,29.625,-1.625,0.025200784
2013-04-20,29.625,-1.625,0.9526081
2013-04-21,29.625,-1.625,1.7312098
2013-04-22,29.625,-1.625,2.5505903
2013-04-23,29.625,-1.625,1.1258265
2013-04-24,29.625,-1.625,4.500648
2013-04-25,29.625,-1.625,7.471659
2013-04-26,29.625,-1.625,1.964987
2013-04-27,29.625,-1.625,1.7386178
2013-04-28,29.625,-1.625,1.267217
2013-04-29,29.625,-1.625,1.0573933
2013-04-30,29.625,-1.625,1.0769998
2013-05-01,29.625,-1.625,3.9620438
2013-05-02,29.625,-1.625,19.383041
2013-05-03,29.625,-1.625,9.36397
2013-05-04,29.625,-1.625,3.7660143
2013-05-05,29.625,-1.625,12.585824
2013-05-06,29.625,-1.625,6.2639394
2013-05-07,29.625,-1.625,0.006200107
2013-05-08,29.625,-1.625,0.16800192
2013-05-09,29.625,-1.625,4.319147
2013-05-10,29.625,-1.625,1.5947791
2013-05-11,29.625,-1.625,0.62340504
2013-05-12,29.625,-1.625,2.639624
2013-05-13,29.625,-1.625,0.6813979
2013-05-14,29.625,-1.625,1.5614078
2013-05-15,29.625,-1.625,0.061602272
2013-05-16,29.625,-1.625,0.027201004
2013-05-17,29.625,-1.625,0.0
2013-05-18,29.625,-1.625,0.26260644
2013-05-19,29.625,-1.625,0.0
2013-05-20,29.625,-1.625,0.012000443
2013-05-21,29.625,-1.625,0.04240145
2013-05-22,29.625,-1.625,1.7635744
2013-05-23,29.625,-1.625,0.1872002
2013-05-24,29.625,-1.625,0.38260266
2013-05-25,29.625,-1.625,0.12800072
2013-05-26,29.625,-1.625,0.03120115
2013-05-27,29.625,-1.625,0.39841473
2013-05-28,29.625,-1.625,0.0
2013-05-29,29.625,-1.625,0.0
2013-05-30,29.625,-1.625,0.030800864
2013-05-31,29.625,-1.625,6.9686604
2013-06-01,29.625,-1.625,0.008399926
2013-06-02,29.625,-1.625,0.0
2013-06-03,29.625,-1.625,0.0
2013-06-04,29.625,-1.625,0.068402424
2013-06-05,29.625,-1.625,0.0
2013-06-06,29.625,-1.625,0.024400901
2013-06-07,29.625,-1.625,0.0
2013-06-08,29.625,-1.625,0.0
2013-06-09,29.625,-1.625,0.0
2013-06-10,29.625,-1.625,0.0
2013-06-11,29.625,-1.625,0.0
2013-06-12,29.625,-1.625,0.08800297
2013-06-13,29.625,-1.625,0.004800177
2013-06-14,29.625,-1.625,0.04439991
2013-06-15,29.625,-1.625,0.0
2013-06-16,29.625,-1.625,0.003200118
2013-06-17,29.625,-1.625,0.14920516
2013-06-18,29.625,-1.625,0.21120363
2013-06-19,29.625,-1.625,0.064802386
2013-06-20,29.625,-1.625,0.0
2013-06-21,29.625,-1.625,0.01920071
2013-06-22,29.625,-1.625,0.0
2013-06-23,29.625,-1.625,0.0
2013-06-24,29.625,-1.625,0.0
2013-06-25,29.625,-1.625,0.0
2013-06-26,29.625,-1.625,0.002199959
2013-06-27,29.625,-1.625,0.02480017
2013-06-28,29.625,-1.625,0.0
2013-06-29,29.625,-1.625,0.0
2013-06-30,29.625,-1.625,0.11000407
2013-07-01,29.625,-1.625,0.019200709
2013-07-02,29.625,-1.625,0.10880401
2013-07-03,29.625,-1.625,0.026400972
2013-07-04,29.625,-1.625,1.1697872
2013-07-05,29.625,-1.625,0.06299737
2013-07-06,29.625,-1.625,0.0
2013-07-07,29.625,-1.625,0.0
2013-07-08,29.625,-1.625,0.0
2013-07-09,29.625,-1.625,0.15120558
2013-07-10,29.625,-1.625,0.022000814
2013-07-11,29.625,-1.625,0.0
2013-07-12,29.625,-1.625,0.0
2013-07-13,29.625,-1.625,0.0
2013-07-14,29.625,-1.625,0.0011999396
2013-07-15,29.625,-1.625,0.0
2013-07-16,29.625,-1.625,0.0
2013-07-17,29.625,-1.625,0.0
2013-07-18,29.625,-1.625,0.0
2013-07-19,29.625,-1.625,0.0
2013-07-20,29.625,-1.625,0.0
2013-07-21,29.625,-1.625,0.0
2013-07-22,29.625,-1.625,0.0
2013-07-23,29.625,-1.625,0.0
2013-07-24,29.625,-1.625,0.016000591
2013-07-25,29.625,-1.625,0.0
2013-07-26,29.625,-1.625,0.0
2013-07-27,29.625,-1.625,0.0
2013-07-28,29.625,-1.625,0.0
2013-07-29,29.625,-1.625,0.0028001033
2013-07-30,29.625,-1.625,0.10159879
2013-07-31,29.625,-1.625,1.2364326
2013-08-01,29.625,-1.625,0.07880272
2013-08-02,29.625,-1.625,0.32520732
2013-08-03,29.625,-1.625,0.04020123
2013-08-04,29.625,-1.625,0.5306095
2013-08-05,29.625,-1.625,0.1008008
2013-08-06,29.625,-1.625,1.3585699
2013-08-07,29.625,-1.625,0.0
2013-08-08,29.625,-1.625,0.69860715
2013-08-09,29.625,-1.625,0.0
2013-08-10,29.625,-1.625,0.032800898
2013-08-11,29.625,-1.625,0.0
2013-08-12,29.625,-1.625,0.010400266
2013-08-13,29.625,-1.625,0.0012000443
2013-08-14,29.625,-1.625,0.0
2013-08-15,29.625,-1.625,0.007200266
2013-08-16,29.625,-1.625,5.1079774
2013-08-17,29.625,-1.625,5.231119
2013-08-18,29.625,-1.625,0.05179826
2013-08-19,29.625,-1.625,4.2194715
2013-08-20,29.625,-1.625,0.45241532
2013-08-21,29.625,-1.625,0.06600163
2013-08-22,29.625,-1.625,0.0011999396
2013-08-23,29.625,-1.625,0.2079966
2013-08-24,29.625,-1.625,0.093601234
2013-08-25,29.625,-1.625,0.001600059
2013-08-26,29.625,-1.625,0.038401417
2013-08-27,29.625,-1.625,0.006800251
2013-08-28,29.625,-1.625,0.0024000886
2013-08-29,29.625,-1.625,0.00840031
2013-08-30,29.625,-1.625,0.2039983
2013-08-31,29.625,-1.625,14.434269
2013-09-01,29.625,-1.625,6.74433
2013-09-02,29.625,-1.625,18.412333
2013-09-03,29.625,-1.625,1.1081922
2013-09-04,29.625,-1.625,0.0
2013-09-05,29.625,-1.625,0.0
2013-09-06,29.625,-1.625,0.008800325
2013-09-07,29.625,-1.625,0.03919977
2013-09-08,29.625,-1.625,0.34480193
2013-09-09,29.625,-1.625,1.0880088
2013-09-10,29.625,-1.625,11.515743
2013-09-11,29.625,-1.625,2.745585
2013-09-12,29.625,-1.625,0.37459737
2013-09-13,29.625,-1.625,0.05239757
2013-09-14,29.625,-1.625,0.030599087
2013-09-15,29.625,-1.625,0.0044001625
2013-09-16,29.625,-1.625,0.0
2013-09-17,29.625,-1.625,2.610999
2013-09-18,29.625,-1.625,3.7132237
2013-09-19,29.625,-1.625,3.7664995
2013-09-20,29.625,-1.625,0.14240122
2013-09-21,29.625,-1.625,0.5076137
2013-09-22,29.625,-1.625,3.3172266
2013-09-23,29.625,-1.625,1.510187
2013-09-24,29.625,-1.625,2.4323905
2013-09-25,29.625,-1.625,5.8157425
2013-09-26,29.625,-1.625,10.556748
2013-09-27,29.625,-1.625,5.8884306
2013-09-28,29.625,-1.625,3.6268468
2013-09-29,29.625,-1.625,4.1364117
2013-09-30,29.625,-1.625,1.2105653
2013-10-01,29.625,-1.625,0.9289815
2013-10-02,29.625,-1.625,0.051199622
2013-10-03,29.625,-1.625,2.7223504
2013-10-04,29.625,-1.625,4.3732233
2013-10-05,29.625,-1.625,0.17280431
2013-10-06,29.625,-1.625,0.024800878
2013-10-07,29.625,-1.625,0.12259927
2013-10-08,29.625,-1.625,0.030998938
2013-10-09,29.625,-1.625,1.1921996
2013-10-10,29.625,-1.625,1.6172271
2013-10-11,29.625,-1.625,2.967817
2013-10-12,29.625,-1.625,1.9021974
2013-10-13,29.625,-1.625,0.98362887
2013-10-14,29.625,-1.625,0.0
2013-10-15,29.625,-1.625,0.0
2013-10-16,29.625,-1.625,0.09120321
2013-10-17,29.625,-1.625,0.014400102
2013-10-18,29.625,-1.625,0.0
2013-10-19,29.625,-1.625,3.6777463
2013-10-20,29.625,-1.625,0.71417826
2013-10-21,29.625,-1.625,0.9095986
2013-10-22,29.625,-1.625,0.26920772
2013-10-23,29.625,-1.625,3.4918094
2013-10-24,29.625,-1.625,3.4876666
2013-10-25,29.625,-1.625,0.12560456
2013-10-26,29.625,-1.625,0.0068002506
2013-10-27,29.625,-1.625,0.014000518
2013-10-28,29.625,-1.625,10.406737
2013-10-29,29.625,-1.625,8.010085
2013-10-30,29.625,-1.625,0.26760107
2013-10-31,29.625,-1.625,0.49140927
2013-11-01,29.625,-1.625,4.4140086
2013-11-02,29.625,-1.625,0.09299566
2013-11-03,29.625,-1.625,2.5518463
2013-11-04,29.625,-1.625,2.0791845
2013-11-05,29.625,-1.625,13.136884
2013-11-06,29.625,-1.625,6.7334614
2013-11-07,29.625,-1.625,1.1354139
2013-11-08,29.625,-1.625,9.897149
2013-11-09,29.625,-1.625,1.4525703
2013-11-10,29.625,-1.625,8.191774
2013-11-11,29.625,-1.625,7.42124
2013-11-12,29.625,-1.625,2.9020388
2013-11-13,29.625,-1.625,0.062801905
2013-11-14,29.625,-1.625,2.714424
2013-11-15,29.625,-1.625,3.5324292
2013-11-16,29.625,-1.625,5.567497
2013-11-17,29.625,-1.625,0.799225
2013-11-18,29.625,-1.625,0.43941003
2013-11-19,29.625,-1.625,0.6487876
2013-11-20,29.625,-1.625,6.426432
2013-11-21,29.625,-1.625,3.2668595
2013-11-22,29.625,-1.625,12.150592
2013-11-23,29.625,-1.625,5.5857606
2013-11-24,29.625,-1.625,6.5001607
2013-11-25,29.625,-1.625,3.0466619
2013-11-26,29.625,-1.625,0.25940475
2013-11-27,29.625,-1.625,3.59558
2013-11-28,29.625,-1.625,1.9766124
2013-11-29,29.625,-1.625,0.26640573
2013-11-30,29.625,-1.625,0.4548054
2013-12-01,29.625,-1.625,0.2504032
2013-12-02,29.625,-1.625,0.52840793
2013-12-03,29.625,-1.625,0.7501961
2013-12-04,29.625,-1.625,12.029908
2013-12-05,29.625,-1.625,11.042264
2013-12-06,29.625,-1.625,2.5009658
2013-12-07,29.625,-1.625,6.4973946
2013-12-08,29.625,-1.625,2.9165623
2013-12-09,29.625,-1.625,0.005600207
2013-12-10,29.625,-1.625,11.044563
2013-12-11,29.625,-1.625,16.929874
2013-12-12,29.625,-1.625,11.759745
2013-12-13,29.625,-1.625,2.3465776
2013-12-14,29.625,-1.625,1.801775
2013-12-15,29.625,-1.625,0.403598
2013-12-16,29.625,-1.625,0.15280265
2013-12-17,29.625,-1.625,13.129065
2013-12-18,29.625,-1.625,1.1947805
2013-12-19,29.625,-1.625,0.578415
2013-12-20,29.625,-1.625,0.006400236
2013-12-21,29.625,-1.625,0.010999821
2013-12-22,29.625,-1.625,0.0011999396
2013-12-23,29.625,-1.625,0.023199957
2013-12-24,29.625,-1.625,0.47220302
2013-12-25,29.625,-1.625,0.3510086
2013-12-26,29.625,-1.625,4.9997416
2013-12-27,29.625,-1.625,0.057600956
2013-12-28,29.625,-1.625,9.979025
2013-12-29,29.625,-1.625,4.591767
2013-12-30,29.625,-1.625,9.60138
2013-12-31,29.625,-1.625,16.24658
2014-01-01,29.625,-1.625,1.7655684
2014-01-02,29.625,-1.625,1.631034
2014-01-03,29.625,-1.625,0.0011999704
2014-01-04,29.625,-1.625,0.0
2014-01-05,29.625,-1.625,0.18639527
2014-01-06,29.625,-1.625,0.017600533
2014-01-07,29.625,-1.625,0.0051997383
2014-01-08,29.625,-1.625,1.4273925
2014-01-09,29.625,-1.625,3.6962087
2014-01-10,29.625,-1.625,0.15500185
2014-01-11,29.625,-1.625,2.2017365
2014-01-12,29.625,-1.625,0.2268075
2014-01-13,29.625,-1.625,0.045601137
2014-01-14,29.625,-1.625,0.083798096
2014-01-15,29.625,-1.625,0.33780503
2014-01-16,29.625,-1.625,0.07039958
2014-01-17,29.625,-1.625,0.0
2014-01-18,29.625,-1.625,1.4957855
2014-01-19,29.625,-1.625,1.0222077
2014-01-20,29.625,-1.625,1.1105961
2014-01-21,29.625,-1.625,0.4515974
2014-01-22,29.625,-1.625,1.3979746
2014-01-23,29.625,-1.625,3.9740243
2014-01-24,29.625,-1.625,0.10919983
2014-01-25,29.625,-1.625,4.937027
2014-01-26,29.625,-1.625,1.2822025
2014-01-27,29.625,-1.625,0.048401784
2014-01-28,29.625,-1.625,1.8504186
2014-01-29,29.625,-1.625,0.053998385
2014-01-30,29.625,-1.625,0.0
2014-01-31,29.625,-1.625,1.9349947
2014-02-01,29.625,-1.625,0.113794625
2014-02-02,29.625,-1.625,0.14280015
2014-02-03,29.625,-1.625,0.16199875
2014-02-04,29.625,-1.625,1.7793503
2014-02-05,29.625,-1.625,19.444965
2014-02-06,29.625,-1.625,6.7651663
2014-02-07,29.625,-1.625,2.1096044
2014-02-08,29.625,-1.625,0.8358065
2014-02-09,29.625,-1.625,0.91537136
2014-02-10,29.625,-1.625,1.6954179
2014-02-11,29.625,-1.625,0.19519904
2014-02-12,29.625,-1.625,1.1863763
2014-02-13,29.625,-1.625,0.15100007
2014-02-14,29.625,-1.625,11.575161
2014-02-15,29.625,-1.625,0.35040063
2014-02-16,29.625,-1.625,0.09460148
2014-02-17,29.625,-1.625,0.057397462
2014-02-18,29.625,-1.625,0.09840363
2014-02-19,29.625,-1.625,0.11819847
2014-02-20,29.625,-1.625,7.262919
2014-02-21,29.625,-1.625,0.32921216
2014-02-22,29.625,-1.625,6.8820114
2014-02-23,29.625,-1.625,6.5315948
2014-02-24,29.625,-1.625,10.561394
2014-02-25,29.625,-1.625,5.652048
2014-02-26,29.625,-1.625,5.7813873
2014-02-27,29.625,-1.625,0.03920045
2014-02-28,29.625,-1.625,0.0056002066
2014-03-01,29.625,-1.625,0.07920158
2014-03-02,29.625,-1.625,0.24039727
2014-03-03,29.625,-1.625,0.0
2014-03-04,29.625,-1.625,0.0024000187
2014-03-05,29.625,-1.625,0.56979406
2014-03-06,29.625,-1.625,6.7071223
2014-03-07,29.625,-1.625,0.648804
2014-03-08,29.625,-1.625,0.0
2014-03-09,29.625,-1.625,3.7266135
2014-03-10,29.625,-1.625,1.7124349
2014-03-11,29.625,-1.625,10.247634
2014-03-12,29.625,-1.625,1.642607
2014-03-13,29.625,-1.625,0.41800216
2014-03-14,29.625,-1.625,1.2542106
2014-03-15,29.625,-1.625,6.86882
2014-03-16,29.625,-1.625,0.14300461
2014-03-17,29.625,-1.625,9.956593
2014-03-18,29.625,-1.625,3.448577
2014-03-19,29.625,-1.625,2.0483615
2014-03-20,29.625,-1.625,0.23680368
2014-03-21,29.625,-1.625,0.0072001875
2014-03-22,29.625,-1.625,3.1783624
2014-03-23,29.625,-1.625,4.2570696
2014-03-24,29.625,-1.625,15.864997
2014-03-25,29.625,-1.625,3.8951755
2014-03-26,29.625,-1.625,2.6354
2014-03-27,29.625,-1.625,4.91753
2014-03-28,29.625,-1.625,17.40082
2014-03-29,29.625,-1.625,2.699193
2014-03-30,29.625,-1.625,5.6039
2014-03-31,29.625,-1.625,3.512038
2014-04-01,29.625,-1.625,3.2540207
2014-04-02,29.625,-1.625,0.27220085
2014-04-03,29.625,-1.625,0.00160002
2014-04-04,29.625,-1.625,2.0032287
2014-04-05,29.625,-1.625,8.596039
2014-04-06,29.625,-1.625,3.6833787
2014-04-07,29.625,-1.625,1.6162271
2014-04-08,29.625,-1.625,8.164752
2014-04-09,29.625,-1.625,0.13600501
2014-04-10,29.625,-1.625,0.09719745
2014-04-11,29.625,-1.625,0.55600023
2014-04-12,29.625,-1.625,8.133549
2014-04-13,29.625,-1.625,0.09260179
2014-04-14,29.625,-1.625,0.61239386
2014-04-15,29.625,-1.625,3.4684339
2014-04-16,29.625,-1.625,2.434616
2014-04-17,29.625,-1.625,5.5402174
2014-04-18,29.625,-1.625,5.1114006
2014-04-19,29.625,-1.625,1.33521
2014-04-20,29.625,-1.625,3.2378147
2014-04-21,29.625,-1.625,3.1715615
2014-04-22,29.625,-1.625,0.79879206
2014-04-23,29.625,-1.625,0.21319982
2014-04-24,29.625,-1.625,3.0706348
2014-04-25,29.625,-1.625,5.4503565
2014-04-26,29.625,-1.625,0.5482107
2014-04-27,29.625,-1.625,0.010400385
2014-04-28,29.625,-1.625,0.05120189
2014-04-29,29.625,-1.625,0.012799356
2014-04-30,29.625,-1.625,0.25279188
2014-05-01,29.625,-1.625,0.32259318
2014-05-02,29.625,-1.625,0.3877926
2014-05-03,29.625,-1.625,2.5878336
2014-05-04,29.625,-1.625,0.007200266
2014-05-05,29.625,-1.625,0.93479335
2014-05-06,29.625,-1.625,2.3289878
2014-05-07,29.625,-1.625,0.53098124
2014-05-08,29.625,-1.625,0.15680118
2014-05-09,29.625,-1.625,0.29100296
2014-05-10,29.625,-1.625,0.1500023
2014-05-11,29.625,-1.625,1.151023
2014-05-12,29.625,-1.625,3.1969821
2014-05-13,29.625,-1.625,3.5341973
2014-05-14,29.625,-1.625,0.0080001205
2014-05-15,29.625,-1.625,3.090421
2014-05-16,29.625,-1.625,0.24718767
2014-05-17,29.625,-1.625,1.8312188
2014-05-18,29.625,-1.625,0.17220053
2014-05-19,29.625,-1.625,0.0
2014-05-20,29.625,-1.625,1.7177463
2014-05-21,29.625,-1.625,1.2424315
2014-05-22,29.625,-1.625,1.2627847
2014-05-23,29.625,-1.625,0.27920723
2014-05-24,29.625,-1.625,0.0019998993
2014-05-25,29.625,-1.625,0.009599887
2014-05-26,29.625,-1.625,0.0
2014-05-27,29.625,-1.625,0.0
2014-05-28,29.625,-1.625,1.3180046
2014-05-29,29.625,-1.625,0.26860344
2014-05-30,29.625,-1.625,0.24519561
2014-05-31,29.625,-1.625,0.0
2014-06-01,29.625,-1.625,0.0
2014-06-02,29.625,-1.625,0.0
2014-06-03,29.625,-1.625,0.0
2014-06-04,29.625,-1.625,1.0361986
2014-06-05,29.625,-1.625,12.231358
2014-06-06,29.625,-1.625,0.32639897
2014-06-07,29.625,-1.625,0.6223848
2014-06-08,29.625,-1.625,3.0807605
2014-06-09,29.625,-1.625,0.66601354
2014-06-10,29.625,-1.625,1.5654396
2014-06-11,29.625,-1.625,0.0
2014-06-12,29.625,-1.625,0.0
2014-06-13,29.625,-1.625,0.62519455
2014-06-14,29.625,-1.625,2.475802
2014-06-15,29.625,-1.625,8.257199
2014-06-16,29.625,-1.625,0.4744175
2014-06-17,29.625,-1.625,2.629534
2014-06-18,29.625,-1.625,4.537828
2014-06-19,29.625,-1.625,0.685611
2014-06-20,29.625,-1.625,0.17160451
2014-06-21,29.625,-1.625,2.572216
2014-06-22,29.625,-1.625,0.0380014
2014-06-23,29.625,-1.625,0.0
2014-06-24,29.625,-1.625,0.110804096
2014-06-25,29.625,-1.625,0.2660098
2014-06-26,29.625,-1.625,0.0
2014-06-27,29.625,-1.625,0.030401124
2014-06-28,29.625,-1.625,0.048001777
2014-06-29,29.625,-1.625,0.112003796
2014-06-30,29.625,-1.625,0.4620131
2014-07-01,29.625,-1.625,0.0
2014-07-02,29.625,-1.625,0.0
2014-07-03,29.625,-1.625,0.0
2014-07-04,29.625,-1.625,0.0
2014-07-05,29.625,-1.625,0.0
2014-07-06,29.625,-1.625,0.059999976
2014-07-07,29.625,-1.625,0.02720042
2014-07-08,29.625,-1.625,0.0
2014-07-09,29.625,-1.625,0.0
2014-07-10,29.625,-1.625,0.0
2014-07-11,29.625,-1.625,0.010400385
2014-07-12,29.625,-1.625,0.2380088
2014-07-13,29.625,-1.625,0.03120115
2014-07-14,29.625,-1.625,0.0
2014-07-15,29.625,-1.625,0.44239533
2014-07-16,29.625,-1.625,0.0
2014-07-17,29.625,-1.625,0.03600133
2014-07-18,29.625,-1.625,0.02600096
2014-07-19,29.625,-1.625,0.0
2014-07-20,29.625,-1.625,7.197872
2014-07-21,29.625,-1.625,0.79182416
2014-07-22,29.625,-1.625,0.25040928
2014-07-23,29.625,-1.625,0.003199962
2014-07-24,29.625,-1.625,0.108001105
2014-07-25,29.625,-1.625,0.087201074
2014-07-26,29.625,-1.625,0.18919958
2014-07-27,29.625,-1.625,4.172427
2014-07-28,29.625,-1.625,2.7748246
2014-07-29,29.625,-1.625,0.012800472
2014-07-30,29.625,-1.625,0.0
2014-07-31,29.625,-1.625,0.0
2014-08-01,29.625,-1.625,0.0
2014-08-02,29.625,-1.625,0.0
2014-08-03,29.625,-1.625,0.10459639
2014-08-04,29.625,-1.625,0.0068002157
2014-08-05,29.625,-1.625,0.010800399
2014-08-06,29.625,-1.625,0.13240185
2014-08-07,29.625,-1.625,0.004399779
2014-08-08,29.625,-1.625,0.0
2014-08-09,29.625,-1.625,0.6068061
2014-08-10,29.625,-1.625,2.184798
2014-08-11,29.625,-1.625,11.500787
2014-08-12,29.625,-1.625,1.3446326
2014-08-13,29.625,-1.625,3.861045
2014-08-14,29.625,-1.625,4.7794547
2014-08-15,29.625,-1.625,0.19159648
2014-08-16,29.625,-1.625,0.041600518
2014-08-17,29.625,-1.625,0.0025998692
2014-08-18,29.625,-1.625,0.030799942
2014-08-19,29.625,-1.625,0.0
2014-08-20,29.625,-1.625,0.034801003
2014-08-21,29.625,-1.625,0.13600379
2014-08-22,29.625,-1.625,0.76518404
2014-08-23,29.625,-1.625,4.542457
2014-08-24,29.625,-1.625,7.235798
2014-08-25,29.625,-1.625,9.024457
2014-08-26,29.625,-1.625,0.90599805
2014-08-27,29.625,-1.625,0.3217907
2014-08-28,29.625,-1.625,0.8335701
2014-08-29,29.625,-1.625,2.2367537
2014-08-30,29.625,-1.625,0.9746067
2014-08-31,29.625,-1.625,0.54399276
2014-09-01,29.625,-1.625,0.88382465
2014-09-02,29.625,-1.625,0.61641264
2014-09-03,29.625,-1.625,2.1332183
2014-09-04,29.625,-1.625,2.9867845
2014-09-05,29.625,-1.625,24.989555
2014-09-06,29.625,-1.625,0.0051997383
2014-09-07,29.625,-1.625,0.016400605
2014-09-08,29.625,-1.625,0.9015711
2014-09-09,29.625,-1.625,0.012800472
2014-09-10,29.625,-1.625,0.067598745
2014-09-11,29.625,-1.625,0.05919938
2014-09-12,29.625,-1.625,0.0
2014-09-13,29.625,-1.625,0.0
2014-09-14,29.625,-1.625,0.40478006
2014-09-15,29.625,-1.625,2.8389614
2014-09-16,29.625,-1.625,0.009600354
2014-09-17,29.625,-1.625,3.8596451
2014-09-18,29.625,-1.625,2.4086561
2014-09-19,29.625,-1.625,2.6479373
2014-09-20,29.625,-1.625,4.320445
2014-09-21,29.625,-1.625,0.95442796
2014-09-22,29.625,-1.625,0.23820615
2014-09-23,29.625,-1.625,0.13800436
2014-09-24,29.625,-1.625,0.07639906
2014-09-25,29.625,-1.625,0.18600686
2014-09-26,29.625,-1.625,1.4791965
2014-09-27,29.625,-1.625,12.319661
2014-09-28,29.625,-1.625,9.340368
2014-09-29,29.625,-1.625,1.5827862
2014-09-30,29.625,-1.625,11.599887
2014-10-01,29.625,-1.625,17.199099
2014-10-02,29.625,-1.625,1.1066041
2014-10-03,29.625,-1.625,10.451505
2014-10-04,29.625,-1.625,2.818755
2014-10-05,29.625,-1.625,0.6540012
2014-10-06,29.625,-1.625,1.5260341
2014-10-07,29.625,-1.625,0.020400539
2014-10-08,29.625,-1.625,0.8207862
2014-10-09,29.625,-1.625,0.08439991
2014-10-10,29.625,-1.625,0.19799964
2014-10-11,29.625,-1.625,0.08840142
2014-10-12,29.625,-1.625,0.105200015
2014-10-13,29.625,-1.625,0.0008000295
2014-10-14,29.625,-1.625,0.85020655
2014-10-15,29.625,-1.625,19.888832
2014-10-16,29.625,-1.625,12.64422
2014-10-17,29.625,-1.625,3.3573594
2014-10-18,29.625,-1.625,11.449359
2014-10-19,29.625,-1.625,15.458576
2014-10-20,29.625,-1.625,2.1957898
2014-10-21,29.625,-1.625,6.319523
2014-10-22,29.625,-1.625,3.816393
2014-10-23,29.625,-1.625,11.950132
2014-10-24,29.625,-1.625,11.076037
2014-10-25,29.625,-1.625,3.9352062
2014-10-26,29.625,-1.625,4.2232523
2014-10-27,29.625,-1.625,1.7606229
2014-10-28,29.625,-1.625,0.15920167
2014-10-29,29.625,-1.625,2.1814346
2014-10-30,29.625,-1.625,3.6918008
2014-10-31,29.625,-1.625,5.419276
2014-11-01,29.625,-1.625,0.64641273
2014-11-02,29.625,-1.625,5.3260074
2014-11-03,29.625,-1.625,9.244194
2014-11-04,29.625,-1.625,13.264677
2014-11-05,29.625,-1.625,0.40658858
2014-11-06,29.625,-1.625,7.876574
2014-11-07,29.625,-1.625,0.30380973
2014-11-08,29.625,-1.625,0.041000187
2014-11-09,29.625,-1.625,0.007999904
2014-11-10,29.625,-1.625,2.766388
2014-11-11,29.625,-1.625,2.1983657
2014-11-12,29.625,-1.625,0.7937798
2014-11-13,29.625,-1.625,5.4011817
2014-11-14,29.625,-1.625,1.9977874
2014-11-15,29.625,-1.625,7.05424
2014-11-16,29.625,-1.625,3.1334646
2014-11-17,29.625,-1.625,0.79439837
2014-11-18,29.625,-1.625,6.690046
2014-11-19,29.625,-1.625,21.754742
2014-11-20,29.625,-1.625,18.783634
2014-11-21,29.625,-1.625,1.945009
2014-11-22,29.625,-1.625,0.76100564
2014-11-23,29.625,-1.625,0.9725904
2014-11-24,29.625,-1.625,1.5754331
2014-11-25,29.625,-1.625,4.874483
2014-11-26,29.625,-1.625,3.147812
2014-11-27,29.625,-1.625,10.05275
2014-11-28,29.625,-1.625,8.132805
2014-11-29,29.625,-1.625,2.3389761
2014-11-30,29.625,-1.625,1.7820014
2014-12-01,29.625,-1.625,0.2980038
2014-12-02,29.625,-1.625,2.4626055
2014-12-03,29.625,-1.625,0.8726107
2014-12-04,29.625,-1.625,0.34960255
2014-12-05,29.625,-1.625,0.032400817
2014-12-06,29.625,-1.625,0.056398857
2014-12-07,29.625,-1.625,0.13680121
2014-12-08,29.625,-1.625,8.890375
2014-12-09,29.625,-1.625,0.9821904
2014-12-10,29.625,-1.625,3.3959591
2014-12-11,29.625,-1.625,4.7096224
2014-12-12,29.625,-1.625,0.058802173
2014-12-13,29.625,-1.625,0.029600702
2014-12-14,29.625,-1.625,0.0
2014-12-15,29.625,-1.625,0.075599924
2014-12-16,29.625,-1.625,5.7437177
2014-12-17,29.625,-1.625,24.38592
2014-12-18,29.625,-1.625,1.9928126
2014-12-19,29.625,-1.625,0.4825821
2014-12-20,29.625,-1.625,5.327517
2014-12-21,29.625,-1.625,1.9020559
2014-12-22,29.625,-1.625,5.7404695
2014-12-23,29.625,-1.625,1.7493831
2014-12-24,29.625,-1.625,16.845425
2014-12-25,29.625,-1.625,5.1840997
2014-12-26,29.625,-1.625,0.33281177
2014-12-27,29.625,-1.625,1.646038
2014-12-28,29.625,-1.625,1.3624
2014-12-29,29.625,-1.625,3.2073789
2014-12-30,29.625,-1.625,2.6843894
2014-12-31,29.625,-1.625,1.5443833
2015-01-01,29.625,-1.625,0.053200904
2015-01-02,29.625,-1.625,0.045601685
2015-01-03,29.625,-1.625,0.011200029
2015-01-04,29.625,-1.625,0.045598753
2015-01-05,29.625,-1.625,0.13619977
2015-01-06,29.625,-1.625,0.7299824
2015-01-07,29.625,-1.625,3.9602711
2015-01-08,29.625,-1.625,0.28940496
2015-01-09,29.625,-1.625,0.023400523
2015-01-10,29.625,-1.625,0.02360087
2015-01-11,29.625,-1.625,1.036781
2015-01-12,29.625,-1.625,0.9983815
2015-01-13,29.625,-1.625,0.0
2015-01-14,29.625,-1.625,0.034401268
2015-01-15,29.625,-1.625,0.078001276
2015-01-16,29.625,-1.625,0.07160147
2015-01-17,29.625,-1.625,0.034801282
2015-01-18,29.625,-1.625,0.10559818
2015-01-19,29.625,-1.625,0.052201457
2015-01-20,29.625,-1.625,1.1740086
2015-01-21,29.625,-1.625,0.23079722
2015-01-22,29.625,-1.625,1.7787446
2015-01-23,29.625,-1.625,2.2661123
2015-01-24,29.625,-1.625,6.4490547
2015-01-25,29.625,-1.625,9.702115
2015-01-26,29.625,-1.625,2.1316059
2015-01-27,29.625,-1.625,0.035201263
2015-01-28,29.625,-1.625,0.0
2015-01-29,29.625,-1.625,0.023200857
2015-01-30,29.625,-1.625,0.017600104
2015-01-31,29.625,-1.625,0.59720623
2015-02-01,29.625,-1.625,4.9423165
2015-02-02,29.625,-1.625,1.0197603
2015-02-03,29.625,-1.625,0.9832152
2015-02-04,29.625,-1.625,12.575717
2015-02-05,29.625,-1.625,0.04319992
2015-02-06,29.625,-1.625,0.57879716
2015-02-07,29.625,-1.625,0.059401862
2015-02-08,29.625,-1.625,3.864523
2015-02-09,29.625,-1.625,0.1708009
2015-02-10,29.625,-1.625,6.4595075
2015-02-11,29.625,-1.625,0.6091953
2015-02-12,29.625,-1.625,6.768244
2015-02-13,29.625,-1.625,0.9289991
2015-02-14,29.625,-1.625,0.3559993
2015-02-15,29.625,-1.625,3.0100002
2015-02-16,29.625,-1.625,0.5696064
2015-02-17,29.625,-1.625,34.761856
2015-02-18,29.625,-1.625,4.129453
2015-02-19,29.625,-1.625,3.1469631
2015-02-20,29.625,-1.625,1.3924028
2015-02-21,29.625,-1.625,0.4682115
2015-02-22,29.625,-1.625,0.008799896
2015-02-23,29.625,-1.625,18.032343
2015-02-24,29.625,-1.625,2.1441789
2015-02-25,29.625,-1.625,0.254401
2015-02-26,29.625,-1.625,0.08880277
2015-02-27,29.625,-1.625,0.045601334
2015-02-28,29.625,-1.625,5.686667
2015-03-01,29.625,-1.625,3.084211
2015-03-02,29.625,-1.625,1.2260413
2015-03-03,29.625,-1.625,2.1863954
2015-03-04,29.625,-1.625,3.161706
2015-03-05,29.625,-1.625,0.5705962
2015-03-06,29.625,-1.625,0.12920476
2015-03-07,29.625,-1.625,5.5728273
2015-03-08,29.625,-1.625,0.017200205
2015-03-09,29.625,-1.625,0.08480133
2015-03-10,29.625,-1.625,0.38918173
2015-03-11,29.625,-1.625,0.033599127
2015-03-12,29.625,-1.625,8.566557
2015-03-13,29.625,-1.625,2.3717785
2015-03-14,29.625,-1.625,1.0805973
2015-03-15,29.625,-1.625,0.015200562
2015-03-16,29.625,-1.625,0.0
2015-03-17,29.625,-1.625,0.0
2015-03-18,29.625,-1.625,0.30640608
2015-03-19,29.625,-1.625,0.3513881
2015-03-20,29.625,-1.625,0.35379055
2015-03-21,29.625,-1.625,0.6728096
2015-03-22,29.625,-1.625,4.67312
2015-03-23,29.625,-1.625,7.4262657
2015-03-24,29.625,-1.625,23.780293
2015-03-25,29.625,-1.625,0.81042576
2015-03-26,29.625,-1.625,3.3449862
2015-03-27,29.625,-1.625,1.1034274
2015-03-28,29.625,-1.625,2.7516832
2015-03-29,29.625,-1.625,6.187386
2015-03-30,29.625,-1.625,3.2742095
2015-03-31,29.625,-1.625,10.143477
2015-04-01,29.625,-1.625,1.7033556
2015-04-02,29.625,-1.625,0.81640816
2015-04-03,29.625,-1.625,13.910512
2015-04-04,29.625,-1.625,1.5520022
2015-04-05,29.625,-1.625,6.080933
2015-04-06,29.625,-1.625,2.0478113
2015-04-07,29.625,-1.625,5.54238
2015-04-08,29.625,-1.625,1.5388097
2015-04-09,29.625,-1.625,10.593247
2015-04-10,29.625,-1.625,7.827421
2015-04-11,29.625,-1.625,0.076401666
2015-04-12,29.625,-1.625,0.74900305
2015-04-13,29.625,-1.625,1.6312081
2015-04-14,29.625,-1.625,0.49119806
2015-04-15,29.625,-1.625,3.3816652
2015-04-16,29.625,-1.625,0.1313981
2015-04-17,29.625,-1.625,5.6077867
2015-04-18,29.625,-1.625,14.584248
2015-04-19,29.625,-1.625,0.99837977
2015-04-20,29.625,-1.625,3.0861511
2015-04-21,29.625,-1.625,2.3947513
2015-04-22,29.625,-1.625,4.580156
2015-04-23,29.625,-1.625,7.4107685
2015-04-24,29.625,-1.625,0.14980318
2015-04-25,29.625,-1.625,0.15280281
2015-04-26,29.625,-1.625,2.3689923
2015-04-27,29.625,-1.625,5.252212
2015-04-28,29.625,-1.625,1.8477968
2015-04-29,29.625,-1.625,1.8671889
2015-04-30,29.625,-1.625,4.5635014
2015-05-01,29.625,-1.625,3.2118833
2015-05-02,29.625,-1.625,6.063057
2015-05-03,29.625,-1.625,2.6581995
2015-05-04,29.625,-1.625,0.26360816
2015-05-05,29.625,-1.625,0.696208
2015-05-06,29.625,-1.625,14.031767
2015-05-07,29.625,-1.625,3.6408217
2015-05-08,29.625,-1.625,2.385847
2015-05-09,29.625,-1.625,7.94802
2015-05-10,29.625,-1.625,0.22640525
2015-05-11,29.625,-1.625,0.06700195
2015-05-12,29.625,-1.625,0.20800433
2015-05-13,29.625,-1.625,0.18639638
2015-05-14,29.625,-1.625,1.3530059
2015-05-15,29.625,-1.625,0.6048044
2015-05-16,29.625,-1.625,2.9515889
2015-05-17,29.625,-1.625,8.298682
2015-05-18,29.625,-1.625,12.870174
2015-05-19,29.625,-1.625,0.9767927
2015-05-20,29.625,-1.625,2.237597
2015-05-21,29.625,-1.625,4.4221106
2015-05-22,29.625,-1.625,1.0673858
2015-05-23,29.625,-1.625,0.6218148
2015-05-24,29.625,-1.625,0.033201225
2015-05-25,29.625,-1.625,1.0185792
2015-05-26,29.625,-1.625,8.819108
2015-05-27,29.625,-1.625,0.61097485
2015-05-28,29.625,-1.625,0.8829799
2015-05-29,29.625,-1.625,0.020000739
2015-05-30,29.625,-1.625,0.13099909
2015-05-31,29.625,-1.625,1.3082244
2015-06-01,29.625,-1.625,7.061351
2015-06-02,29.625,-1.625,7.4681735
2015-06-03,29.625,-1.625,0.10240379
2015-06-04,29.625,-1.625,1.2920015
2015-06-05,29.625,-1.625,0.3719991
2015-06-06,29.625,-1.625,0.048401784
2015-06-07,29.625,-1.625,0.030001108
2015-06-08,29.625,-1.625,0.0
2015-06-09,29.625,-1.625,0.112399414
2015-06-10,29.625,-1.625,0.09199688
2015-06-11,29.625,-1.625,1.4596493
2015-06-12,29.625,-1.625,0.1223996
2015-06-13,29.625,-1.625,4.166013
2015-06-14,29.625,-1.625,1.607631
2015-06-15,29.625,-1.625,2.7812815
2015-06-16,29.625,-1.625,1.2188396
2015-06-17,29.625,-1.625,0.18999977
2015-06-18,29.625,-1.625,0.53700554
2015-06-19,29.625,-1.625,1.0611868
2015-06-20,29.625,-1.625,0.27920243
2015-06-21,29.625,-1.625,0.015200562
2015-06-22,29.625,-1.625,0.0
2015-06-23,29.625,-1.625,0.0
2015-06-24,29.625,-1.625,0.0
2015-06-25,29.625,-1.625,0.04160154
2015-06-26,29.625,-1.625,0.07120263
2015-06-27,29.625,-1.625,0.022000812
2015-06-28,29.625,-1.625,0.058002144
2015-06-29,29.625,-1.625,0.0
2015-06-30,29.625,-1.625,0.22239931
2015-07-01,29.625,-1.625,0.32460654
2015-07-02,29.625,-1.625,0.0
2015-07-03,29.625,-1.625,0.020398974
2015-07-04,29.625,-1.625,0.053397316
2015-07-05,29.625,-1.625,0.13960373
2015-07-06,29.625,-1.625,0.018400678
2015-07-07,29.625,-1.625,0.0
2015-07-08,29.625,-1.625,0.0
2015-07-09,29.625,-1.625,0.07359913
2015-07-10,29.625,-1.625,0.0
2015-07-11,29.625,-1.625,0.0
2015-07-12,29.625,-1.625,0.0
2015-07-13,29.625,-1.625,0.0
2015-07-14,29.625,-1.625,0.0
2015-07-15,29.625,-1.625,0.016800622
2015-07-16,29.625,-1.625,0.0
2015-07-17,29.625,-1.625,0.0
2015-07-18,29.625,-1.625,0.0
2015-07-19,29.625,-1.625,6.4500732
2015-07-20,29.625,-1.625,0.22319728
2015-07-21,29.625,-1.625,0.0
2015-07-22,29.625,-1.625,0.030401122
2015-07-23,29.625,-1.625,0.13200487
2015-07-24,29.625,-1.625,1.0103737
2015-07-25,29.625,-1.625,0.42559966
2015-07-26,29.625,-1.625,0.048001185
2015-07-27,29.625,-1.625,0.008800325
2015-07-28,29.625,-1.625,0.0
2015-07-29,29.625,-1.625,0.03960123
2015-07-30,29.625,-1.625,0.0
2015-07-31,29.625,-1.625,0.78119373
2015-08-01,29.625,-1.625,0.025600946
2015-08-02,29.625,-1.625,0.006000221
2015-08-03,29.625,-1.625,0.0
2015-08-04,29.625,-1.625,0.018000664
2015-08-05,29.625,-1.625,0.0
2015-08-06,29.625,-1.625,0.29481083
2015-08-07,29.625,-1.625,0.03160117
2015-08-08,29.625,-1.625,0.19739676
2015-08-09,29.625,-1.625,3.5324886
2015-08-10,29.625,-1.625,0.0
2015-08-11,29.625,-1.625,0.07840291
2015-08-12,29.625,-1.625,0.0
2015-08-13,29.625,-1.625,0.001600059
2015-08-14,29.625,-1.625,0.0
2015-08-15,29.625,-1.625,0.022000812
2015-08-16,29.625,-1.625,0.0
2015-08-17,29.625,-1.625,0.0
2015-08-18,29.625,-1.625,0.0
2015-08-19,29.625,-1.625,0.0
2015-08-20,29.625,-1.625,0.021600798
2015-08-21,29.625,-1.625,0.0
2015-08-22,29.625,-1.625,2.3191893
2015-08-23,29.625,-1.625,0.45979267
2015-08-24,29.625,-1.625,0.0
2015-08-25,29.625,-1.625,0.11280415
2015-08-26,29.625,-1.625,0.003600133
2015-08-27,29.625,-1.625,0.0
2015-08-28,29.625,-1.625,0.02479875
2015-08-29,29.625,-1.625,0.6236052
2015-08-30,29.625,-1.625,0.22400685
2015-08-31,29.625,-1.625,6.045715
2015-09-01,29.625,-1.625,3.8249965
2015-09-02,29.625,-1.625,1.5631849
2015-09-03,29.625,-1.625,7.662829
2015-09-04,29.625,-1.625,17.445343
2015-09-05,29.625,-1.625,7.737009
2015-09-06,29.625,-1.625,3.9942436
2015-09-07,29.625,-1.625,1.1344075
2015-09-08,29.625,-1.625,0.029200444
2015-09-09,29.625,-1.625,1.1535437
2015-09-10,29.625,-1.625,0.6675931
2015-09-11,29.625,-1.625,0.0060001826
2015-09-12,29.625,-1.625,0.0
2015-09-13,29.625,-1.625,0.2834063
2015-09-14,29.625,-1.625,0.006400236
2015-09-15,29.625,-1.625,0.008000022
2015-09-16,29.625,-1.625,1.2988021
2015-09-17,29.625,-1.625,2.8182244
2015-09-18,29.625,-1.625,0.14760382
2015-09-19,29.625,-1.625,1.30202
2015-09-20,29.625,-1.625,0.044001408
2015-09-21,29.625,-1.625,0.051200777
2015-09-22,29.625,-1.625,0.006000221
2015-09-23,29.625,-1.625,0.649213
2015-09-24,29.625,-1.625,0.6726119
2015-09-25,29.625,-1.625,5.84958
2015-09-26,29.625,-1.625,0.9817896
2015-09-27,29.625,-1.625,0.4490096
2015-09-28,29.625,-1.625,2.5340846
2015-09-29,29.625,-1.625,0.34620076
2015-09-30,29.625,-1.625,3.5775852
2015-10-01,29.625,-1.625,17.572075
2015-10-02,29.625,-1.625,10.746397
2015-10-03,29.625,-1.625,4.803852
2015-10-04,29.625,-1.625,3.1413524
2015-10-05,29.625,-1.625,2.5361896
2015-10-06,29.625,-1.625,0.031200755
2015-10-07,29.625,-1.625,0.0
2015-10-08,29.625,-1.625,0.002000074
2015-10-09,29.625,-1.625,2.670591
2015-10-10,29.625,-1.625,15.247925
2015-10-11,29.625,-1.625,2.153337
2015-10-12,29.625,-1.625,4.4607553
2015-10-13,29.625,-1.625,8.534258
2015-10-14,29.625,-1.625,0.22460197
2015-10-15,29.625,-1.625,2.7546272
2015-10-16,29.625,-1.625,0.99682474
2015-10-17,29.625,-1.625,9.6235
2015-10-18,29.625,-1.625,3.1902502
2015-10-19,29.625,-1.625,0.885579
2015-10-20,29.625,-1.625,10.502027
2015-10-21,29.625,-1.625,0.44380775
2015-10-22,29.625,-1.625,2.733758
2015-10-23,29.625,-1.625,6.1230106
2015-10-24,29.625,-1.625,3.0548582
2015-10-25,29.625,-1.625,0.6561935
2015-10-26,29.625,-1.625,17.6249
2015-10-27,29.625,-1.625,4.5698013
2015-10-28,29.625,-1.625,11.880278
2015-10-29,29.625,-1.625,13.864625
2015-10-30,29.625,-1.625,9.478597
2015-10-31,29.625,-1.625,4.44665
2015-11-01,29.625,-1.625,1.9802201
2015-11-02,29.625,-1.625,1.1681815
2015-11-03,29.625,-1.625,2.5570729
2015-11-04,29.625,-1.625,14.715357
2015-11-05,29.625,-1.625,5.2750406
2015-11-06,29.625,-1.625,1.0221819
2015-11-07,29.625,-1.625,7.0920167
2015-11-08,29.625,-1.625,1.0806274
2015-11-09,29.625,-1.625,8.303074
2015-11-10,29.625,-1.625,1.6356273
2015-11-11,29.625,-1.625,0.10420233
2015-11-12,29.625,-1.625,3.209637
2015-11-13,29.625,-1.625,0.07879962
2015-11-14,29.625,-1.625,2.501722
2015-11-15,29.625,-1.625,4.8004084
2015-11-16,29.625,-1.625,12.904928
2015-11-17,29.625,-1.625,10.106752
2015-11-18,29.625,-1.625,8.294732
2015-11-19,29.625,-1.625,3.8895814
2015-11-20,29.625,-1.625,5.009157
2015-11-21,29.625,-1.625,1.862005
2015-11-22,29.625,-1.625,8.68525
2015-11-23,29.625,-1.625,0.7106107
2015-11-24,29.625,-1.625,4.207459
2015-11-25,29.625,-1.625,11.857035
2015-11-26,29.625,-1.625,8.725019
2015-11-27,29.625,-1.625,7.4175415
2015-11-28,29.625,-1.625,0.21360472
2015-11-29,29.625,-1.625,0.13480315
2015-11-30,29.625,-1.625,7.9606957
2015-12-01,29.625,-1.625,0.5416055
2015-12-02,29.625,-1.625,1.0692042
2015-12-03,29.625,-1.625,6.6886067
2015-12-04,29.625,-1.625,7.2449665
2015-12-05,29.625,-1.625,1.6452035
2015-12-06,29.625,-1.625,0.79359174
2015-12-07,29.625,-1.625,0.78522474
2015-12-08,29.625,-1.625,3.3402262
2015-12-09,29.625,-1.625,4.5723944
2015-12-10,29.625,-1.625,13.514312
2015-12-11,29.625,-1.625,1.9632552
2015-12-12,29.625,-1.625,5.0670176
2015-12-13,29.625,-1.625,3.3081985
2015-12-14,29.625,-1.625,1.1072032
2015-12-15,29.625,-1.625,4.678829
2015-12-16,29.625,-1.625,1.3525865
2015-12-17,29.625,-1.625,12.051097
2015-12-18,29.625,-1.625,2.7524056
2015-12-19,29.625,-1.625,12.283902
2015-12-20,29.625,-1.625,8.783161
2015-12-21,29.625,-1.625,4.1506033
2015-12-22,29.625,-1.625,4.09874
2015-12-23,29.625,-1.625,0.06100045
2015-12-24,29.625,-1.625,1.0567899
2015-12-25,29.625,-1.625,2.0367813
2015-12-26,29.625,-1.625,0.08760117
2015-12-27,29.625,-1.625,0.0
2015-12-28,29.625,-1.625,0.7959866
2015-12-29,29.625,-1.625,0.4885839
2015-12-30,29.625,-1.625,0.12920476
2015-12-31,29.625,-1.625,0.0
2016-01-01,29.625,-1.625,0.014800547
2016-01-02,29.625,-1.625,0.0
2016-01-03,29.625,-1.625,0.018800694
2016-01-04,29.625,-1.625,0.0
2016-01-05,29.625,-1.625,1.8145951
2016-01-06,29.625,-1.625,0.18220127
2016-01-07,29.625,-1.625,0.2980062
2016-01-08,29.625,-1.625,0.047200028
2016-01-09,29.625,-1.625,8.455133
2016-01-10,29.625,-1.625,0.80241865
2016-01-11,29.625,-1.625,20.403896
2016-01-12,29.625,-1.625,6.273139
2016-01-13,29.625,-1.625,9.041992
2016-01-14,29.625,-1.625,8.079094
2016-01-15,29.625,-1.625,4.65728
2016-01-16,29.625,-1.625,2.2574325
2016-01-17,29.625,-1.625,2.5060174
2016-01-18,29.625,-1.625,0.7147947
2016-01-19,29.625,-1.625,7.530965
2016-01-20,29.625,-1.625,1.7327821
2016-01-21,29.625,-1.625,0.8724195
2016-01-22,29.625,-1.625,1.7375917
2016-01-23,29.625,-1.625,0.95619744
2016-01-24,29.625,-1.625,3.19873
2016-01-25,29.625,-1.625,0.7747866
2016-01-26,29.625,-1.625,1.4244334
2016-01-27,29.625,-1.625,6.511662
2016-01-28,29.625,-1.625,0.03479956
2016-01-29,29.625,-1.625,1.3988146
2016-01-30,29.625,-1.625,0.0
2016-01-31,29.625,-1.625,0.0
2016-02-01,29.625,-1.625,0.07479995
2016-02-02,29.625,-1.625,0.031600464
2016-02-03,29.625,-1.625,0.17039442
2016-02-04,29.625,-1.625,0.3311846
2016-02-05,29.625,-1.625,0.016400605
2016-02-06,29.625,-1.625,0.006400236
2016-02-07,29.625,-1.625,2.0329802
2016-02-08,29.625,-1.625,1.3669738
2016-02-09,29.625,-1.625,1.0885828
2016-02-10,29.625,-1.625,0.118195325
2016-02-11,29.625,-1.625,0.6245886
2016-02-12,29.625,-1.625,0.43599582
2016-02-13,29.625,-1.625,4.2137637
2016-02-14,29.625,-1.625,0.2884024
2016-02-15,29.625,-1.625,0.006400236
2016-02-16,29.625,-1.625,0.0
2016-02-17,29.625,-1.625,0.11120321
2016-02-18,29.625,-1.625,0.25599694
2016-02-19,29.625,-1.625,1.1163836
2016-02-20,29.625,-1.625,0.036399312
2016-02-21,29.625,-1.625,2.391756
2016-02-22,29.625,-1.625,0.2324056
2016-02-23,29.625,-1.625,14.148607
2016-02-24,29.625,-1.625,0.19600192
2016-02-25,29.625,-1.625,1.7257749
2016-02-26,29.625,-1.625,0.027600542
2016-02-27,29.625,-1.625,22.686144
2016-02-28,29.625,-1.625,0.14659642
2016-02-29,29.625,-1.625,0.23100086
2016-03-01,29.625,-1.625,0.007600281
2016-03-02,29.625,-1.625,11.227257
2016-03-03,29.625,-1.625,4.418459
2016-03-04,29.625,-1.625,1.6498216
2016-03-05,29.625,-1.625,0.08640085
2016-03-06,29.625,-1.625,0.019200709
2016-03-07,29.625,-1.625,42.905266
2016-03-08,29.625,-1.625,37.136696
2016-03-09,29.625,-1.625,0.40920487
2016-03-10,29.625,-1.625,1.3144268
2016-03-11,29.625,-1.625,0.09980067
2016-03-12,29.625,-1.625,0.015199993
2016-03-13,29.625,-1.625,0.0
2016-03-14,29.625,-1.625,0.004000148
2016-03-15,29.625,-1.625,0.14979982
2016-03-16,29.625,-1.625,2.1870136
2016-03-17,29.625,-1.625,5.5666094
2016-03-18,29.625,-1.625,0.018000666
2016-03-19,29.625,-1.625,0.0056002066
2016-03-20,29.625,-1.625,0.65058
2016-03-21,29.625,-1.625,19.044447
2016-03-22,29.625,-1.625,1.6214108
2016-03-23,29.625,-1.625,4.6167445
2016-03-24,29.625,-1.625,2.3840282
2016-03-25,29.625,-1.625,0.8473994
2016-03-26,29.625,-1.625,0.021600798
2016-03-27,29.625,-1.625,2.4953644
2016-03-28,29.625,-1.625,0.15459886
2016-03-29,29.625,-1.625,0.07160212
2016-03-30,29.625,-1.625,3.6945405
2016-03-31,29.625,-1.625,4.024599
2016-04-01,29.625,-1.625,29.31034
2016-04-02,29.625,-1.625,4.247594
2016-04-03,29.625,-1.625,22.240559
2016-04-04,29.625,-1.625,9.539797
2016-04-05,29.625,-1.625,1.8518481
2016-04-06,29.625,-1.625,1.5544112
2016-04-07,29.625,-1.625,13.124348
2016-04-08,29.625,-1.625,4.260631
2016-04-09,29.625,-1.625,5.0819044
2016-04-10,29.625,-1.625,14.600882
2016-04-11,29.625,-1.625,2.6899488
2016-04-12,29.625,-1.625,0.16279934
2016-04-13,29.625,-1.625,1.1183993
2016-04-14,29.625,-1.625,3.4630008
2016-04-15,29.625,-1.625,0.5015986
2016-04-16,29.625,-1.625,5.5836015
2016-04-17,29.625,-1.625,2.3781903
2016-04-18,29.625,-1.625,2.6812534
2016-04-19,29.625,-1.625,6.7794714
2016-04-20,29.625,-1.625,3.3124118
2016-04-21,29.625,-1.625,2.560383
2016-04-22,29.625,-1.625,3.9958317
2016-04-23,29.625,-1.625,3.160674
2016-04-24,29.625,-1.625,7.60777
2016-04-25,29.625,-1.625,14.556248
2016-04-26,29.625,-1.625,5.5145855
2016-04-27,29.625,-1.625,3.0342216
2016-04-28,29.625,-1.625,7.875444
2016-04-29,29.625,-1.625,3.3648117
2016-04-30,29.625,-1.625,8.969732
2016-05-01,29.625,-1.625,5.735147
2016-05-02,29.625,-1.625,25.08326
2016-05-03,29.625,-1.625,2.2712073
2016-05-04,29.625,-1.625,7.2372303
2016-05-05,29.625,-1.625,8.0572195
2016-05-06,29.625,-1.625,1.5648029
2016-05-07,29.625,-1.625,15.729406
2016-05-08,29.625,-1.625,29.186413
2016-05-09,29.625,-1.625,6.50591
2016-05-10,29.625,-1.625,0.056002066
2016-05-11,29.625,-1.625,0.0
2016-05-12,29.625,-1.625,0.0
2016-05-13,29.625,-1.625,0.0
2016-05-14,29.625,-1.625,0.0
2016-05-15,29.625,-1.625,0.11400105
2016-05-16,29.625,-1.625,0.019200709
2016-05-17,29.625,-1.625,8.406519
2016-05-18,29.625,-1.625,0.0
2016-05-19,29.625,-1.625,0.0
2016-05-20,29.625,-1.625,1.0462126
2016-05-21,29.625,-1.625,0.12480461
2016-05-22,29.625,-1.625,0.1688049
2016-05-23,29.625,-1.625,0.17320639
2016-05-24,29.625,-1.625,0.0100003695
2016-05-25,29.625,-1.625,0.09360197
2016-05-26,29.625,-1.625,0.3364033
2016-05-27,29.625,-1.625,0.15960523
2016-05-28,29.625,-1.625,0.7060245
2016-05-29,29.625,-1.625,0.036401264
2016-05-30,29.625,-1.625,1.7340035
2016-05-31,29.625,-1.625,0.23079939
2016-06-01,29.625,-1.625,2.5794282
2016-06-02,29.625,-1.625,10.780609
2016-06-03,29.625,-1.625,0.2302002
2016-06-04,29.625,-1.625,0.09379562
2016-06-05,29.625,-1.625,1.4770352
2016-06-06,29.625,-1.625,0.44279826
2016-06-07,29.625,-1.625,0.0
2016-06-08,29.625,-1.625,0.0
2016-06-09,29.625,-1.625,0.0
2016-06-10,29.625,-1.625,0.0
2016-06-11,29.625,-1.625,0.008799896
2016-06-12,29.625,-1.625,0.0
2016-06-13,29.625,-1.625,0.0
2016-06-14,29.625,-1.625,0.26420075
2016-06-15,29.625,-1.625,0.7436055
2016-06-16,29.625,-1.625,0.011200414
2016-06-17,29.625,-1.625,1.1063515
2016-06-18,29.625,-1.625,2.1576319
2016-06-19,29.625,-1.625,0.0
2016-06-20,29.625,-1.625,0.0
2016-06-21,29.625,-1.625,0.018400678
2016-06-22,29.625,-1.625,0.016800512
2016-06-23,29.625,-1.625,0.037601057
2016-06-24,29.625,-1.625,0.0
2016-06-25,29.625,-1.625,0.0
2016-06-26,29.625,-1.625,0.0
2016-06-27,29.625,-1.625,0.0
2016-06-28,29.625,-1.625,0.0
2016-06-29,29.625,-1.625,0.0
2016-06-30,29.625,-1.625,0.0
2016-07-01,29.625,-1.625,0.024800915
2016-07-02,29.625,-1.625,0.0
2016-07-03,29.625,-1.625,0.0
2016-07-04,29.625,-1.625,0.0
2016-07-05,29.625,-1.625,0.004000148
2016-07-06,29.625,-1.625,0.0
2016-07-07,29.625,-1.625,1.5216556
2016-07-08,29.625,-1.625,2.0568612
2016-07-09,29.625,-1.625,0.003200118
2016-07-10,29.625,-1.625,0.0
2016-07-11,29.625,-1.625,0.0
2016-07-12,29.625,-1.625,0.0
2016-07-13,29.625,-1.625,0.0
2016-07-14,29.625,-1.625,0.0
2016-07-15,29.625,-1.625,0.0
2016-07-16,29.625,-1.625,0.0
2016-07-17,29.625,-1.625,0.0
2016-07-18,29.625,-1.625,0.0
2016-07-19,29.625,-1.625,0.0
2016-07-20,29.625,-1.625,0.0
2016-07-21,29.625,-1.625,0.14459836
2016-07-22,29.625,-1.625,0.0
2016-07-23,29.625,-1.625,0.0
2016-07-24,29.625,-1.625,2.893375
2016-07-25,29.625,-1.625,2.1196249
2016-07-26,29.625,-1.625,0.0
2016-07-27,29.625,-1.625,0.030801062
2016-07-28,29.625,-1.625,0.8892271
2016-07-29,29.625,-1.625,0.0
2016-07-30,29.625,-1.625,0.0
2016-07-31,29.625,-1.625,0.0
2016-08-01,29.625,-1.625,0.0
2016-08-02,29.625,-1.625,0.0
2016-08-03,29.625,-1.625,0.0
2016-08-04,29.625,-1.625,0.008400311
2016-08-05,29.625,-1.625,0.008000296
2016-08-06,29.625,-1.625,0.020400755
2016-08-07,29.625,-1.625,0.07479878
2016-08-08,29.625,-1.625,0.0
2016-08-09,29.625,-1.625,0.0
2016-08-10,29.625,-1.625,0.0
2016-08-11,29.625,-1.625,0.046801727
2016-08-12,29.625,-1.625,0.003600133
2016-08-13,29.625,-1.625,0.008000296
2016-08-14,29.625,-1.625,10.62634
2016-08-15,29.625,-1.625,2.839946
2016-08-16,29.625,-1.625,0.23138973
2016-08-17,29.625,-1.625,0.007200266
2016-08-18,29.625,-1.625,0.0
2016-08-19,29.625,-1.625,0.0
2016-08-20,29.625,-1.625,0.0024000886
2016-08-21,29.625,-1.625,0.0
2016-08-22,29.625,-1.625,0.0
2016-08-23,29.625,-1.625,0.0
2016-08-24,29.625,-1.625,0.3708121
2016-08-25,29.625,-1.625,0.006000221
2016-08-26,29.625,-1.625,1.6628366
2016-08-27,29.625,-1.625,0.061202258
2016-08-28,29.625,-1.625,0.014400532
2016-08-29,29.625,-1.625,0.2528087
2016-08-30,29.625,-1.625,0.009600354
2016-08-31,29.625,-1.625,0.0
2016-09-01,29.625,-1.625,0.0
2016-09-02,29.625,-1.625,0.04079892
2016-09-03,29.625,-1.625,1.2604203
2016-09-04,29.625,-1.625,0.24119867
2016-09-05,29.625,-1.625,0.008000296
2016-09-06,29.625,-1.625,0.07199915
2016-09-07,29.625,-1.625,0.1328049
2016-09-08,29.625,-1.625,0.40679517
2016-09-09,29.625,-1.625,0.11839456
2016-09-10,29.625,-1.625,0.4627984
2016-09-11,29.625,-1.625,0.053800136
2016-09-12,29.625,-1.625,0.015600575
2016-09-13,29.625,-1.625,0.020800766
2016-09-14,29.625,-1.625,0.981204
2016-09-15,29.625,-1.625,9.843182
2016-09-16,29.625,-1.625,24.308819
2016-09-17,29.625,-1.625,5.521328
2016-09-18,29.625,-1.625,17.096865
2016-09-19,29.625,-1.625,9.951015
2016-09-20,29.625,-1.625,0.02719933
2016-09-21,29.625,-1.625,0.090803005
2016-09-22,29.625,-1.625,0.7940159
2016-09-23,29.625,-1.625,0.32020283
2016-09-24,29.625,-1.625,0.37079817
2016-09-25,29.625,-1.625,0.27279353
2016-09-26,29.625,-1.625,2.591166
2016-09-27,29.625,-1.625,17.619188
2016-09-28,29.625,-1.625,9.700827
2016-09-29,29.625,-1.625,1.3180057
2016-09-30,29.625,-1.625,10.239125
2016-10-01,29.625,-1.625,19.943287
2016-10-02,29.625,-1.625,17.70987
2016-10-03,29.625,-1.625,4.0002465
2016-10-04,29.625,-1.625,7.682408
2016-10-05,29.625,-1.625,1.2014065
2016-10-06,29.625,-1.625,4.492714
2016-10-07,29.625,-1.625,7.306525
2016-10-08,29.625,-1.625,0.0
2016-10-09,29.625,-1.625,0.029599948
2016-10-10,29.625,-1.625,0.57860917
2016-10-11,29.625,-1.625,0.20180663
2016-10-12,29.625,-1.625,0.0
2016-10-13,29.625,-1.625,0.48959988
2016-10-14,29.625,-1.625,0.032001182
2016-10-15,29.625,-1.625,0.006800251
2016-10-16,29.625,-1.625,2.522605
2016-10-17,29.625,-1.625,0.09799784
2016-10-18,29.625,-1.625,0.8858121
2016-10-19,29.625,-1.625,5.765921
2016-10-20,29.625,-1.625,0.40680787
2016-10-21,29.625,-1.625,0.07040259
2016-10-22,29.625,-1.625,0.00759991
2016-10-23,29.625,-1.625,0.0
2016-10-24,29.625,-1.625,0.8252278
2016-10-25,29.625,-1.625,1.0824082
2016-10-26,29.625,-1.625,33.836582
2016-10-27,29.625,-1.625,3.8749354
2016-10-28,29.625,-1.625,0.10620341
2016-10-29,29.625,-1.625,6.823123
2016-10-30,29.625,-1.625,2.6084116
2016-10-31,29.625,-1.625,4.7204823
2016-11-01,29.625,-1.625,8.905254
2016-11-02,29.625,-1.625,12.799812
2016-11-03,29.625,-1.625,17.115334
2016-11-04,29.625,-1.625,1.3094056
2016-11-05,29.625,-1.625,3.6008136
2016-11-06,29.625,-1.625,1.326222
2016-11-07,29.625,-1.625,1.7973948
2016-11-08,29.625,-1.625,0.6168115
2016-11-09,29.625,-1.625,2.4588451
2016-11-10,29.625,-1.625,0.003199839
2016-11-11,29.625,-1.625,27.402746
2016-11-12,29.625,-1.625,14.082897
2016-11-13,29.625,-1.625,1.5398138
2016-11-14,29.625,-1.625,2.49702
2016-11-15,29.625,-1.625,6.3847976
2016-11-16,29.625,-1.625,3.7797496
2016-11-17,29.625,-1.625,5.8919973
2016-11-18,29.625,-1.625,1.6595933
2016-11-19,29.625,-1.625,3.1375852
2016-11-20,29.625,-1.625,0.0980019
2016-11-21,29.625,-1.625,4.0778913
2016-11-22,29.625,-1.625,1.0614183
2016-11-23,29.625,-1.625,1.8277949
2016-11-24,29.625,-1.625,15.26562
2016-11-25,29.625,-1.625,3.4183738
2016-11-26,29.625,-1.625,1.6580081
2016-11-27,29.625,-1.625,11.066955
2016-11-28,29.625,-1.625,6.8580413
2016-11-29,29.625,-1.625,0.07640072
2016-11-30,29.625,-1.625,4.642978
2016-12-01,29.625,-1.625,0.95019704
2016-12-02,29.625,-1.625,7.174846
2016-12-03,29.625,-1.625,4.1262083
2016-12-04,29.625,-1.625,0.06040083
2016-12-05,29.625,-1.625,0.8029948
2016-12-06,29.625,-1.625,0.10560205
2016-12-07,29.625,-1.625,0.038401414
2016-12-08,29.625,-1.625,0.04959917
2016-12-09,29.625,-1.625,0.0
2016-12-10,29.625,-1.625,14.154766
2016-12-11,29.625,-1.625,2.277545
2016-12-12,29.625,-1.625,3.3735406
2016-12-13,29.625,-1.625,3.926234
2016-12-14,29.625,-1.625,7.6767635
2016-12-15,29.625,-1.625,0.93480736
2016-12-16,29.625,-1.625,0.07079999
2016-12-17,29.625,-1.625,1.8731848
2016-12-18,29.625,-1.625,0.17400336
2016-12-19,29.625,-1.625,0.10400385
2016-12-20,29.625,-1.625,0.17840582
2016-12-21,29.625,-1.625,0.06640245
2016-12-22,29.625,-1.625,0.37439767
2016-12-23,29.625,-1.625,1.416033
2016-12-24,29.625,-1.625,0.0244009
2016-12-25,29.625,-1.625,0.6827997
2016-12-26,29.625,-1.625,1.7214148
2016-12-27,29.625,-1.625,0.24999839
2016-12-28,29.625,-1.625,0.14260516
2016-12-29,29.625,-1.625,0.2989975
2016-12-30,29.625,-1.625,2.4789155
2016-12-31,29.625,-1.625,6.030836
2017-01-01,29.625,-1.625,32.8334
2017-01-02,29.625,-1.625,2.673942
2017-01-03,29.625,-1.625,0.25080124
2017-01-04,29.625,-1.625,0.08280085
2017-01-05,29.625,-1.625,0.1032038
2017-01-06,29.625,-1.625,0.06920255
2017-01-07,29.625,-1.625,0.0
2017-01-08,29.625,-1.625,0.04479951
2017-01-09,29.625,-1.625,0.011599416
2017-01-10,29.625,-1.625,0.4971982
2017-01-11,29.625,-1.625,0.6181804
2017-01-12,29.625,-1.625,0.036401346
2017-01-13,29.625,-1.625,0.015999809
2017-01-14,29.625,-1.625,0.1394006
2017-01-15,29.625,-1.625,0.09560189
2017-01-16,29.625,-1.625,0.51818657
2017-01-17,29.625,-1.625,0.0
2017-01-18,29.625,-1.625,0.20120378
2017-01-19,29.625,-1.625,1.1198034
2017-01-20,29.625,-1.625,0.84520996
2017-01-21,29.625,-1.625,12.438224
2017-01-22,29.625,-1.625,1.6600229
2017-01-23,29.625,-1.625,2.003184
2017-01-24,29.625,-1.625,0.0
2017-01-25,29.625,-1.625,0.037598185
2017-01-26,29.625,-1.625,5.040356
2017-01-27,29.625,-1.625,4.4697485
2017-01-28,29.625,-1.625,0.1079976
2017-01-29,29.625,-1.625,2.7496185
2017-01-30,29.625,-1.625,1.2260313
2017-01-31,29.625,-1.625,3.4866767
2017-02-01,29.625,-1.625,0.15940498
2017-02-02,29.625,-1.625,1.9072034
2017-02-03,29.625,-1.625,10.152205
2017-02-04,29.625,-1.625,1.0416112
2017-02-05,29.625,-1.625,0.29680818
2017-02-06,29.625,-1.625,0.012399854
2017-02-07,29.625,-1.625,0.0
2017-02-08,29.625,-1.625,3.2816591
2017-02-09,29.625,-1.625,0.075602464
2017-02-10,29.625,-1.625,0.0056002066
2017-02-11,29.625,-1.625,3.6585708
2017-02-12,29.625,-1.625,0.016800622
2017-02-13,29.625,-1.625,0.005800127
2017-02-14,29.625,-1.625,14.302825
2017-02-15,29.625,-1.625,9.884107
2017-02-16,29.625,-1.625,9.840433
2017-02-17,29.625,-1.625,40.028584
2017-02-18,29.625,-1.625,0.17059883
2017-02-19,29.625,-1.625,0.033999305
2017-02-20,29.625,-1.625,0.057999864
2017-02-21,29.625,-1.625,2.0639884
2017-02-22,29.625,-1.625,1.6584457
2017-02-23,29.625,-1.625,2.6046224
2017-02-24,29.625,-1.625,7.2584963
2017-02-25,29.625,-1.625,6.1257896
2017-02-26,29.625,-1.625,5.237398
2017-02-27,29.625,-1.625,1.1688246
2017-02-28,29.625,-1.625,0.06360085
2017-03-01,29.625,-1.625,13.542399
2017-03-02,29.625,-1.625,0.0
2017-03-03,29.625,-1.625,1.3997781
2017-03-04,29.625,-1.625,0.20760256
2017-03-05,29.625,-1.625,2.4733865
2017-03-06,29.625,-1.625,2.6980317
2017-03-07,29.625,-1.625,1.4038191
2017-03-08,29.625,-1.625,9.883548
2017-03-09,29.625,-1.625,2.368761
2017-03-10,29.625,-1.625,6.8449693
2017-03-11,29.625,-1.625,0.55898714
2017-03-12,29.625,-1.625,3.2564285
2017-03-13,29.625,-1.625,0.017599791
2017-03-14,29.625,-1.625,0.022399928
2017-03-15,29.625,-1.625,3.2117462
2017-03-16,29.625,-1.625,52.483337
2017-03-17,29.625,-1.625,5.182792
2017-03-18,29.625,-1.625,1.2272406
2017-03-19,29.625,-1.625,4.364566
2017-03-20,29.625,-1.625,8.992713
2017-03-21,29.625,-1.625,5.848812
2017-03-22,29.625,-1.625,0.7731936
2017-03-23,29.625,-1.625,2.4667945
2017-03-24,29.625,-1.625,2.0416372
2017-03-25,29.625,-1.625,2.5805936
2017-03-26,29.625,-1.625,0.17680599
2017-03-27,29.625,-1.625,0.49538973
2017-03-28,29.625,-1.625,0.00039997988
2017-03-29,29.625,-1.625,4.7042646
2017-03-30,29.625,-1.625,2.5666568
2017-03-31,29.625,-1.625,0.014000341
2017-04-01,29.625,-1.625,0.014400075
2017-04-02,29.625,-1.625,1.9105854
2017-04-03,29.625,-1.625,0.012000307
2017-04-04,29.625,-1.625,0.2205985
2017-04-05,29.625,-1.625,0.08680084
2017-04-06,29.625,-1.625,1.8034085
2017-04-07,29.625,-1.625,12.875726
2017-04-08,29.625,-1.625,0.49958798
2017-04-09,29.625,-1.625,1.5138073
2017-04-10,29.625,-1.625,4.6448336
2017-04-11,29.625,-1.625,1.5832098
2017-04-12,29.625,-1.625,2.8231769
2017-04-13,29.625,-1.625,0.10800226
2017-04-14,29.625,-1.625,0.38299817
2017-04-15,29.625,-1.625,0.13780466
2017-04-16,29.625,-1.625,0.33740008
2017-04-17,29.625,-1.625,8.782003
2017-04-18,29.625,-1.625,3.2016363
2017-04-19,29.625,-1.625,2.950175
2017-04-20,29.625,-1.625,6.9482827
2017-04-21,29.625,-1.625,0.8701966
2017-04-22,29.625,-1.625,7.2241564
2017-04-23,29.625,-1.625,2.8368852
2017-04-24,29.625,-1.625,9.671214
2017-04-25,29.625,-1.625,2.1403642
2017-04-26,29.625,-1.625,0.73541284
2017-04-27,29.625,-1.625,3.2699642
2017-04-28,29.625,-1.625,2.2041824
2017-04-29,29.625,-1.625,5.172947
2017-04-30,29.625,-1.625,25.15898
2017-05-01,29.625,-1.625,1.565395
2017-05-02,29.625,-1.625,0.47680885
2017-05-03,29.625,-1.625,0.167604
2017-05-04,29.625,-1.625,0.14019585
2017-05-05,29.625,-1.625,2.5108156
2017-05-06,29.625,-1.625,50.213318
2017-05-07,29.625,-1.625,2.7311597
2017-05-08,29.625,-1.625,6.6148925
2017-05-09,29.625,-1.625,0.005199938
2017-05-10,29.625,-1.625,0.14080518
2017-05-11,29.625,-1.625,12.269592
2017-05-12,29.625,-1.625,11.066577
2017-05-13,29.625,-1.625,1.1051708
2017-05-14,29.625,-1.625,0.31120685
2017-05-15,29.625,-1.625,0.043201596
2017-05-16,29.625,-1.625,0.14600539
2017-05-17,29.625,-1.625,1.2476442
2017-05-18,29.625,-1.625,8.934463
2017-05-19,29.625,-1.625,0.7380082
2017-05-20,29.625,-1.625,0.09240341
2017-05-21,29.625,-1.625,0.0
2017-05-22,29.625,-1.625,0.03600133
2017-05-23,29.625,-1.625,2.2992244
2017-05-24,29.625,-1.625,0.0
2017-05-25,29.625,-1.625,0.0
2017-05-26,29.625,-1.625,0.45521683
2017-05-27,29.625,-1.625,0.20880769
2017-05-28,29.625,-1.625,0.0
2017-05-29,29.625,-1.625,0.06680243
2017-05-30,29.625,-1.625,0.19360146
2017-05-31,29.625,-1.625,0.022398904
2017-06-01,29.625,-1.625,0.0
2017-06-02,29.625,-1.625,0.20660388
2017-06-03,29.625,-1.625,6.2320166
2017-06-04,29.625,-1.625,0.23800376
2017-06-05,29.625,-1.625,0.08080299
2017-06-06,29.625,-1.625,0.068002515
2017-06-07,29.625,-1.625,0.0
2017-06-08,29.625,-1.625,0.7864265
2017-06-09,29.625,-1.625,2.160794
2017-06-10,29.625,-1.625,0.09440349
2017-06-11,29.625,-1.625,0.023600873
2017-06-12,29.625,-1.625,0.07840289
2017-06-13,29.625,-1.625,0.0
2017-06-14,29.625,-1.625,0.0
2017-06-15,29.625,-1.625,0.28280634
2017-06-16,29.625,-1.625,0.0
2017-06-17,29.625,-1.625,0.18480584
2017-06-18,29.625,-1.625,0.037799224
2017-06-19,29.625,-1.625,0.06440237
2017-06-20,29.625,-1.625,0.0
2017-06-21,29.625,-1.625,0.0
2017-06-22,29.625,-1.625,0.0
2017-06-23,29.625,-1.625,0.0
2017-06-24,29.625,-1.625,0.074798666
2017-06-25,29.625,-1.625,0.109204024
2017-06-26,29.625,-1.625,0.0
2017-06-27,29.625,-1.625,0.0
2017-06-28,29.625,-1.625,0.0
2017-06-29,29.625,-1.625,0.0
2017-06-30,29.625,-1.625,1.1920133
2017-07-01,29.625,-1.625,0.0
2017-07-02,29.625,-1.625,0.0
2017-07-03,29.625,-1.625,2.391059
2017-07-04,29.625,-1.625,1.1368396
2017-07-05,29.625,-1.625,0.5424106
2017-07-06,29.625,-1.625,0.49380696
2017-07-07,29.625,-1.625,0.03760139
2017-07-08,29.625,-1.625,0.0
2017-07-09,29.625,-1.625,0.60282165
2017-07-10,29.625,-1.625,0.19120705
2017-07-11,29.625,-1.625,0.055202037
2017-07-12,29.625,-1.625,0.009600354
2017-07-13,29.625,-1.625,0.07400273
2017-07-14,29.625,-1.625,0.0
2017-07-15,29.625,-1.625,0.02720072
2017-07-16,29.625,-1.625,0.19499443
2017-07-17,29.625,-1.625,0.037201375
2017-07-18,29.625,-1.625,0.0011999859
2017-07-19,29.625,-1.625,0.043201596
2017-07-20,29.625,-1.625,0.0
2017-07-21,29.625,-1.625,0.18000665
2017-07-22,29.625,-1.625,0.03600133
2017-07-23,29.625,-1.625,0.061601058
2017-07-24,29.625,-1.625,0.013599958
2017-07-25,29.625,-1.625,0.3966061
2017-07-26,29.625,-1.625,0.34140724
2017-07-27,29.625,-1.625,0.109604046
2017-07-28,29.625,-1.625,0.0
2017-07-29,29.625,-1.625,0.0
2017-07-30,29.625,-1.625,0.0056002066
2017-07-31,29.625,-1.625,0.004800138
2017-08-01,29.625,-1.625,0.0
2017-08-02,29.625,-1.625,0.0
2017-08-03,29.625,-1.625,0.01999966
2017-08-04,29.625,-1.625,0.0
2017-08-05,29.625,-1.625,0.0
2017-08-06,29.625,-1.625,0.004000148
2017-08-07,29.625,-1.625,0.0568021
2017-08-08,29.625,-1.625,0.40479174
2017-08-09,29.625,-1.625,4.7775803
2017-08-10,29.625,-1.625,0.023598816
2017-08-11,29.625,-1.625,0.7320039
2017-08-12,29.625,-1.625,0.07640282
2017-08-13,29.625,-1.625,0.0
2017-08-14,29.625,-1.625,0.17880507
2017-08-15,29.625,-1.625,0.040799603
2017-08-16,29.625,-1.625,0.028001036
2017-08-17,29.625,-1.625,2.0262156
2017-08-18,29.625,-1.625,20.256098
2017-08-19,29.625,-1.625,4.5931396
2017-08-20,29.625,-1.625,0.0
2017-08-21,29.625,-1.625,0.0
2017-08-22,29.625,-1.625,0.0996022
2017-08-23,29.625,-1.625,0.30481046
2017-08-24,29.625,-1.625,3.8451707
2017-08-25,29.625,-1.625,0.9034204
2017-08-26,29.625,-1.625,0.26139766
2017-08-27,29.625,-1.625,0.023400288
2017-08-28,29.625,-1.625,0.021200646
2017-08-29,29.625,-1.625,1.2470173
2017-08-30,29.625,-1.625,0.028800651
2017-08-31,29.625,-1.625,2.8891082
2017-09-01,29.625,-1.625,2.345737
2017-09-02,29.625,-1.625,0.021599855
2017-09-03,29.625,-1.625,0.98141485
2017-09-04,29.625,-1.625,3.2057335
2017-09-05,29.625,-1.625,0.04879979
2017-09-06,29.625,-1.625,15.494582
2017-09-07,29.625,-1.625,0.45561063
2017-09-08,29.625,-1.625,13.529118
2017-09-09,29.625,-1.625,2.5853586
2017-09-10,29.625,-1.625,13.548328
2017-09-11,29.625,-1.625,1.2797962
2017-09-12,29.625,-1.625,0.11160361
2017-09-13,29.625,-1.625,0.20280442
2017-09-14,29.625,-1.625,0.49259484
2017-09-15,29.625,-1.625,1.150398
2017-09-16,29.625,-1.625,5.119065
2017-09-17,29.625,-1.625,6.3988185
2017-09-18,29.625,-1.625,1.4619797
2017-09-19,29.625,-1.625,3.2408633
2017-09-20,29.625,-1.625,1.2795961
2017-09-21,29.625,-1.625,0.0035999576
2017-09-22,29.625,-1.625,0.004800177
2017-09-23,29.625,-1.625,2.1324108
2017-09-24,29.625,-1.625,2.070417
2017-09-25,29.625,-1.625,9.754606
2017-09-26,29.625,-1.625,5.770876
2017-09-27,29.625,-1.625,3.1532614
2017-09-28,29.625,-1.625,9.806055
2017-09-29,29.625,-1.625,0.8246045
2017-09-30,29.625,-1.625,0.7568146
2017-10-01,29.625,-1.625,0.7870045
2017-10-02,29.625,-1.625,0.64961934
2017-10-03,29.625,-1.625,0.90082383
2017-10-04,29.625,-1.625,0.021200782
2017-10-05,29.625,-1.625,1.591629
2017-10-06,29.625,-1.625,0.13120064
2017-10-07,29.625,-1.625,3.0451605
2017-10-08,29.625,-1.625,2.3156273
2017-10-09,29.625,-1.625,2.998821
2017-10-10,29.625,-1.625,21.719765
2017-10-11,29.625,-1.625,2.7486293
2017-10-12,29.625,-1.625,21.847658
2017-10-13,29.625,-1.625,2.9176302
2017-10-14,29.625,-1.625,2.600377
2017-10-15,29.625,-1.625,2.158394
2017-10-16,29.625,-1.625,0.19080703
2017-10-17,29.625,-1.625,2.5105906
2017-10-18,29.625,-1.625,1.1858001
2017-10-19,29.625,-1.625,11.671671
2017-10-20,29.625,-1.625,5.837836
2017-10-21,29.625,-1.625,0.94162446
2017-10-22,29.625,-1.625,0.74601746
2017-10-23,29.625,-1.625,0.3626011
2017-10-24,29.625,-1.625,0.26120824
2017-10-25,29.625,-1.625,16.703205
2017-10-26,29.625,-1.625,7.620016
2017-10-27,29.625,-1.625,23.633488
2017-10-28,29.625,-1.625,4.825997
2017-10-29,29.625,-1.625,2.2464218
2017-10-30,29.625,-1.625,1.0306265
2017-10-31,29.625,-1.625,0.3257929
2017-11-01,29.625,-1.625,0.27800992
2017-11-02,29.625,-1.625,7.43398
2017-11-03,29.625,-1.625,6.6190367
2017-11-04,29.625,-1.625,13.344401
2017-11-05,29.625,-1.625,8.756647
2017-11-06,29.625,-1.625,36.43416
2017-11-07,29.625,-1.625,7.984189
2017-11-08,29.625,-1.625,5.2973785
2017-11-09,29.625,-1.625,20.009548
2017-11-10,29.625,-1.625,1.6472331
2017-11-11,29.625,-1.625,1.7551934
2017-11-12,29.625,-1.625,2.696179
2017-11-13,29.625,-1.625,3.08017
2017-11-14,29.625,-1.625,3.395181
2017-11-15,29.625,-1.625,8.639979
2017-11-16,29.625,-1.625,6.829545
2017-11-17,29.625,-1.625,17.74216
2017-11-18,29.625,-1.625,0.7516028
2017-11-19,29.625,-1.625,4.644008
2017-11-20,29.625,-1.625,5.3702054
2017-11-21,29.625,-1.625,0.71857554
2017-11-22,29.625,-1.625,0.24039687
2017-11-23,29.625,-1.625,0.8821971
2017-11-24,29.625,-1.625,5.4831133
2017-11-25,29.625,-1.625,7.942558
2017-11-26,29.625,-1.625,3.760759
2017-11-27,29.625,-1.625,0.003200118
2017-11-28,29.625,-1.625,0.08680211
2017-11-29,29.625,-1.625,8.580651
2017-11-30,29.625,-1.625,8.696595
2017-12-01,29.625,-1.625,0.19200224
2017-12-02,29.625,-1.625,8.956551
2017-12-03,29.625,-1.625,2.493582
2017-12-04,29.625,-1.625,0.10120374
2017-12-05,29.625,-1.625,0.1572058
2017-12-06,29.625,-1.625,5.5099716
2017-12-07,29.625,-1.625,0.5465995
2017-12-08,29.625,-1.625,1.6715834
2017-12-09,29.625,-1.625,9.290247
2017-12-10,29.625,-1.625,4.974555
2017-12-11,29.625,-1.625,0.15780236
2017-12-12,29.625,-1.625,0.05200192
2017-12-13,29.625,-1.625,0.07440275
2017-12-14,29.625,-1.625,0.0
2017-12-15,29.625,-1.625,0.87922615
2017-12-16,29.625,-1.625,0.30320874
2017-12-17,29.625,-1.625,0.41801542
2017-12-18,29.625,-1.625,0.387214
2017-12-19,29.625,-1.625,0.049799822
2017-12-20,29.625,-1.625,0.3287881
2017-12-21,29.625,-1.625,0.38279766
2017-12-22,29.625,-1.625,0.020000739
2017-12-23,29.625,-1.625,0.2992108
2017-12-24,29.625,-1.625,1.0763854
2017-12-25,29.625,-1.625,0.099603675
2017-12-26,29.625,-1.625,0.060401686
2017-12-27,29.625,-1.625,0.12640397
2017-12-28,29.625,-1.625,2.7663832
2017-12-29,29.625,-1.625,2.3132057
2017-12-30,29.625,-1.625,1.6567886
2017-12-31,29.625,-1.625,46.703327
2018-01-01,29.625,-1.625,12.461394
2018-01-02,29.625,-1.625,2.335994
2018-01-03,29.625,-1.625,1.667436
2018-01-04,29.625,-1.625,6.9077997
2018-01-05,29.625,-1.625,0.46360296
2018-01-06,29.625,-1.625,0.5750051
2018-01-07,29.625,-1.625,0.5545949
2018-01-08,29.625,-1.625,1.1547718
2018-01-09,29.625,-1.625,0.48000205
2018-01-10,29.625,-1.625,1.3711904
2018-01-11,29.625,-1.625,0.75219053
2018-01-12,29.625,-1.625,6.721384
2018-01-13,29.625,-1.625,2.249563
2018-01-14,29.625,-1.625,9.486933
2018-01-15,29.625,-1.625,7.959384
2018-01-16,29.625,-1.625,2.1463742
2018-01-17,29.625,-1.625,12.512917
2018-01-18,29.625,-1.625,8.376787
2018-01-19,29.625,-1.625,0.21179274
2018-01-20,29.625,-1.625,1.2787588
2018-01-21,29.625,-1.625,0.17080088
2018-01-22,29.625,-1.625,2.811016
2018-01-23,29.625,-1.625,0.39760363
2018-01-24,29.625,-1.625,2.6794229
2018-01-25,29.625,-1.625,4.999202
2018-01-26,29.625,-1.625,0.1592054
2018-01-27,29.625,-1.625,4.0396223
2018-01-28,29.625,-1.625,0.004800177
2018-01-29,29.625,-1.625,0.9335742
2018-01-30,29.625,-1.625,0.5585939
2018-01-31,29.625,-1.625,0.26879922
2018-02-01,29.625,-1.625,0.009600354
2018-02-02,29.625,-1.625,0.29278526
2018-02-03,29.625,-1.625,0.019200709
2018-02-04,29.625,-1.625,0.5350116
2018-02-05,29.625,-1.625,0.026998643
2018-02-06,29.625,-1.625,0.18119575
2018-02-07,29.625,-1.625,9.181761
2018-02-08,29.625,-1.625,6.7056494
2018-02-09,29.625,-1.625,3.5236106
2018-02-10,29.625,-1.625,6.4461317
2018-02-11,29.625,-1.625,7.6256194
2018-02-12,29.625,-1.625,0.56001747
2018-02-13,29.625,-1.625,4.2723517
2018-02-14,29.625,-1.625,0.96038365
2018-02-15,29.625,-1.625,2.5619838
2018-02-16,29.625,-1.625,2.6816356
2018-02-17,29.625,-1.625,0.271208
2018-02-18,29.625,-1.625,10.976204
2018-02-19,29.625,-1.625,13.261078
2018-02-20,29.625,-1.625,8.1233635
2018-02-21,29.625,-1.625,0.47300786
2018-02-22,29.625,-1.625,4.4139714
2018-02-23,29.625,-1.625,4.1179285
2018-02-24,29.625,-1.625,1.2536197
2018-02-25,29.625,-1.625,1.6424019
2018-02-26,29.625,-1.625,5.24304
2018-02-27,29.625,-1.625,0.8631874
2018-02-28,29.625,-1.625,2.4809566
2018-03-01,29.625,-1.625,2.02098
2018-03-02,29.625,-1.625,4.9780006
2018-03-03,29.625,-1.625,7.5822268
2018-03-04,29.625,-1.625,2.4498303
2018-03-05,29.625,-1.625,6.493396
2018-03-06,29.625,-1.625,7.125961
2018-03-07,29.625,-1.625,4.6441507
2018-03-08,29.625,-1.625,7.481703
2018-03-09,29.625,-1.625,16.963009
2018-03-10,29.625,-1.625,4.141181
2018-03-11,29.625,-1.625,10.947905
2018-03-12,29.625,-1.625,3.7824392
2018-03-13,29.625,-1.625,0.766803
2018-03-14,29.625,-1.625,2.6307843
2018-03-15,29.625,-1.625,12.413989
2018-03-16,29.625,-1.625,8.929944
2018-03-17,29.625,-1.625,1.5196022
2018-03-18,29.625,-1.625,11.283093
2018-03-19,29.625,-1.625,7.2547984
2018-03-20,29.625,-1.625,1.1884272
2018-03-21,29.625,-1.625,14.330825
2018-03-22,29.625,-1.625,0.3358057
2018-03-23,29.625,-1.625,4.6588364
2018-03-24,29.625,-1.625,0.8532109
2018-03-25,29.625,-1.625,0.24019264
2018-03-26,29.625,-1.625,0.1414031
2018-03-27,29.625,-1.625,7.140654
2018-03-28,29.625,-1.625,9.36262
2018-03-29,29.625,-1.625,5.918025
2018-03-30,29.625,-1.625,2.6809626
2018-03-31,29.625,-1.625,0.2612049
2018-04-01,29.625,-1.625,10.961599
2018-04-02,29.625,-1.625,2.5597873
2018-04-03,29.625,-1.625,10.626296
2018-04-04,29.625,-1.625,1.3993939
2018-04-05,29.625,-1.625,14.406238
2018-04-06,29.625,-1.625,16.238487
2018-04-07,29.625,-1.625,1.9154369
2018-04-08,29.625,-1.625,6.016156
2018-04-09,29.625,-1.625,1.7494274
2018-04-10,29.625,-1.625,3.0518692
2018-04-11,29.625,-1.625,27.866528
2018-04-12,29.625,-1.625,4.535226
2018-04-13,29.625,-1.625,32.36323
2018-04-14,29.625,-1.625,5.307359
2018-04-15,29.625,-1.625,8.281185
2018-04-16,29.625,-1.625,13.385206
2018-04-17,29.625,-1.625,20.808702
2018-04-18,29.625,-1.625,1.7418026
2018-04-19,29.625,-1.625,4.632044
2018-04-20,29.625,-1.625,2.0724087
2018-04-21,29.625,-1.625,23.198479
2018-04-22,29.625,-1.625,2.6458359
2018-04-23,29.625,-1.625,4.4713016
2018-04-24,29.625,-1.625,2.6817784
2018-04-25,29.625,-1.625,31.019592
2018-04-26,29.625,-1.625,7.0269313
2018-04-27,29.625,-1.625,13.868557
2018-04-28,29.625,-1.625,15.030478
2018-04-29,29.625,-1.625,7.265193
2018-04-30,29.625,-1.625,2.5429945
2018-05-01,29.625,-1.625,1.5480093
2018-05-02,29.625,-1.625,10.796828
2018-05-03,29.625,-1.625,0.17919847
2018-05-04,29.625,-1.625,6.87934
2018-05-05,29.625,-1.625,3.6259024
2018-05-06,29.625,-1.625,3.4353802
2018-05-07,29.625,-1.625,6.2526765
2018-05-08,29.625,-1.625,0.025600906
2018-05-09,29.625,-1.625,0.46481273
2018-05-10,29.625,-1.625,9.883659
2018-05-11,29.625,-1.625,2.656827
2018-05-12,29.625,-1.625,1.6597937
2018-05-13,29.625,-1.625,0.8918178
2018-05-14,29.625,-1.625,11.693342
2018-05-15,29.625,-1.625,10.478412
2018-05-16,29.625,-1.625,2.261156
2018-05-17,29.625,-1.625,0.2702036
2018-05-18,29.625,-1.625,0.12800473
2018-05-19,29.625,-1.625,0.2866017
2018-05-20,29.625,-1.625,4.1647
2018-05-21,29.625,-1.625,12.605507
2018-05-22,29.625,-1.625,9.840736
2018-05-23,29.625,-1.625,1.9480615
2018-05-24,29.625,-1.625,12.7680645
2018-05-25,29.625,-1.625,0.033601236
2018-05-26,29.625,-1.625,1.1316066
2018-05-27,29.625,-1.625,0.07840227
2018-05-28,29.625,-1.625,0.0
2018-05-29,29.625,-1.625,0.0
2018-05-30,29.625,-1.625,0.6247921
2018-05-31,29.625,-1.625,0.0
2018-06-01,29.625,-1.625,0.0
2018-06-02,29.625,-1.625,0.0
2018-06-03,29.625,-1.625,0.082803056
2018-06-04,29.625,-1.625,1.6069456
2018-06-05,29.625,-1.625,3.4406917
2018-06-06,29.625,-1.625,0.049601406
2018-06-07,29.625,-1.625,0.05459764
2018-06-08,29.625,-1.625,0.0
2018-06-09,29.625,-1.625,0.0
2018-06-10,29.625,-1.625,0.038001403
2018-06-11,29.625,-1.625,0.0
2018-06-12,29.625,-1.625,0.0
2018-06-13,29.625,-1.625,0.0
2018-06-14,29.625,-1.625,0.0
2018-06-15,29.625,-1.625,0.0
2018-06-16,29.625,-1.625,0.0
2018-06-17,29.625,-1.625,0.0
2018-06-18,29.625,-1.625,0.06960245
2018-06-19,29.625,-1.625,0.1032038
2018-06-20,29.625,-1.625,0.0
2018-06-21,29.625,-1.625,0.5002184
2018-06-22,29.625,-1.625,3.9183693
2018-06-23,29.625,-1.625,0.65561163
2018-06-24,29.625,-1.625,0.0
2018-06-25,29.625,-1.625,0.0027998746
2018-06-26,29.625,-1.625,0.0780019
2018-06-27,29.625,-1.625,0.0
2018-06-28,29.625,-1.625,0.63282335
2018-06-29,29.625,-1.625,0.015999265
2018-06-30,29.625,-1.625,0.44460067
2018-07-01,29.625,-1.625,0.0
2018-07-02,29.625,-1.625,0.0
2018-07-03,29.625,-1.625,0.0
2018-07-04,29.625,-1.625,0.0
2018-07-05,29.625,-1.625,0.0
2018-07-06,29.625,-1.625,0.0
2018-07-07,29.625,-1.625,0.038401417
2018-07-08,29.625,-1.625,0.0
2018-07-09,29.625,-1.625,0.0
2018-07-10,29.625,-1.625,0.027201004
2018-07-11,29.625,-1.625,0.032001182
2018-07-12,29.625,-1.625,0.0
2018-07-13,29.625,-1.625,0.0
2018-07-14,29.625,-1.625,0.0
2018-07-15,29.625,-1.625,0.0
2018-07-16,29.625,-1.625,0.0
2018-07-17,29.625,-1.625,0.0
2018-07-18,29.625,-1.625,0.0
2018-07-19,29.625,-1.625,0.14560537
2018-07-20,29.625,-1.625,0.31841174
2018-07-21,29.625,-1.625,0.0
2018-07-22,29.625,-1.625,0.0017999094
2018-07-23,29.625,-1.625,0.0
2018-07-24,29.625,-1.625,0.0
2018-07-25,29.625,-1.625,0.5374071
2018-07-26,29.625,-1.625,2.212578
2018-07-27,29.625,-1.625,0.015200421
2018-07-28,29.625,-1.625,0.6992188
2018-07-29,29.625,-1.625,1.8379929
2018-07-30,29.625,-1.625,15.028331
2018-07-31,29.625,-1.625,4.0373316
2018-08-01,29.625,-1.625,0.5851828
2018-08-02,29.625,-1.625,0.21300225
2018-08-03,29.625,-1.625,0.1243948
2018-08-04,29.625,-1.625,0.9628031
2018-08-05,29.625,-1.625,0.0
2018-08-06,29.625,-1.625,0.0
2018-08-07,29.625,-1.625,0.032800958
2018-08-08,29.625,-1.625,0.0
2018-08-09,29.625,-1.625,0.0
2018-08-10,29.625,-1.625,0.0
2018-08-11,29.625,-1.625,0.0
2018-08-12,29.625,-1.625,0.0
2018-08-13,29.625,-1.625,0.0
2018-08-14,29.625,-1.625,0.0
2018-08-15,29.625,-1.625,0.0
2018-08-16,29.625,-1.625,0.0
2018-08-17,29.625,-1.625,0.0
2018-08-18,29.625,-1.625,0.04580022
2018-08-19,29.625,-1.625,0.04200141
2018-08-20,29.625,-1.625,0.008199803
2018-08-21,29.625,-1.625,0.9396053
2018-08-22,29.625,-1.625,1.073427
2018-08-23,29.625,-1.625,27.730385
2018-08-24,29.625,-1.625,7.9200287
2018-08-25,29.625,-1.625,2.4670343
2018-08-26,29.625,-1.625,25.687435
2018-08-27,29.625,-1.625,14.20603
2018-08-28,29.625,-1.625,2.4758382
2018-08-29,29.625,-1.625,9.286428
2018-08-30,29.625,-1.625,0.054800652
2018-08-31,29.625,-1.625,0.017200634
2018-09-01,29.625,-1.625,0.012800472
2018-09-02,29.625,-1.625,0.0
2018-09-03,29.625,-1.625,18.188818
2018-09-04,29.625,-1.625,14.74317
2018-09-05,29.625,-1.625,2.8525927
2018-09-06,29.625,-1.625,8.117001
2018-09-07,29.625,-1.625,0.6282152
2018-09-08,29.625,-1.625,0.07279804
2018-09-09,29.625,-1.625,4.305343
2018-09-10,29.625,-1.625,4.078987
2018-09-11,29.625,-1.625,12.286042
2018-09-12,29.625,-1.625,6.0114408
2018-09-13,29.625,-1.625,2.4127905
2018-09-14,29.625,-1.625,1.1008034
2018-09-15,29.625,-1.625,0.11280284
2018-09-16,29.625,-1.625,10.23042
2018-09-17,29.625,-1.625,0.006400236
2018-09-18,29.625,-1.625,0.56840205
2018-09-19,29.625,-1.625,0.1316035
2018-09-20,29.625,-1.625,1.3031806
2018-09-21,29.625,-1.625,0.1840068
2018-09-22,29.625,-1.625,0.3732087
2018-09-23,29.625,-1.625,0.5914148
2018-09-24,29.625,-1.625,2.317838
2018-09-25,29.625,-1.625,0.5000131
2018-09-26,29.625,-1.625,0.055602055
2018-09-27,29.625,-1.625,0.02380061
2018-09-28,29.625,-1.625,2.6506271
2018-09-29,29.625,-1.625,4.1098294
2018-09-30,29.625,-1.625,3.114989
2018-10-01,29.625,-1.625,0.028800907
2018-10-02,29.625,-1.625,0.41020286
2018-10-03,29.625,-1.625,2.6528828
2018-10-04,29.625,-1.625,1.8826201
2018-10-05,29.625,-1.625,2.032437
2018-10-06,29.625,-1.625,0.0
2018-10-07,29.625,-1.625,1.0237801
2018-10-08,29.625,-1.625,5.2735333
2018-10-09,29.625,-1.625,5.7124743
2018-10-10,29.625,-1.625,6.5348287
2018-10-11,29.625,-1.625,4.98885
2018-10-12,29.625,-1.625,0.6091991
2018-10-13,29.625,-1.625,0.043201596
2018-10-14,29.625,-1.625,11.979527
2018-10-15,29.625,-1.625,3.2179828
2018-10-16,29.625,-1.625,20.268393
2018-10-17,29.625,-1.625,17.078154
2018-10-18,29.625,-1.625,1.2663971
2018-10-19,29.625,-1.625,12.472812
2018-10-20,29.625,-1.625,1.0525987
2018-10-21,29.625,-1.625,0.360796
2018-10-22,29.625,-1.625,0.059601486
2018-10-23,29.625,-1.625,0.14779492
2018-10-24,29.625,-1.625,0.0056000706
2018-10-25,29.625,-1.625,0.20240322
2018-10-26,29.625,-1.625,0.3025897
2018-10-27,29.625,-1.625,0.931404
2018-10-28,29.625,-1.625,0.039199628
2018-10-29,29.625,-1.625,7.8817015
2018-10-30,29.625,-1.625,1.8389887
2018-10-31,29.625,-1.625,1.4671869
2018-11-01,29.625,-1.625,12.247024
2018-11-02,29.625,-1.625,4.325771
2018-11-03,29.625,-1.625,2.9314854
2018-11-04,29.625,-1.625,1.8289785
2018-11-05,29.625,-1.625,0.0920016
2018-11-06,29.625,-1.625,0.0045999084
2018-11-07,29.625,-1.625,5.492057
2018-11-08,29.625,-1.625,2.4154167
2018-11-09,29.625,-1.625,1.3150173
2018-11-10,29.625,-1.625,0.22340551
2018-11-11,29.625,-1.625,10.695654
2018-11-12,29.625,-1.625,12.374888
2018-11-13,29.625,-1.625,6.2541094
2018-11-14,29.625,-1.625,0.9676115
2018-11-15,29.625,-1.625,1.853847
2018-11-16,29.625,-1.625,1.1671848
2018-11-17,29.625,-1.625,2.3746445
2018-11-18,29.625,-1.625,3.5839643
2018-11-19,29.625,-1.625,0.25879502
2018-11-20,29.625,-1.625,11.622236
2018-11-21,29.625,-1.625,2.137812
2018-11-22,29.625,-1.625,5.4845457
2018-11-23,29.625,-1.625,0.03160091
2018-11-24,29.625,-1.625,0.22399859
2018-11-25,29.625,-1.625,6.2055845
2018-11-26,29.625,-1.625,1.809765
2018-11-27,29.625,-1.625,0.72598743
2018-11-28,29.625,-1.625,0.4352116
2018-11-29,29.625,-1.625,0.49940675
2018-11-30,29.625,-1.625,0.37000656
2018-12-01,29.625,-1.625,3.487207
2018-12-02,29.625,-1.625,0.6064224
2018-12-03,29.625,-1.625,7.8616676
2018-12-04,29.625,-1.625,8.04713
2018-12-05,29.625,-1.625,1.267782
2018-12-06,29.625,-1.625,0.23500331
2018-12-07,29.625,-1.625,0.080400184
2018-12-08,29.625,-1.625,21.338556
2018-12-09,29.625,-1.625,3.3380265
2018-12-10,29.625,-1.625,1.1748024
2018-12-11,29.625,-1.625,24.301016
2018-12-12,29.625,-1.625,24.975096
2018-12-13,29.625,-1.625,4.255427
2018-12-14,29.625,-1.625,5.5844455
2018-12-15,29.625,-1.625,1.0745951
2018-12-16,29.625,-1.625,0.81099135
2018-12-17,29.625,-1.625,3.9881842
2018-12-18,29.625,-1.625,0.08120182
2018-12-19,29.625,-1.625,3.928396
2018-12-20,29.625,-1.625,1.5109776
2018-12-21,29.625,-1.625,0.70457923
2018-12-22,29.625,-1.625,1.7191826
2018-12-23,29.625,-1.625,3.6093473
2018-12-24,29.625,-1.625,0.8724155
2018-12-25,29.625,-1.625,0.12119673
2018-12-26,29.625,-1.625,0.035601314
2018-12-27,29.625,-1.625,1.1930411
2018-12-28,29.625,-1.625,0.610401
2018-12-29,29.625,-1.625,2.1255796
2018-12-30,29.625,-1.625,0.20560014
2018-12-31,29.625,-1.625,1.2057989
2019-01-01,29.625,-1.625,0.035798967
2019-01-02,29.625,-1.625,0.007200266
2019-01-03,29.625,-1.625,0.045198932
2019-01-04,29.625,-1.625,7.628179
2019-01-05,29.625,-1.625,3.5713456
2019-01-06,29.625,-1.625,8.909206
2019-01-07,29.625,-1.625,0.50999403
2019-01-08,29.625,-1.625,0.19480416
2019-01-09,29.625,-1.625,0.24959904
2019-01-10,29.625,-1.625,0.09040322
2019-01-11,29.625,-1.625,0.0
2019-01-12,29.625,-1.625,0.030399509
2019-01-13,29.625,-1.625,0.0
2019-01-14,29.625,-1.625,0.13680379
2019-01-15,29.625,-1.625,1.1544142
2019-01-16,29.625,-1.625,5.217941
2019-01-17,29.625,-1.625,6.3996606
2019-01-18,29.625,-1.625,2.0213823
2019-01-19,29.625,-1.625,2.3807964
2019-01-20,29.625,-1.625,7.16684
2019-01-21,29.625,-1.625,3.0239654
2019-01-22,29.625,-1.625,0.3489864
2019-01-23,29.625,-1.625,0.6608194
2019-01-24,29.625,-1.625,0.19359791
2019-01-25,29.625,-1.625,12.9742565
2019-01-26,29.625,-1.625,0.34379727
2019-01-27,29.625,-1.625,0.026399555
2019-01-28,29.625,-1.625,0.0
2019-01-29,29.625,-1.625,2.7076333
2019-01-30,29.625,-1.625,1.6924133
2019-01-31,29.625,-1.625,0.0
2019-02-01,29.625,-1.625,0.0060000457
2019-02-02,29.625,-1.625,0.0
2019-02-03,29.625,-1.625,0.3920032
2019-02-04,29.625,-1.625,0.08560243
2019-02-05,29.625,-1.625,2.780045
2019-02-06,29.625,-1.625,2.829579
2019-02-07,29.625,-1.625,0.41601494
2019-02-08,29.625,-1.625,0.05619816
2019-02-09,29.625,-1.625,1.1846007
2019-02-10,29.625,-1.625,0.03739846
2019-02-11,29.625,-1.625,0.0
2019-02-12,29.625,-1.625,0.0
2019-02-13,29.625,-1.625,0.032000437
2019-02-14,29.625,-1.625,2.8264673
2019-02-15,29.625,-1.625,0.37681338
2019-02-16,29.625,-1.625,0.004800177
2019-02-17,29.625,-1.625,5.927208
2019-02-18,29.625,-1.625,0.0608
2019-02-19,29.625,-1.625,0.15860191
2019-02-20,29.625,-1.625,1.0995771
2019-02-21,29.625,-1.625,2.8414166
2019-02-22,29.625,-1.625,14.353413
2019-02-23,29.625,-1.625,0.31639776
2019-02-24,29.625,-1.625,15.654266
2019-02-25,29.625,-1.625,0.70001453
2019-02-26,29.625,-1.625,0.074802406
2019-02-27,29.625,-1.625,0.02360087
2019-02-28,29.625,-1.625,0.027200231
2019-03-01,29.625,-1.625,0.03840027
2019-03-02,29.625,-1.625,6.2534037
2019-03-03,29.625,-1.625,0.9598092
2019-03-04,29.625,-1.625,19.550886
2019-03-05,29.625,-1.625,0.2637963
2019-03-06,29.625,-1.625,1.5018001
2019-03-07,29.625,-1.625,5.3720202
2019-03-08,29.625,-1.625,0.0420004
2019-03-09,29.625,-1.625,0.041998327
2019-03-10,29.625,-1.625,1.4610149
2019-03-11,29.625,-1.625,0.026000142
2019-03-12,29.625,-1.625,1.6831613
2019-03-13,29.625,-1.625,0.062402304
2019-03-14,29.625,-1.625,3.5866895
2019-03-15,29.625,-1.625,0.0
2019-03-16,29.625,-1.625,2.1125836
2019-03-17,29.625,-1.625,0.8562094
2019-03-18,29.625,-1.625,0.16860619
2019-03-19,29.625,-1.625,0.65559214
2019-03-20,29.625,-1.625,0.8127712
2019-03-21,29.625,-1.625,0.49179006
2019-03-22,29.625,-1.625,1.1897516
2019-03-23,29.625,-1.625,6.3302903
2019-03-24,29.625,-1.625,0.8853812
2019-03-25,29.625,-1.625,0.5810089
2019-03-26,29.625,-1.625,55.168976
2019-03-27,29.625,-1.625,0.7972
2019-03-28,29.625,-1.625,7.2397757
2019-03-29,29.625,-1.625,0.024400586
2019-03-30,29.625,-1.625,3.7704074
2019-03-31,29.625,-1.625,0.24640746
2019-04-01,29.625,-1.625,11.009741
2019-04-02,29.625,-1.625,0.47298086
2019-04-03,29.625,-1.625,5.7514906
2019-04-04,29.625,-1.625,0.63119376
2019-04-05,29.625,-1.625,0.7297909
2019-04-06,29.625,-1.625,0.0
2019-04-07,29.625,-1.625,0.064802185
2019-04-08,29.625,-1.625,4.5049977
2019-04-09,29.625,-1.625,15.505154
2019-04-10,29.625,-1.625,8.508365
2019-04-11,29.625,-1.625,4.977173
2019-04-12,29.625,-1.625,3.635178
2019-04-13,29.625,-1.625,2.0893934
2019-04-14,29.625,-1.625,3.348579
2019-04-15,29.625,-1.625,3.9550564
2019-04-16,29.625,-1.625,15.406343
2019-04-17,29.625,-1.625,0.078000404
2019-04-18,29.625,-1.625,0.15360336
2019-04-19,29.625,-1.625,0.40378612
2019-04-20,29.625,-1.625,0.13200024
2019-04-21,29.625,-1.625,23.838781
2019-04-22,29.625,-1.625,8.998998
2019-04-23,29.625,-1.625,0.86401594
2019-04-24,29.625,-1.625,2.5516372
2019-04-25,29.625,-1.625,15.431484
2019-04-26,29.625,-1.625,6.8089714
2019-04-27,29.625,-1.625,1.2997992
2019-04-28,29.625,-1.625,1.6606486
2019-04-29,29.625,-1.625,4.85181
2019-04-30,29.625,-1.625,6.4461255
2019-05-01,29.625,-1.625,3.7890313
2019-05-02,29.625,-1.625,1.2023858
2019-05-03,29.625,-1.625,9.8564415
2019-05-04,29.625,-1.625,3.0646696
2019-05-05,29.625,-1.625,1.9974132
2019-05-06,29.625,-1.625,2.6066434
2019-05-07,29.625,-1.625,4.592408
2019-05-08,29.625,-1.625,0.16560346
2019-05-09,29.625,-1.625,1.4658202
2019-05-10,29.625,-1.625,24.604992
2019-05-11,29.625,-1.625,1.9122362
2019-05-12,29.625,-1.625,4.0174847
2019-05-13,29.625,-1.625,0.45200866
2019-05-14,29.625,-1.625,1.2021987
2019-05-15,29.625,-1.625,1.3079877
2019-05-16,29.625,-1.625,3.5285466
2019-05-17,29.625,-1.625,0.4413956
2019-05-18,29.625,-1.625,13.535525
2019-05-19,29.625,-1.625,11.173527
2019-05-20,29.625,-1.625,5.4344025
2019-05-21,29.625,-1.625,1.5195868
2019-05-22,29.625,-1.625,0.36921364
2019-05-23,29.625,-1.625,14.305831
2019-05-24,29.625,-1.625,0.19679701
2019-05-25,29.625,-1.625,0.19440338
2019-05-26,29.625,-1.625,1.5369867
2019-05-27,29.625,-1.625,1.8404219
2019-05-28,29.625,-1.625,5.8733797
2019-05-29,29.625,-1.625,0.5504162
2019-05-30,29.625,-1.625,0.02160068
2019-05-31,29.625,-1.625,0.03440127
2019-06-01,29.625,-1.625,0.8688117
2019-06-02,29.625,-1.625,2.0228164
2019-06-03,29.625,-1.625,9.935438
2019-06-04,29.625,-1.625,2.639249
2019-06-05,29.625,-1.625,0.74579525
2019-06-06,29.625,-1.625,3.297257
2019-06-07,29.625,-1.625,1.1223677
2019-06-08,29.625,-1.625,0.0
2019-06-09,29.625,-1.625,0.040001474
2019-06-10,29.625,-1.625,0.0
2019-06-11,29.625,-1.625,0.0
2019-06-12,29.625,-1.625,0.036401343
2019-06-13,29.625,-1.625,0.0
2019-06-14,29.625,-1.625,0.0
2019-06-15,29.625,-1.625,0.0
2019-06-16,29.625,-1.625,0.026400974
2019-06-17,29.625,-1.625,0.0
2019-06-18,29.625,-1.625,0.0
2019-06-19,29.625,-1.625,0.0
2019-06-20,29.625,-1.625,0.00039997988
2019-06-21,29.625,-1.625,5.875513
2019-06-22,29.625,-1.625,0.7428274
2019-06-23,29.625,-1.625,0.80921775
2019-06-24,29.625,-1.625,3.92292
2019-06-25,29.625,-1.625,6.5571656
2019-06-26,29.625,-1.625,0.20200619
2019-06-27,29.625,-1.625,33.404934
2019-06-28,29.625,-1.625,9.292651
2019-06-29,29.625,-1.625,0.21760803
2019-06-30,29.625,-1.625,0.1704063
2019-07-01,29.625,-1.625,0.11240415
2019-07-02,29.625,-1.625,0.0
2019-07-03,29.625,-1.625,0.0
2019-07-04,29.625,-1.625,0.0
2019-07-05,29.625,-1.625,0.0
2019-07-06,29.625,-1.625,0.70121104
2019-07-07,29.625,-1.625,1.9531817
2019-07-08,29.625,-1.625,1.5662236
2019-07-09,29.625,-1.625,6.004209
2019-07-10,29.625,-1.625,0.07720033
2019-07-11,29.625,-1.625,0.06480239
2019-07-12,29.625,-1.625,0.01840068
2019-07-13,29.625,-1.625,9.995915
2019-07-14,29.625,-1.625,0.08000163
2019-07-15,29.625,-1.625,0.13080484
2019-07-16,29.625,-1.625,0.06480239
2019-07-17,29.625,-1.625,0.006000221
2019-07-18,29.625,-1.625,0.0
2019-07-19,29.625,-1.625,0.05040186
2019-07-20,29.625,-1.625,4.202503
2019-07-21,29.625,-1.625,0.027201004
2019-07-22,29.625,-1.625,0.0
2019-07-23,29.625,-1.625,0.0
2019-07-24,29.625,-1.625,0.027201004
2019-07-25,29.625,-1.625,0.015200562
2019-07-26,29.625,-1.625,0.029600237
2019-07-27,29.625,-1.625,0.0
2019-07-28,29.625,-1.625,0.0
2019-07-29,29.625,-1.625,0.0
2019-07-30,29.625,-1.625,0.2873991
2019-07-31,29.625,-1.625,0.19060361
2019-08-01,29.625,-1.625,0.29480958
2019-08-02,29.625,-1.625,3.8135767
2019-08-03,29.625,-1.625,2.3249137
2019-08-04,29.625,-1.625,0.016800622
2019-08-05,29.625,-1.625,0.029601093
2019-08-06,29.625,-1.625,0.0
2019-08-07,29.625,-1.625,0.008000296
2019-08-08,29.625,-1.625,0.5729869
2019-08-09,29.625,-1.625,0.033598773
2019-08-10,29.625,-1.625,0.54341066
2019-08-11,29.625,-1.625,0.0012000443
2019-08-12,29.625,-1.625,0.0
2019-08-13,29.625,-1.625,0.01200017
2019-08-14,29.625,-1.625,0.0
2019-08-15,29.625,-1.625,0.0
2019-08-16,29.625,-1.625,0.0044001625
2019-08-17,29.625,-1.625,0.0
2019-08-18,29.625,-1.625,0.013200488
2019-08-19,29.625,-1.625,0.014000516
2019-08-20,29.625,-1.625,0.0
2019-08-21,29.625,-1.625,0.001599981
2019-08-22,29.625,-1.625,0.0
2019-08-23,29.625,-1.625,0.05000185
2019-08-24,29.625,-1.625,0.003199839
2019-08-25,29.625,-1.625,0.8298078
2019-08-26,29.625,-1.625,0.013200486
2019-08-27,29.625,-1.625,0.1380047
2019-08-28,29.625,-1.625,2.5186079
2019-08-29,29.625,-1.625,6.508298
2019-08-30,29.625,-1.625,17.956884
2019-08-31,29.625,-1.625,9.718742
2019-09-01,29.625,-1.625,7.0662518
2019-09-02,29.625,-1.625,11.958616
2019-09-03,29.625,-1.625,0.57659626
2019-09-04,29.625,-1.625,0.0
2019-09-05,29.625,-1.625,0.0
2019-09-06,29.625,-1.625,1.8596123
2019-09-07,29.625,-1.625,1.2348093
2019-09-08,29.625,-1.625,0.5610032
2019-09-09,29.625,-1.625,0.042401567
2019-09-10,29.625,-1.625,0.041201208
2019-09-11,29.625,-1.625,7.506987
2019-09-12,29.625,-1.625,15.704626
2019-09-13,29.625,-1.625,14.860333
2019-09-14,29.625,-1.625,0.6919898
2019-09-15,29.625,-1.625,0.13399681
2019-09-16,29.625,-1.625,1.0586008
2019-09-17,29.625,-1.625,0.19880351
2019-09-18,29.625,-1.625,0.0
2019-09-19,29.625,-1.625,0.6616114
2019-09-20,29.625,-1.625,0.007200266
2019-09-21,29.625,-1.625,0.45880008
2019-09-22,29.625,-1.625,1.4232455
2019-09-23,29.625,-1.625,3.4268668
2019-09-24,29.625,-1.625,1.932383
2019-09-25,29.625,-1.625,6.842664
2019-09-26,29.625,-1.625,0.14180078
2019-09-27,29.625,-1.625,0.953597
2019-09-28,29.625,-1.625,1.1092144
2019-09-29,29.625,-1.625,2.3025992
2019-09-30,29.625,-1.625,26.628235
2019-10-01,29.625,-1.625,1.4551854
2019-10-02,29.625,-1.625,2.485189
2019-10-03,29.625,-1.625,1.0403666
2019-10-04,29.625,-1.625,0.048400093
2019-10-05,29.625,-1.625,2.6591878
2019-10-06,29.625,-1.625,1.8356073
2019-10-07,29.625,-1.625,0.1212044
2019-10-08,29.625,-1.625,0.16040239
2019-10-09,29.625,-1.625,0.33161116
2019-10-10,29.625,-1.625,2.600618
2019-10-11,29.625,-1.625,2.9509823
2019-10-12,29.625,-1.625,4.521163
2019-10-13,29.625,-1.625,2.323605
2019-10-14,29.625,-1.625,13.055023
2019-10-15,29.625,-1.625,0.4840134
2019-10-16,29.625,-1.625,1.9348013
2019-10-17,29.625,-1.625,7.2135663
2019-10-18,29.625,-1.625,6.692935
2019-10-19,29.625,-1.625,5.037604
2019-10-20,29.625,-1.625,4.2028146
2019-10-21,29.625,-1.625,0.034801032
2019-10-22,29.625,-1.625,2.069794
2019-10-23,29.625,-1.625,2.694032
2019-10-24,29.625,-1.625,35.54396
2019-10-25,29.625,-1.625,0.9779847
2019-10-26,29.625,-1.625,24.839172
2019-10-27,29.625,-1.625,1.0534002
2019-10-28,29.625,-1.625,11.341676
2019-10-29,29.625,-1.625,8.222798
2019-10-30,29.625,-1.625,5.2078505
2019-10-31,29.625,-1.625,4.9094143
2019-11-01,29.625,-1.625,2.7592657
2019-11-02,29.625,-1.625,0.6984036
2019-11-03,29.625,-1.625,0.0
2019-11-04,29.625,-1.625,0.18179694
2019-11-05,29.625,-1.625,0.04880126
2019-11-06,29.625,-1.625,4.3282485
2019-11-07,29.625,-1.625,0.066802055
2019-11-08,29.625,-1.625,1.4915748
2019-11-09,29.625,-1.625,0.031200338
2019-11-10,29.625,-1.625,8.24102
2019-11-11,29.625,-1.625,3.5381958
2019-11-12,29.625,-1.625,6.7041636
2019-11-13,29.625,-1.625,1.8719884
2019-11-14,29.625,-1.625,11.483071
2019-11-15,29.625,-1.625,0.24159673
2019-11-16,29.625,-1.625,0.01840068
2019-11-17,29.625,-1.625,8.704614
2019-11-18,29.625,-1.625,3.118021
2019-11-19,29.625,-1.625,8.630399
2019-11-20,29.625,-1.625,0.41979814
2019-11-21,29.625,-1.625,1.8822042
2019-11-22,29.625,-1.625,5.7350516
2019-11-23,29.625,-1.625,26.88126
2019-11-24,29.625,-1.625,6.1309896
2019-11-25,29.625,-1.625,5.236783
2019-11-26,29.625,-1.625,3.6018133
2019-11-27,29.625,-1.625,16.466145
2019-11-28,29.625,-1.625,15.419345
2019-11-29,29.625,-1.625,0.68060976
2019-11-30,29.625,-1.625,4.2115927
2019-12-01,29.625,-1.625,12.584234
2019-12-02,29.625,-1.625,2.4548051
2019-12-03,29.625,-1.625,4.429176
2019-12-04,29.625,-1.625,9.809166
2019-12-05,29.625,-1.625,2.734988
2019-12-06,29.625,-1.625,8.434982
2019-12-07,29.625,-1.625,15.396773
2019-12-08,29.625,-1.625,2.920401
2019-12-09,29.625,-1.625,0.83817214
2019-12-10,29.625,-1.625,2.8353713
2019-12-11,29.625,-1.625,2.2042224
2019-12-12,29.625,-1.625,8.346979
2019-12-13,29.625,-1.625,0.705794
2019-12-14,29.625,-1.625,1.1747715
2019-12-15,29.625,-1.625,0.19680437
2019-12-16,29.625,-1.625,0.3323955
2019-12-17,29.625,-1.625,1.4435976
2019-12-18,29.625,-1.625,0.49299225
2019-12-19,29.625,-1.625,0.17920488
2019-12-20,29.625,-1.625,0.2776004
2019-12-21,29.625,-1.625,0.8655894
2019-12-22,29.625,-1.625,5.658629
2019-12-23,29.625,-1.625,1.4573584
2019-12-24,29.625,-1.625,1.1677852
2019-12-25,29.625,-1.625,47.388878
2019-12-26,29.625,-1.625,2.5002265
2019-12-27,29.625,-1.625,0.115601934
2019-12-28,29.625,-1.625,4.9750357
2019-12-29,29.625,-1.625,3.608328
2019-12-30,29.625,-1.625,0.3951893
2019-12-31,29.625,-1.625,0.09160111
2020-01-01,29.625,-1.625,0.003200118
2020-01-02,29.625,-1.625,0.016000226
2020-01-03,29.625,-1.625,0.9295928
2020-01-04,29.625,-1.625,0.5316085
2020-01-05,29.625,-1.625,0.37460136
2020-01-06,29.625,-1.625,0.7084057
2020-01-07,29.625,-1.625,0.736775
2020-01-08,29.625,-1.625,30.390207
2020-01-09,29.625,-1.625,2.2879398
2020-01-10,29.625,-1.625,1.9861537
2020-01-11,29.625,-1.625,0.11859781
2020-01-12,29.625,-1.625,3.8937657
2020-01-13,29.625,-1.625,0.03720137
2020-01-14,29.625,-1.625,0.5508037
2020-01-15,29.625,-1.625,0.09600354
2020-01-16,29.625,-1.625,1.7918396
2020-01-17,29.625,-1.625,2.3419611
2020-01-18,29.625,-1.625,12.03315
2020-01-19,29.625,-1.625,2.2822192
2020-01-20,29.625,-1.625,0.3400051
2020-01-21,29.625,-1.625,0.11440379
2020-01-22,29.625,-1.625,2.7244232
2020-01-23,29.625,-1.625,0.43438578
2020-01-24,29.625,-1.625,1.3979968
2020-01-25,29.625,-1.625,2.2323792
2020-01-26,29.625,-1.625,0.23139977
2020-01-27,29.625,-1.625,0.38700747
2020-01-28,29.625,-1.625,16.178024
2020-01-29,29.625,-1.625,0.5212059
2020-01-30,29.625,-1.625,1.5562288
2020-01-31,29.625,-1.625,13.488274
2020-02-01,29.625,-1.625,8.987979
2020-02-02,29.625,-1.625,14.898369
2020-02-03,29.625,-1.625,12.185593
2020-02-04,29.625,-1.625,9.011355
2020-02-05,29.625,-1.625,23.374905
2020-02-06,29.625,-1.625,2.3758395
2020-02-07,29.625,-1.625,0.079601556
2020-02-08,29.625,-1.625,0.740778
2020-02-09,29.625,-1.625,0.016000591
2020-02-10,29.625,-1.625,0.0132003315
2020-02-11,29.625,-1.625,0.0
2020-02-12,29.625,-1.625,0.008000139
2020-02-13,29.625,-1.625,0.479588
2020-02-14,29.625,-1.625,0.028800005
2020-02-15,29.625,-1.625,2.112798
2020-02-16,29.625,-1.625,0.023600696
2020-02-17,29.625,-1.625,0.024800915
2020-02-18,29.625,-1.625,1.0674
2020-02-19,29.625,-1.625,6.3348155
2020-02-20,29.625,-1.625,1.5626023
2020-02-21,29.625,-1.625,0.1060005
2020-02-22,29.625,-1.625,0.13039377
2020-02-23,29.625,-1.625,0.14819577
2020-02-24,29.625,-1.625,1.384835
2020-02-25,29.625,-1.625,0.16520101
2020-02-26,29.625,-1.625,0.35640657
2020-02-27,29.625,-1.625,0.1974045
2020-02-28,29.625,-1.625,8.068396
2020-02-29,29.625,-1.625,0.2904107
2020-03-01,29.625,-1.625,55.03821
2020-03-02,29.625,-1.625,13.827674
2020-03-03,29.625,-1.625,10.660313
2020-03-04,29.625,-1.625,11.111261
2020-03-05,29.625,-1.625,7.751545
2020-03-06,29.625,-1.625,1.5534272
2020-03-07,29.625,-1.625,0.17080432
2020-03-08,29.625,-1.625,1.1334095
2020-03-09,29.625,-1.625,9.432985
2020-03-10,29.625,-1.625,4.2674437
2020-03-11,29.625,-1.625,1.0430027
2020-03-12,29.625,-1.625,0.95998806
2020-03-13,29.625,-1.625,11.678611
2020-03-14,29.625,-1.625,1.1608022
2020-03-15,29.625,-1.625,0.016000591
2020-03-16,29.625,-1.625,0.5204059
2020-03-17,29.625,-1.625,27.200438
2020-03-18,29.625,-1.625,7.0008364
2020-03-19,29.625,-1.625,2.1840048
2020-03-20,29.625,-1.625,2.6292243
2020-03-21,29.625,-1.625,5.9211807
2020-03-22,29.625,-1.625,0.7773739
2020-03-23,29.625,-1.625,2.7225428
2020-03-24,29.625,-1.625,3.6481135
2020-03-25,29.625,-1.625,4.6104536
2020-03-26,29.625,-1.625,9.250625
2020-03-27,29.625,-1.625,4.394421
2020-03-28,29.625,-1.625,1.9168298
2020-03-29,29.625,-1.625,1.0728034
2020-03-30,29.625,-1.625,0.09600354
2020-03-31,29.625,-1.625,6.957696
2020-04-01,29.625,-1.625,2.2998304
2020-04-02,29.625,-1.625,0.021200705
2020-04-03,29.625,-1.625,4.597849
2020-04-04,29.625,-1.625,0.9039854
2020-04-05,29.625,-1.625,2.6678014
2020-04-06,29.625,-1.625,7.3682246
2020-04-07,29.625,-1.625,7.039403
2020-04-08,29.625,-1.625,2.468654
2020-04-09,29.625,-1.625,13.111837
2020-04-10,29.625,-1.625,1.5400347
2020-04-11,29.625,-1.625,0.022799391
2020-04-12,29.625,-1.625,0.8439941
2020-04-13,29.625,-1.625,1.0168041
2020-04-14,29.625,-1.625,2.1166012
2020-04-15,29.625,-1.625,1.2714312
2020-04-16,29.625,-1.625,8.024608
2020-04-17,29.625,-1.625,21.53327
2020-04-18,29.625,-1.625,8.221903
2020-04-19,29.625,-1.625,5.380329
2020-04-20,29.625,-1.625,8.583139
2020-04-21,29.625,-1.625,6.951856
2020-04-22,29.625,-1.625,12.198207
2020-04-23,29.625,-1.625,15.51416
2020-04-24,29.625,-1.625,8.070572
2020-04-25,29.625,-1.625,13.696172
2020-04-26,29.625,-1.625,1.235199
2020-04-27,29.625,-1.625,11.078741
2020-04-28,29.625,-1.625,1.2686107
2020-04-29,29.625,-1.625,9.813955
2020-04-30,29.625,-1.625,0.764406
2020-05-01,29.625,-1.625,12.079357
2020-05-02,29.625,-1.625,23.499832
2020-05-03,29.625,-1.625,0.1412028
2020-05-04,29.625,-1.625,0.0008000295
2020-05-05,29.625,-1.625,3.4006326
2020-05-06,29.625,-1.625,11.490715
2020-05-07,29.625,-1.625,14.462955
2020-05-08,29.625,-1.625,0.014400532
2020-05-09,29.625,-1.625,1.3412327
2020-05-10,29.625,-1.625,2.754405
2020-05-11,29.625,-1.625,0.39740542
2020-05-12,29.625,-1.625,1.5675534
2020-05-13,29.625,-1.625,0.6903887
2020-05-14,29.625,-1.625,2.2778325
2020-05-15,29.625,-1.625,6.507067
2020-05-16,29.625,-1.625,0.2278054
2020-05-17,29.625,-1.625,8.294421
2020-05-18,29.625,-1.625,0.010400385
2020-05-19,29.625,-1.625,0.0
2020-05-20,29.625,-1.625,1.2569785
2020-05-21,29.625,-1.625,1.9873811
2020-05-22,29.625,-1.625,0.36599353
2020-05-23,29.625,-1.625,0.08920134
2020-05-24,29.625,-1.625,0.0
2020-05-25,29.625,-1.625,0.11720378
2020-05-26,29.625,-1.625,0.07760287
2020-05-27,29.625,-1.625,0.0
2020-05-28,29.625,-1.625,0.03440127
2020-05-29,29.625,-1.625,0.0
2020-05-30,29.625,-1.625,0.00920034
2020-05-31,29.625,-1.625,0.0
2020-06-01,29.625,-1.625,0.0
2020-06-02,29.625,-1.625,0.0
2020-06-03,29.625,-1.625,0.059201054
2020-06-04,29.625,-1.625,0.2133997
2020-06-05,29.625,-1.625,0.061602272
2020-06-06,29.625,-1.625,0.0
2020-06-07,29.625,-1.625,0.0
2020-06-08,29.625,-1.625,0.0
2020-06-09,29.625,-1.625,0.0
2020-06-10,29.625,-1.625,1.8528349
2020-06-11,29.625,-1.625,5.1535945
2020-06-12,29.625,-1.625,0.35918215
2020-06-13,29.625,-1.625,9.198589
2020-06-14,29.625,-1.625,0.9291973
2020-06-15,29.625,-1.625,0.014799256
2020-06-16,29.625,-1.625,0.0
2020-06-17,29.625,-1.625,0.0
2020-06-18,29.625,-1.625,0.0
2020-06-19,29.625,-1.625,0.0
2020-06-20,29.625,-1.625,0.021600796
2020-06-21,29.625,-1.625,1.552424
2020-06-22,29.625,-1.625,0.004800177
2020-06-23,29.625,-1.625,0.0
2020-06-24,29.625,-1.625,0.0
2020-06-25,29.625,-1.625,0.010400385
2020-06-26,29.625,-1.625,3.363154
2020-06-27,29.625,-1.625,1.8628199
2020-06-28,29.625,-1.625,0.0
2020-06-29,29.625,-1.625,0.0
2020-06-30,29.625,-1.625,0.0
2020-07-01,29.625,-1.625,0.116403595
2020-07-02,29.625,-1.625,0.0
2020-07-03,29.625,-1.625,0.0
2020-07-04,29.625,-1.625,0.0
2020-07-05,29.625,-1.625,0.0
2020-07-06,29.625,-1.625,0.0032000986
2020-07-07,29.625,-1.625,0.10200068
2020-07-08,29.625,-1.625,0.07080154
2020-07-09,29.625,-1.625,0.0
2020-07-10,29.625,-1.625,0.0
2020-07-11,29.625,-1.625,0.053601827
2020-07-12,29.625,-1.625,0.12040445
2020-07-13,29.625,-1.625,0.2332086
2020-07-14,29.625,-1.625,0.07520273
2020-07-15,29.625,-1.625,0.06640245
2020-07-16,29.625,-1.625,0.21019651
2020-07-17,29.625,-1.625,3.8696477
2020-07-18,29.625,-1.625,0.06519672
2020-07-19,29.625,-1.625,0.25600597
2020-07-20,29.625,-1.625,0.024399713
2020-07-21,29.625,-1.625,0.2616049
2020-07-22,29.625,-1.625,0.33200654
2020-07-23,29.625,-1.625,0.038001403
2020-07-24,29.625,-1.625,1.456853
2020-07-25,29.625,-1.625,0.0008000295
2020-07-26,29.625,-1.625,0.0
2020-07-27,29.625,-1.625,0.08560316
2020-07-28,29.625,-1.625,0.0
2020-07-29,29.625,-1.625,0.024800917
2020-07-30,29.625,-1.625,0.0
2020-07-31,29.625,-1.625,0.0
2020-08-01,29.625,-1.625,0.0
2020-08-02,29.625,-1.625,0.0
2020-08-03,29.625,-1.625,0.0
2020-08-04,29.625,-1.625,0.19200708
2020-08-05,29.625,-1.625,0.04280158
2020-08-06,29.625,-1.625,0.0
2020-08-07,29.625,-1.625,0.0
2020-08-08,29.625,-1.625,0.1691929
2020-08-09,29.625,-1.625,0.0
2020-08-10,29.625,-1.625,0.0
2020-08-11,29.625,-1.625,0.035201296
2020-08-12,29.625,-1.625,0.70999485
2020-08-13,29.625,-1.625,0.044001587
2020-08-14,29.625,-1.625,0.0
2020-08-15,29.625,-1.625,0.048398282
2020-08-16,29.625,-1.625,1.2271868
2020-08-17,29.625,-1.625,0.0
2020-08-18,29.625,-1.625,0.0
2020-08-19,29.625,-1.625,0.24760738
2020-08-20,29.625,-1.625,1.725243
2020-08-21,29.625,-1.625,6.6472206
2020-08-22,29.625,-1.625,0.02600096
2020-08-23,29.625,-1.625,0.0
2020-08-24,29.625,-1.625,0.0
2020-08-25,29.625,-1.625,0.0
2020-08-26,29.625,-1.625,0.0011999396
2020-08-27,29.625,-1.625,0.94877386
2020-08-28,29.625,-1.625,2.1393697
2020-08-29,29.625,-1.625,1.3655739
2020-08-30,29.625,-1.625,5.856883
2020-08-31,29.625,-1.625,4.3232284
2020-09-01,29.625,-1.625,0.09959985
2020-09-02,29.625,-1.625,0.0
2020-09-03,29.625,-1.625,0.0
2020-09-04,29.625,-1.625,0.001600059
2020-09-05,29.625,-1.625,1.380006
2020-09-06,29.625,-1.625,5.198609
2020-09-07,29.625,-1.625,2.263599
2020-09-08,29.625,-1.625,17.57722
2020-09-09,29.625,-1.625,0.8690064
2020-09-10,29.625,-1.625,0.22359964
2020-09-11,29.625,-1.625,0.018400678
2020-09-12,29.625,-1.625,0.63540643
2020-09-13,29.625,-1.625,0.2820031
2020-09-14,29.625,-1.625,0.35620236
2020-09-15,29.625,-1.625,0.39680997
2020-09-16,29.625,-1.625,8.383436
2020-09-17,29.625,-1.625,0.16320603
2020-09-18,29.625,-1.625,0.01840061
2020-09-19,29.625,-1.625,0.0
2020-09-20,29.625,-1.625,0.8556161
2020-09-21,29.625,-1.625,1.0658231
2020-09-22,29.625,-1.625,15.117455
2020-09-23,29.625,-1.625,0.6680037
2020-09-24,29.625,-1.625,0.12680301
2020-09-25,29.625,-1.625,7.8574324
2020-09-26,29.625,-1.625,3.3598244
2020-09-27,29.625,-1.625,7.3052554
2020-09-28,29.625,-1.625,4.306768
2020-09-29,29.625,-1.625,3.4558904
2020-09-30,29.625,-1.625,0.88481015
2020-10-01,29.625,-1.625,10.172636
2020-10-02,29.625,-1.625,1.3238037
2020-10-03,29.625,-1.625,1.6987978
2020-10-04,29.625,-1.625,1.1428121
2020-10-05,29.625,-1.625,0.1767991
2020-10-06,29.625,-1.625,0.18400441
2020-10-07,29.625,-1.625,0.12280211
2020-10-08,29.625,-1.625,0.8959701
2020-10-09,29.625,-1.625,2.3389902
2020-10-10,29.625,-1.625,2.0372438
2020-10-11,29.625,-1.625,0.7800193
2020-10-12,29.625,-1.625,14.718917
2020-10-13,29.625,-1.625,5.667007
2020-10-14,29.625,-1.625,3.1418333
2020-10-15,29.625,-1.625,0.21320027
2020-10-16,29.625,-1.625,0.1340049
2020-10-17,29.625,-1.625,9.086705
2020-10-18,29.625,-1.625,4.341466
2020-10-19,29.625,-1.625,11.331063
2020-10-20,29.625,-1.625,10.518368
2020-10-21,29.625,-1.625,9.245995
2020-10-22,29.625,-1.625,0.31080747
2020-10-23,29.625,-1.625,0.07479854
2020-10-24,29.625,-1.625,0.09199758
2020-10-25,29.625,-1.625,12.188215
2020-10-26,29.625,-1.625,4.005271
2020-10-27,29.625,-1.625,4.377878
2020-10-28,29.625,-1.625,3.0325599
2020-10-29,29.625,-1.625,16.600958
2020-10-30,29.625,-1.625,2.5219984
2020-10-31,29.625,-1.625,1.5692165
2020-11-01,29.625,-1.625,5.746081
2020-11-02,29.625,-1.625,3.173016
2020-11-03,29.625,-1.625,0.36580196
2020-11-04,29.625,-1.625,2.9990077
2020-11-05,29.625,-1.625,0.8813882
2020-11-06,29.625,-1.625,29.961996
2020-11-07,29.625,-1.625,1.784982
2020-11-08,29.625,-1.625,0.11080288
2020-11-09,29.625,-1.625,0.6337838
2020-11-10,29.625,-1.625,7.0910087
2020-11-11,29.625,-1.625,11.056853
2020-11-12,29.625,-1.625,0.53401566
2020-11-13,29.625,-1.625,5.619407
2020-11-14,29.625,-1.625,2.9556406
2020-11-15,29.625,-1.625,30.30127
2020-11-16,29.625,-1.625,3.7067704
2020-11-17,29.625,-1.625,12.586612
2020-11-18,29.625,-1.625,9.153631
2020-11-19,29.625,-1.625,1.7005982
2020-11-20,29.625,-1.625,0.6636188
2020-11-21,29.625,-1.625,15.682597
2020-11-22,29.625,-1.625,6.22091
2020-11-23,29.625,-1.625,0.32039553
2020-11-24,29.625,-1.625,2.9221857
2020-11-25,29.625,-1.625,3.261209
2020-11-26,29.625,-1.625,0.115403496
2020-11-27,29.625,-1.625,0.021200784
2020-11-28,29.625,-1.625,2.6856415
2020-11-29,29.625,-1.625,3.2836041
2020-11-30,29.625,-1.625,0.22640087
2020-12-01,29.625,-1.625,0.0
2020-12-02,29.625,-1.625,2.8522294
2020-12-03,29.625,-1.625,9.267198
2020-12-04,29.625,-1.625,4.919455
2020-12-05,29.625,-1.625,5.2574353
2020-12-06,29.625,-1.625,0.043201596
2020-12-07,29.625,-1.625,11.097831
2020-12-08,29.625,-1.625,0.5712003
2020-12-09,29.625,-1.625,5.0210037
2020-12-10,29.625,-1.625,0.0
2020-12-11,29.625,-1.625,0.18080646
2020-12-12,29.625,-1.625,0.16120583
2020-12-13,29.625,-1.625,2.540399
2020-12-14,29.625,-1.625,0.25840396
2020-12-15,29.625,-1.625,0.0012000443
2020-12-16,29.625,-1.625,0.0
2020-12-17,29.625,-1.625,0.0
2020-12-18,29.625,-1.625,7.780549
2020-12-19,29.625,-1.625,15.316054
2020-12-20,29.625,-1.625,3.3271272
2020-12-21,29.625,-1.625,5.856598
2020-12-22,29.625,-1.625,10.3386135
2020-12-23,29.625,-1.625,0.007199812
2020-12-24,29.625,-1.625,4.5085177
2020-12-25,29.625,-1.625,0.33858496
2020-12-26,29.625,-1.625,1.4270052
2020-12-27,29.625,-1.625,4.223049
2020-12-28,29.625,-1.625,0.19840208
2020-12-29,29.625,-1.625,0.029601093
2020-12-30,29.625,-1.625,0.02300037
2020-12-31,29.625,-1.625,10.71454
2021-01-01,29.625,-1.625,1.175811
2021-01-02,29.625,-1.625,3.1063766
2021-01-03,29.625,-1.625,2.1641753
2021-01-04,29.625,-1.625,0.011200413
2021-01-05,29.625,-1.625,1.0696102
2021-01-06,29.625,-1.625,5.71717
2021-01-07,29.625,-1.625,0.014400183
2021-01-08,29.625,-1.625,10.325727
2021-01-09,29.625,-1.625,7.555481
2021-01-10,29.625,-1.625,5.3546195
2021-01-11,29.625,-1.625,7.3328137
2021-01-12,29.625,-1.625,0.22039396
2021-01-13,29.625,-1.625,1.1932127
2021-01-14,29.625,-1.625,8.006718
2021-01-15,29.625,-1.625,0.09979922
2021-01-16,29.625,-1.625,0.029599125
2021-01-17,29.625,-1.625,0.015600541
2021-01-18,29.625,-1.625,4.083436
2021-01-19,29.625,-1.625,1.0560194
2021-01-20,29.625,-1.625,0.08000015
2021-01-21,29.625,-1.625,0.5694045
2021-01-22,29.625,-1.625,0.015200039
2021-01-23,29.625,-1.625,3.4494743
2021-01-24,29.625,-1.625,0.53799134
2021-01-25,29.625,-1.625,0.47319663
2021-01-26,29.625,-1.625,1.805807
2021-01-27,29.625,-1.625,0.0
2021-01-28,29.625,-1.625,0.0
2021-01-29,29.625,-1.625,0.05419875
2021-01-30,29.625,-1.625,1.2298177
2021-01-31,29.625,-1.625,0.26199475
2021-02-01,29.625,-1.625,1.2476022
2021-02-02,29.625,-1.625,0.2560028
2021-02-03,29.625,-1.625,0.004800177
2021-02-04,29.625,-1.625,2.7364392
2021-02-05,29.625,-1.625,3.0746522
2021-02-06,29.625,-1.625,1.6246332
2021-02-07,29.625,-1.625,0.44139308
2021-02-08,29.625,-1.625,3.5884082
2021-02-09,29.625,-1.625,1.4761552
2021-02-10,29.625,-1.625,1.1579998
2021-02-11,29.625,-1.625,10.243627
2021-02-12,29.625,-1.625,0.4582021
2021-02-13,29.625,-1.625,8.845999
2021-02-14,29.625,-1.625,3.755741
2021-02-15,29.625,-1.625,21.08886
2021-02-16,29.625,-1.625,7.095605
2021-02-17,29.625,-1.625,0.94721955
2021-02-18,29.625,-1.625,0.37400976
2021-02-19,29.625,-1.625,0.1947997
2021-02-20,29.625,-1.625,0.6807891
2021-02-21,29.625,-1.625,5.121167
2021-02-22,29.625,-1.625,12.294685
2021-02-23,29.625,-1.625,0.3244023
2021-02-24,29.625,-1.625,0.13140084
2021-02-25,29.625,-1.625,0.0
2021-02-26,29.625,-1.625,0.0068002157
2021-02-27,29.625,-1.625,0.0
2021-02-28,29.625,-1.625,0.004800177
2021-03-01,29.625,-1.625,0.001600059
2021-03-02,29.625,-1.625,0.13760383
2021-03-03,29.625,-1.625,4.4829674
2021-03-04,29.625,-1.625,3.046185
2021-03-05,29.625,-1.625,7.2171764
2021-03-06,29.625,-1.625,0.48141512
2021-03-07,29.625,-1.625,13.25443
2021-03-08,29.625,-1.625,0.22060451
2021-03-09,29.625,-1.625,1.8046236
2021-03-10,29.625,-1.625,0.06519904
2021-03-11,29.625,-1.625,0.0
2021-03-12,29.625,-1.625,0.17720656
2021-03-13,29.625,-1.625,0.58479476
2021-03-14,29.625,-1.625,0.09240341
2021-03-15,29.625,-1.625,6.347825
2021-03-16,29.625,-1.625,4.073438
2021-03-17,29.625,-1.625,3.572751
2021-03-18,29.625,-1.625,1.1462121
2021-03-19,29.625,-1.625,1.4108096
2021-03-20,29.625,-1.625,0.38581124
2021-03-21,29.625,-1.625,3.8642519
2021-03-22,29.625,-1.625,3.7172477
2021-03-23,29.625,-1.625,11.822581
2021-03-24,29.625,-1.625,0.22760598
2021-03-25,29.625,-1.625,0.2516053
2021-03-26,29.625,-1.625,4.6842055
2021-03-27,29.625,-1.625,3.3710208
2021-03-28,29.625,-1.625,2.5437884
2021-03-29,29.625,-1.625,0.7756088
2021-03-30,29.625,-1.625,11.582174
2021-03-31,29.625,-1.625,0.8356056
2021-04-01,29.625,-1.625,0.060999878
2021-04-02,29.625,-1.625,3.5937822
2021-04-03,29.625,-1.625,1.4137555
2021-04-04,29.625,-1.625,0.7071974
2021-04-05,29.625,-1.625,5.697403
2021-04-06,29.625,-1.625,0.6736207
2021-04-07,29.625,-1.625,3.5862381
2021-04-08,29.625,-1.625,9.464846
2021-04-09,29.625,-1.625,1.1841977
2021-04-10,29.625,-1.625,13.568629
2021-04-11,29.625,-1.625,0.35380286
2021-04-12,29.625,-1.625,0.7302119
2021-04-13,29.625,-1.625,5.130896
2021-04-14,29.625,-1.625,2.163791
2021-04-15,29.625,-1.625,1.3500133
2021-04-16,29.625,-1.625,3.503968
2021-04-17,29.625,-1.625,7.504194
2021-04-18,29.625,-1.625,1.1730127
2021-04-19,29.625,-1.625,7.6677938
2021-04-20,29.625,-1.625,1.4242052
2021-04-21,29.625,-1.625,0.6378004
2021-04-22,29.625,-1.625,1.253986
2021-04-23,29.625,-1.625,5.370624
2021-04-24,29.625,-1.625,5.12621
2021-04-25,29.625,-1.625,6.2007914
2021-04-26,29.625,-1.625,0.7482135
2021-04-27,29.625,-1.625,0.18760616
2021-04-28,29.625,-1.625,0.728
2021-04-29,29.625,-1.625,7.0954576
2021-04-30,29.625,-1.625,0.6972051
2021-05-01,29.625,-1.625,0.083401285
2021-05-02,29.625,-1.625,0.03680101
2021-05-03,29.625,-1.625,3.9307828
2021-05-04,29.625,-1.625,8.034073
2021-05-05,29.625,-1.625,3.5578012
2021-05-06,29.625,-1.625,4.4952574
2021-05-07,29.625,-1.625,7.3167987
2021-05-08,29.625,-1.625,22.336687
2021-05-09,29.625,-1.625,23.900473
2021-05-10,29.625,-1.625,13.355259
2021-05-11,29.625,-1.625,5.8585773
2021-05-12,29.625,-1.625,6.256935
2021-05-13,29.625,-1.625,1.1766086
2021-05-14,29.625,-1.625,1.3132128
2021-05-15,29.625,-1.625,0.18400423
2021-05-16,29.625,-1.625,0.34241197
2021-05-17,29.625,-1.625,0.124200284
2021-05-18,29.625,-1.625,0.0
2021-05-19,29.625,-1.625,0.6337952
2021-05-20,29.625,-1.625,0.0
2021-05-21,29.625,-1.625,0.0
2021-05-22,29.625,-1.625,0.05280195
2021-05-23,29.625,-1.625,0.010400385
2021-05-24,29.625,-1.625,0.0
2021-05-25,29.625,-1.625,0.080802396
2021-05-26,29.625,-1.625,0.09440349
2021-05-27,29.625,-1.625,0.35840955
2021-05-28,29.625,-1.625,0.32040554
2021-05-29,29.625,-1.625,0.050801877
2021-05-30,29.625,-1.625,0.87060016
2021-05-31,29.625,-1.625,0.0026000394
2021-06-01,29.625,-1.625,0.030598585
2021-06-02,29.625,-1.625,0.0
2021-06-03,29.625,-1.625,1.8119833
2021-06-04,29.625,-1.625,0.15240563
2021-06-05,29.625,-1.625,0.033200875
2021-06-06,29.625,-1.625,0.10600134
2021-06-07,29.625,-1.625,0.0
2021-06-08,29.625,-1.625,0.0
2021-06-09,29.625,-1.625,0.2039913
2021-06-10,29.625,-1.625,0.0
2021-06-11,29.625,-1.625,0.011200414
2021-06-12,29.625,-1.625,0.0244009
2021-06-13,29.625,-1.625,0.32281196
2021-06-14,29.625,-1.625,1.7960588
2021-06-15,29.625,-1.625,3.577241
2021-06-16,29.625,-1.625,2.411238
2021-06-17,29.625,-1.625,0.17360057
2021-06-18,29.625,-1.625,1.5074128
2021-06-19,29.625,-1.625,0.003600133
2021-06-20,29.625,-1.625,0.0
2021-06-21,29.625,-1.625,0.007600059
2021-06-22,29.625,-1.625,0.0239999
2021-06-23,29.625,-1.625,0.0
2021-06-24,29.625,-1.625,0.0
2021-06-25,29.625,-1.625,0.004800177
2021-06-26,29.625,-1.625,0.0
2021-06-27,29.625,-1.625,0.0
2021-06-28,29.625,-1.625,0.0
2021-06-29,29.625,-1.625,0.0
2021-06-30,29.625,-1.625,0.0
2021-07-01,29.625,-1.625,0.0012000443
2021-07-02,29.625,-1.625,0.08039898
2021-07-03,29.625,-1.625,0.010800399
2021-07-04,29.625,-1.625,0.0
2021-07-05,29.625,-1.625,0.5948195
2021-07-06,29.625,-1.625,0.0
2021-07-07,29.625,-1.625,0.18240646
2021-07-08,29.625,-1.625,2.130418
2021-07-09,29.625,-1.625,0.0059999293
2021-07-10,29.625,-1.625,0.0
2021-07-11,29.625,-1.625,0.0
2021-07-12,29.625,-1.625,0.0
2021-07-13,29.625,-1.625,0.7498243
2021-07-14,29.625,-1.625,1.2342224
2021-07-15,29.625,-1.625,1.3430272
2021-07-16,29.625,-1.625,0.01920067
2021-07-17,29.625,-1.625,0.0
2021-07-18,29.625,-1.625,0.0067998734
2021-07-19,29.625,-1.625,0.0
2021-07-20,29.625,-1.625,0.023600103
2021-07-21,29.625,-1.625,0.0
2021-07-22,29.625,-1.625,0.0
2021-07-23,29.625,-1.625,0.0
2021-07-24,29.625,-1.625,0.0
2021-07-25,29.625,-1.625,0.0
2021-07-26,29.625,-1.625,0.0
2021-07-27,29.625,-1.625,0.0
2021-07-28,29.625,-1.625,0.0
2021-07-29,29.625,-1.625,0.076802835
2021-07-30,29.625,-1.625,0.070802614
2021-07-31,29.625,-1.625,0.6280232
2021-08-01,29.625,-1.625,0.53499717
2021-08-02,29.625,-1.625,0.004000148
2021-08-03,29.625,-1.625,0.026400972
2021-08-04,29.625,-1.625,0.019600723
2021-08-05,29.625,-1.625,2.9252806
2021-08-06,29.625,-1.625,0.16219936
2021-08-07,29.625,-1.625,0.0
2021-08-08,29.625,-1.625,0.049200803
2021-08-09,29.625,-1.625,2.6932318
2021-08-10,29.625,-1.625,8.841544
2021-08-11,29.625,-1.625,1.3531811
2021-08-12,29.625,-1.625,29.41293
2021-08-13,29.625,-1.625,4.8993425
2021-08-14,29.625,-1.625,0.7078057
2021-08-15,29.625,-1.625,2.5917673
2021-08-16,29.625,-1.625,0.042001553
2021-08-17,29.625,-1.625,0.10959936
2021-08-18,29.625,-1.625,0.0
2021-08-19,29.625,-1.625,6.214586
2021-08-20,29.625,-1.625,2.7702227
2021-08-21,29.625,-1.625,18.662876
2021-08-22,29.625,-1.625,0.0
2021-08-23,29.625,-1.625,0.021198934
2021-08-24,29.625,-1.625,0.0
2021-08-25,29.625,-1.625,0.0
2021-08-26,29.625,-1.625,0.0
2021-08-27,29.625,-1.625,0.0
2021-08-28,29.625,-1.625,0.0
2021-08-29,29.625,-1.625,7.7309265
2021-08-30,29.625,-1.625,8.723946
2021-08-31,29.625,-1.625,2.7925353
2021-09-01,29.625,-1.625,13.8325815
2021-09-02,29.625,-1.625,2.098012
2021-09-03,29.625,-1.625,0.0
2021-09-04,29.625,-1.625,0.63960207
2021-09-05,29.625,-1.625,0.0
2021-09-06,29.625,-1.625,0.7228105
2021-09-07,29.625,-1.625,1.9868034
2021-09-08,29.625,-1.625,0.2617987
2021-09-09,29.625,-1.625,8.497932
2021-09-10,29.625,-1.625,0.11840068
2021-09-11,29.625,-1.625,0.045200597
2021-09-12,29.625,-1.625,0.004000148
2021-09-13,29.625,-1.625,0.0047999434
2021-09-14,29.625,-1.625,0.03839887
2021-09-15,29.625,-1.625,1.4352012
2021-09-16,29.625,-1.625,6.8107843
2021-09-17,29.625,-1.625,11.54698
2021-09-18,29.625,-1.625,3.7006466
2021-09-19,29.625,-1.625,0.31199455
2021-09-20,29.625,-1.625,0.011200414
2021-09-21,29.625,-1.625,2.1191943
2021-09-22,29.625,-1.625,0.617212
2021-09-23,29.625,-1.625,4.8388557
2021-09-24,29.625,-1.625,10.318844
2021-09-25,29.625,-1.625,6.1240463
2021-09-26,29.625,-1.625,13.551012
2021-09-27,29.625,-1.625,8.048278
2021-09-28,29.625,-1.625,0.029601093
2021-09-29,29.625,-1.625,0.90517294
2021-09-30,29.625,-1.625,1.4491941
2021-10-01,29.625,-1.625,7.7104406
2021-10-02,29.625,-1.625,2.607333
2021-10-03,29.625,-1.625,15.755665
2021-10-04,29.625,-1.625,3.2786202
2021-10-05,29.625,-1.625,0.9155974
2021-10-06,29.625,-1.625,5.769664
2021-10-07,29.625,-1.625,0.07840289
2021-10-08,29.625,-1.625,0.0432016
2021-10-09,29.625,-1.625,5.125244
2021-10-10,29.625,-1.625,0.2815965
2021-10-11,29.625,-1.625,4.963682
2021-10-12,29.625,-1.625,0.042199753
2021-10-13,29.625,-1.625,0.0096000815
2021-10-14,29.625,-1.625,9.374395
2021-10-15,29.625,-1.625,0.4595966
2021-10-16,29.625,-1.625,2.7449691
2021-10-17,29.625,-1.625,0.9268076
2021-10-18,29.625,-1.625,3.3050933
2021-10-19,29.625,-1.625,6.4521146
2021-10-20,29.625,-1.625,1.6546102
2021-10-21,29.625,-1.625,0.28060406
2021-10-22,29.625,-1.625,0.73020536
2021-10-23,29.625,-1.625,2.62726
2021-10-24,29.625,-1.625,3.8884954
2021-10-25,29.625,-1.625,11.050768
2021-10-26,29.625,-1.625,1.9336077
2021-10-27,29.625,-1.625,1.6403507
2021-10-28,29.625,-1.625,0.18799779
2021-10-29,29.625,-1.625,1.2554027
2021-10-30,29.625,-1.625,4.6812897
2021-10-31,29.625,-1.625,10.364401
2021-11-01,29.625,-1.625,4.656935
2021-11-02,29.625,-1.625,8.504533
2021-11-03,29.625,-1.625,2.743838
2021-11-04,29.625,-1.625,1.7627909
2021-11-05,29.625,-1.625,0.0122000445
2021-11-06,29.625,-1.625,1.5985895
2021-11-07,29.625,-1.625,0.016800316
2021-11-08,29.625,-1.625,0.19780423
2021-11-09,29.625,-1.625,1.0402219
2021-11-10,29.625,-1.625,0.5617973
2021-11-11,29.625,-1.625,11.940262
2021-11-12,29.625,-1.625,2.3057685
2021-11-13,29.625,-1.625,4.0216045
2021-11-14,29.625,-1.625,1.7721572
2021-11-15,29.625,-1.625,0.013200488
2021-11-16,29.625,-1.625,3.8945057
2021-11-17,29.625,-1.625,0.27399534
2021-11-18,29.625,-1.625,13.17056
2021-11-19,29.625,-1.625,0.49261296
2021-11-20,29.625,-1.625,0.41039917
2021-11-21,29.625,-1.625,1.4908216
2021-11-22,29.625,-1.625,8.743435
2021-11-23,29.625,-1.625,2.4935741
2021-11-24,29.625,-1.625,1.2522048
2021-11-25,29.625,-1.625,12.664469
2021-11-26,29.625,-1.625,0.5367993
2021-11-27,29.625,-1.625,1.7386422
2021-11-28,29.625,-1.625,0.48358732
2021-11-29,29.625,-1.625,0.20280217
2021-11-30,29.625,-1.625,2.3825636
2021-12-01,29.625,-1.625,1.4775995
2021-12-02,29.625,-1.625,0.02040048
2021-12-03,29.625,-1.625,1.3632195
2021-12-04,29.625,-1.625,7.092233
2021-12-05,29.625,-1.625,3.6200583
2021-12-06,29.625,-1.625,4.448109
2021-12-07,29.625,-1.625,0.41261348
2021-12-08,29.625,-1.625,0.7405948
2021-12-09,29.625,-1.625,3.88861
2021-12-10,29.625,-1.625,3.2598119
2021-12-11,29.625,-1.625,0.29920945
2021-12-12,29.625,-1.625,0.2653981
2021-12-13,29.625,-1.625,0.6774041
2021-12-14,29.625,-1.625,3.2728698
2021-12-15,29.625,-1.625,1.1388199
2021-12-16,29.625,-1.625,0.2159976
2021-12-17,29.625,-1.625,5.3849416
2021-12-18,29.625,-1.625,0.11840141
2021-12-19,29.625,-1.625,0.63961875
2021-12-20,29.625,-1.625,1.8581277
2021-12-21,29.625,-1.625,4.8156796
2021-12-22,29.625,-1.625,16.079844
2021-12-23,29.625,-1.625,1.5517771
2021-12-24,29.625,-1.625,5.308385
2021-12-25,29.625,-1.625,17.533623
2021-12-26,29.625,-1.625,0.5584142
2021-12-27,29.625,-1.625,8.666535
2021-12-28,29.625,-1.625,0.75479096
2021-12-29,29.625,-1.625,0.088801876
2021-12-30,29.625,-1.625,9.057108
2021-12-31,29.625,-1.625,6.173458
2022-01-01,29.625,-1.625,1.5678266
2022-01-02,29.625,-1.625,0.14200498
2022-01-03,29.625,-1.625,2.0988324
2022-01-04,29.625,-1.625,0.025000524
2022-01-05,29.625,-1.625,0.3626
2022-01-06,29.625,-1.625,0.056397878
2022-01-07,29.625,-1.625,0.015200562
2022-01-08,29.625,-1.625,0.1928066
2022-01-09,29.625,-1.625,0.0007999905
2022-01-10,29.625,-1.625,0.0
2022-01-11,29.625,-1.625,0.064802036
2022-01-12,29.625,-1.625,0.018399904
2022-01-13,29.625,-1.625,6.886467
2022-01-14,29.625,-1.625,12.260443
2022-01-15,29.625,-1.625,3.1837287
2022-01-16,29.625,-1.625,0.39339513
2022-01-17,29.625,-1.625,1.4746176
2022-01-18,29.625,-1.625,7.829175
2022-01-19,29.625,-1.625,3.1883762
2022-01-20,29.625,-1.625,1.4004216
2022-01-21,29.625,-1.625,8.070709
2022-01-22,29.625,-1.625,4.0692306
2022-01-23,29.625,-1.625,24.389565
2022-01-24,29.625,-1.625,1.7713947
2022-01-25,29.625,-1.625,0.08560078
2022-01-26,29.625,-1.625,0.0008000295
2022-01-27,29.625,-1.625,0.054000013
2022-01-28,29.625,-1.625,0.025400009
2022-01-29,29.625,-1.625,0.048599537
2022-01-30,29.625,-1.625,6.399537
2022-01-31,29.625,-1.625,29.55746
2022-02-01,29.625,-1.625,6.3942194
2022-02-02,29.625,-1.625,6.145995
2022-02-03,29.625,-1.625,1.0483844
2022-02-04,29.625,-1.625,9.290126
2022-02-05,29.625,-1.625,5.0833874
2022-02-06,29.625,-1.625,12.578187
2022-02-07,29.625,-1.625,24.4883
2022-02-08,29.625,-1.625,0.14700487
2022-02-09,29.625,-1.625,0.9034164
2022-02-10,29.625,-1.625,1.5214009
2022-02-11,29.625,-1.625,3.8337932
2022-02-12,29.625,-1.625,3.1355815
2022-02-13,29.625,-1.625,9.1411295
2022-02-14,29.625,-1.625,5.7882204
2022-02-15,29.625,-1.625,5.4751616
2022-02-16,29.625,-1.625,3.7235086
2022-02-17,29.625,-1.625,5.86978
2022-02-18,29.625,-1.625,1.9640176
2022-02-19,29.625,-1.625,4.3463774
2022-02-20,29.625,-1.625,5.5643826
2022-02-21,29.625,-1.625,3.465444
2022-02-22,29.625,-1.625,0.48720247
2022-02-23,29.625,-1.625,0.30220264
2022-02-24,29.625,-1.625,11.161368
2022-02-25,29.625,-1.625,1.7147632
2022-02-26,29.625,-1.625,0.3795937
2022-02-27,29.625,-1.625,0.001600059
2022-02-28,29.625,-1.625,0.6613974
2022-03-01,29.625,-1.625,0.016800622
2022-03-02,29.625,-1.625,16.000425
2022-03-03,29.625,-1.625,0.03320097
2022-03-04,29.625,-1.625,0.003200079
2022-03-05,29.625,-1.625,0.002000074
2022-03-06,29.625,-1.625,0.007200266
2022-03-07,29.625,-1.625,0.016000278
2022-03-08,29.625,-1.625,0.021000143
2022-03-09,29.625,-1.625,22.731262
2022-03-10,29.625,-1.625,0.0
2022-03-11,29.625,-1.625,0.0023998793
2022-03-12,29.625,-1.625,10.827212
2022-03-13,29.625,-1.625,2.9532053
2022-03-14,29.625,-1.625,0.08759843
2022-03-15,29.625,-1.625,0.10539927
2022-03-16,29.625,-1.625,3.8098679
2022-03-17,29.625,-1.625,21.192507
2022-03-18,29.625,-1.625,10.458498
2022-03-19,29.625,-1.625,0.0
2022-03-20,29.625,-1.625,8.692412
2022-03-21,29.625,-1.625,3.2201502
2022-03-22,29.625,-1.625,24.901243
2022-03-23,29.625,-1.625,1.1738104
2022-03-24,29.625,-1.625,0.43881515
2022-03-25,29.625,-1.625,0.18300186
2022-03-26,29.625,-1.625,0.65359765
2022-03-27,29.625,-1.625,2.2847846
2022-03-28,29.625,-1.625,1.4042052
2022-03-29,29.625,-1.625,10.077958
2022-03-30,29.625,-1.625,1.4624032
2022-03-31,29.625,-1.625,1.044617
2022-04-01,29.625,-1.625,1.5209854
2022-04-02,29.625,-1.625,1.0136296
2022-04-03,29.625,-1.625,4.104112
2022-04-04,29.625,-1.625,1.2782265
2022-04-05,29.625,-1.625,7.257937
2022-04-06,29.625,-1.625,1.0779804
2022-04-07,29.625,-1.625,7.565833
2022-04-08,29.625,-1.625,5.4184628
2022-04-09,29.625,-1.625,0.033601243
2022-04-10,29.625,-1.625,0.38480452
2022-04-11,29.625,-1.625,0.78357464
2022-04-12,29.625,-1.625,0.027199682
2022-04-13,29.625,-1.625,5.1028905
2022-04-14,29.625,-1.625,5.647383
2022-04-15,29.625,-1.625,2.2957735
2022-04-16,29.625,-1.625,0.38359728
2022-04-17,29.625,-1.625,1.7951837
2022-04-18,29.625,-1.625,0.48381183
2022-04-19,29.625,-1.625,12.168145
2022-04-20,29.625,-1.625,6.537409
2022-04-21,29.625,-1.625,0.7891852
2022-04-22,29.625,-1.625,0.32100254
2022-04-23,29.625,-1.625,30.289845
2022-04-24,29.625,-1.625,18.628399
2022-04-25,29.625,-1.625,4.206835
2022-04-26,29.625,-1.625,6.5396085
2022-04-27,29.625,-1.625,2.4726062
2022-04-28,29.625,-1.625,2.5262396
2022-04-29,29.625,-1.625,2.3054028
2022-04-30,29.625,-1.625,3.0930922
2022-05-01,29.625,-1.625,13.912674
2022-05-02,29.625,-1.625,0.0
2022-05-03,29.625,-1.625,0.019600727
2022-05-04,29.625,-1.625,0.359794
2022-05-05,29.625,-1.625,0.12179843
2022-05-06,29.625,-1.625,1.3105749
2022-05-07,29.625,-1.625,0.32840627
2022-05-08,29.625,-1.625,3.5491838
2022-05-09,29.625,-1.625,0.056802098
2022-05-10,29.625,-1.625,0.10559781
2022-05-11,29.625,-1.625,5.582085
2022-05-12,29.625,-1.625,0.63520086
2022-05-13,29.625,-1.625,1.0296309
2022-05-14,29.625,-1.625,0.13680294
2022-05-15,29.625,-1.625,8.977982
2022-05-16,29.625,-1.625,4.032272
2022-05-17,29.625,-1.625,6.7291865
2022-05-18,29.625,-1.625,0.43659788
2022-05-19,29.625,-1.625,0.28361002
2022-05-20,29.625,-1.625,2.5289853
2022-05-21,29.625,-1.625,1.2018138
2022-05-22,29.625,-1.625,1.1275895
2022-05-23,29.625,-1.625,2.4564247
2022-05-24,29.625,-1.625,8.501445
2022-05-25,29.625,-1.625,1.1620173
2022-05-26,29.625,-1.625,10.112522
2022-05-27,29.625,-1.625,3.4528158
2022-05-28,29.625,-1.625,25.577705
2022-05-29,29.625,-1.625,8.214151
2022-05-30,29.625,-1.625,1.261188
2022-05-31,29.625,-1.625,0.5400158
2022-06-01,29.625,-1.625,1.4975778
2022-06-02,29.625,-1.625,3.4360356
2022-06-03,29.625,-1.625,0.0
2022-06-04,29.625,-1.625,0.0
2022-06-05,29.625,-1.625,0.0
2022-06-06,29.625,-1.625,0.0
2022-06-07,29.625,-1.625,0.0
2022-06-08,29.625,-1.625,1.1194054
2022-06-09,29.625,-1.625,0.66799796
2022-06-10,29.625,-1.625,0.26760745
2022-06-11,29.625,-1.625,0.0
2022-06-12,29.625,-1.625,0.0
2022-06-13,29.625,-1.625,0.0
2022-06-14,29.625,-1.625,0.0
2022-06-15,29.625,-1.625,0.0
2022-06-16,29.625,-1.625,0.076802835
2022-06-17,29.625,-1.625,0.1267988
2022-06-18,29.625,-1.625,1.4285796
2022-06-19,29.625,-1.625,0.009599964
2022-06-20,29.625,-1.625,1.991974
2022-06-21,29.625,-1.625,0.0
2022-06-22,29.625,-1.625,0.0
2022-06-23,29.625,-1.625,0.040000983
2022-06-24,29.625,-1.625,0.1765913
2022-06-25,29.625,-1.625,0.8116085
2022-06-26,29.625,-1.625,0.026400039
2022-06-27,29.625,-1.625,0.0
2022-06-28,29.625,-1.625,0.059202187
2022-06-29,29.625,-1.625,0.08880328
2022-06-30,29.625,-1.625,0.02600096
2022-07-01,29.625,-1.625,0.0
2022-07-02,29.625,-1.625,0.0
2022-07-03,29.625,-1.625,0.0
2022-07-04,29.625,-1.625,0.0
2022-07-05,29.625,-1.625,0.0
2022-07-06,29.625,-1.625,0.0
2022-07-07,29.625,-1.625,0.0
2022-07-08,29.625,-1.625,0.0
2022-07-09,29.625,-1.625,0.0
2022-07-10,29.625,-1.625,0.0
2022-07-11,29.625,-1.625,0.18480682
2022-07-12,29.625,-1.625,0.06320233
2022-07-13,29.625,-1.625,0.0
2022-07-14,29.625,-1.625,0.0
2022-07-15,29.625,-1.625,0.0052001923
2022-07-16,29.625,-1.625,0.0005999698
2022-07-17,29.625,-1.625,0.0
2022-07-18,29.625,-1.625,2.46439
2022-07-19,29.625,-1.625,0.84380984
2022-07-20,29.625,-1.625,0.0
2022-07-21,29.625,-1.625,0.012800472
2022-07-22,29.625,-1.625,0.011200414
2022-07-23,29.625,-1.625,0.0
2022-07-24,29.625,-1.625,0.016800622
2022-07-25,29.625,-1.625,0.048801802
2022-07-26,29.625,-1.625,0.020800767
2022-07-27,29.625,-1.625,0.8157921
2022-07-28,29.625,-1.625,0.0
2022-07-29,29.625,-1.625,2.6022468
2022-07-30,29.625,-1.625,4.5880365
2022-07-31,29.625,-1.625,16.40391
2022-08-01,29.625,-1.625,16.190445
2022-08-02,29.625,-1.625,16.880821
2022-08-03,29.625,-1.625,0.20320751
2022-08-04,29.625,-1.625,0.040801506
2022-08-05,29.625,-1.625,0.0
2022-08-06,29.625,-1.625,0.0
2022-08-07,29.625,-1.625,0.0
2022-08-08,29.625,-1.625,0.0
2022-08-09,29.625,-1.625,0.0
2022-08-10,29.625,-1.625,0.0
2022-08-11,29.625,-1.625,0.0
2022-08-12,29.625,-1.625,0.04440158
2022-08-13,29.625,-1.625,1.6779987
2022-08-14,29.625,-1.625,1.8654006
2022-08-15,29.625,-1.625,5.3046227
2022-08-16,29.625,-1.625,0.9950155
2022-08-17,29.625,-1.625,14.452811
2022-08-18,29.625,-1.625,0.0033998291
2022-08-19,29.625,-1.625,0.072001845
2022-08-20,29.625,-1.625,2.0172248
2022-08-21,29.625,-1.625,11.687762
2022-08-22,29.625,-1.625,3.1849804
2022-08-23,29.625,-1.625,0.0
2022-08-24,29.625,-1.625,0.0
2022-08-25,29.625,-1.625,0.0
2022-08-26,29.625,-1.625,0.097603604
2022-08-27,29.625,-1.625,0.22940116
2022-08-28,29.625,-1.625,2.8784347
2022-08-29,29.625,-1.625,3.9806287
2022-08-30,29.625,-1.625,2.608812
2022-08-31,29.625,-1.625,17.446232
2022-09-01,29.625,-1.625,5.1863995
2022-09-02,29.625,-1.625,2.0440123
2022-09-03,29.625,-1.625,0.31180194
2022-09-04,29.625,-1.625,0.05160191
2022-09-05,29.625,-1.625,0.0
2022-09-06,29.625,-1.625,0.09719982
2022-09-07,29.625,-1.625,27.540964
2022-09-08,29.625,-1.625,1.0092154
2022-09-09,29.625,-1.625,0.50481707
2022-09-10,29.625,-1.625,0.29440168
2022-09-11,29.625,-1.625,3.9549503
2022-09-12,29.625,-1.625,7.0967703
2022-09-13,29.625,-1.625,10.988814
2022-09-14,29.625,-1.625,4.7433767
2022-09-15,29.625,-1.625,2.8851745
2022-09-16,29.625,-1.625,0.0
2022-09-17,29.625,-1.625,1.0996279
2022-09-18,29.625,-1.625,7.2703586
2022-09-19,29.625,-1.625,16.153507
2022-09-20,29.625,-1.625,2.8279743
2022-09-21,29.625,-1.625,0.59797454
2022-09-22,29.625,-1.625,3.5082097
2022-09-23,29.625,-1.625,0.7976182
2022-09-24,29.625,-1.625,2.744161
2022-09-25,29.625,-1.625,1.2016091
2022-09-26,29.625,-1.625,0.6324162
2022-09-27,29.625,-1.625,4.716836
2022-09-28,29.625,-1.625,9.699861
2022-09-29,29.625,-1.625,1.4716035
2022-09-30,29.625,-1.625,0.99619716
2022-10-01,29.625,-1.625,6.3103604
2022-10-02,29.625,-1.625,3.1113863
2022-10-03,29.625,-1.625,0.18280634
2022-10-04,29.625,-1.625,4.102451
2022-10-05,29.625,-1.625,2.3485973
2022-10-06,29.625,-1.625,0.46840763
2022-10-07,29.625,-1.625,2.231627
2022-10-08,29.625,-1.625,0.0
2022-10-09,29.625,-1.625,1.3682208
2022-10-10,29.625,-1.625,0.63001513
2022-10-11,29.625,-1.625,0.5478114
2022-10-12,29.625,-1.625,2.1001503
2022-10-13,29.625,-1.625,0.011600004
2022-10-14,29.625,-1.625,0.0
2022-10-15,29.625,-1.625,3.5333776
2022-10-16,29.625,-1.625,14.692585
2022-10-17,29.625,-1.625,0.35700285
2022-10-18,29.625,-1.625,22.583557
2022-10-19,29.625,-1.625,2.0624027
2022-10-20,29.625,-1.625,4.4343557
2022-10-21,29.625,-1.625,9.956378
2022-10-22,29.625,-1.625,0.07240166
2022-10-23,29.625,-1.625,0.15280148
2022-10-24,29.625,-1.625,0.27000728
2022-10-25,29.625,-1.625,0.20440097
2022-10-26,29.625,-1.625,0.048801802
2022-10-27,29.625,-1.625,1.6344172
2022-10-28,29.625,-1.625,0.46380284
2022-10-29,29.625,-1.625,2.9190254
2022-10-30,29.625,-1.625,4.1444354
2022-10-31,29.625,-1.625,0.46000504
2022-11-01,29.625,-1.625,0.042001158
2022-11-02,29.625,-1.625,1.1862031
2022-11-03,29.625,-1.625,1.0910243
2022-11-04,29.625,-1.625,5.8642716
2022-11-05,29.625,-1.625,12.375371
2022-11-06,29.625,-1.625,10.374621
2022-11-07,29.625,-1.625,0.6068014
2022-11-08,29.625,-1.625,1.9243919
2022-11-09,29.625,-1.625,22.114748
2022-11-10,29.625,-1.625,10.353051
2022-11-11,29.625,-1.625,2.163799
2022-11-12,29.625,-1.625,12.545148
2022-11-13,29.625,-1.625,3.5072072
2022-11-14,29.625,-1.625,2.6406138
2022-11-15,29.625,-1.625,10.54752
2022-11-16,29.625,-1.625,1.7219876
2022-11-17,29.625,-1.625,12.653395
2022-11-18,29.625,-1.625,3.3775616
2022-11-19,29.625,-1.625,1.3752074
2022-11-20,29.625,-1.625,11.60868
2022-11-21,29.625,-1.625,7.4513845
2022-11-22,29.625,-1.625,8.50695
2022-11-23,29.625,-1.625,3.683632
2022-11-24,29.625,-1.625,0.3856128
2022-11-25,29.625,-1.625,0.8853885
2022-11-26,29.625,-1.625,3.2346585
2022-11-27,29.625,-1.625,2.9814193
2022-11-28,29.625,-1.625,0.7869963
2022-11-29,29.625,-1.625,0.22160228
2022-11-30,29.625,-1.625,1.2492038
2022-12-01,29.625,-1.625,0.9677899
2022-12-02,29.625,-1.625,0.22440204
2022-12-03,29.625,-1.625,0.31560394
2022-12-04,29.625,-1.625,0.9096098
2022-12-05,29.625,-1.625,10.204052
2022-12-06,29.625,-1.625,1.6975815
2022-12-07,29.625,-1.625,2.0694594
2022-12-08,29.625,-1.625,2.1246428
2022-12-09,29.625,-1.625,1.1375852
2022-12-10,29.625,-1.625,9.21815
2022-12-11,29.625,-1.625,1.2091706
2022-12-12,29.625,-1.625,9.884404
2022-12-13,29.625,-1.625,1.9982247
2022-12-14,29.625,-1.625,1.2172029
2022-12-15,29.625,-1.625,1.6917439
2022-12-16,29.625,-1.625,0.6776135
2022-12-17,29.625,-1.625,0.048400287
2022-12-18,29.625,-1.625,1.3303729
2022-12-19,29.625,-1.625,0.6327924
2022-12-20,29.625,-1.625,14.118923
2022-12-21,29.625,-1.625,9.886786
2022-12-22,29.625,-1.625,0.7328024
2022-12-23,29.625,-1.625,6.802972
2022-12-24,29.625,-1.625,1.0841861
2022-12-25,29.625,-1.625,1.8528199
2022-12-26,29.625,-1.625,7.097174
2022-12-27,29.625,-1.625,5.398005
2022-12-28,29.625,-1.625,0.9708036
2022-12-29,29.625,-1.625,12.600651
2022-12-30,29.625,-1.625,3.6235807
2022-12-31,29.625,-1.625,0.3708062
2023-01-01,29.625,-1.625,0.15360567
2023-01-02,29.625,-1.625,0.0
2023-01-03,29.625,-1.625,0.18760428
2023-01-04,29.625,-1.625,0.302006
2023-01-05,29.625,-1.625,0.004000148
2023-01-06,29.625,-1.625,0.066002436
2023-01-07,29.625,-1.625,0.024000883
2023-01-08,29.625,-1.625,1.3851924
2023-01-09,29.625,-1.625,3.1788437
2023-01-10,29.625,-1.625,1.0552171
2023-01-11,29.625,-1.625,5.507235
2023-01-12,29.625,-1.625,6.226534
2023-01-13,29.625,-1.625,2.7133687
2023-01-14,29.625,-1.625,4.1288524
2023-01-15,29.625,-1.625,1.8844104
2023-01-16,29.625,-1.625,0.05440201
2023-01-17,29.625,-1.625,0.010799765
2023-01-18,29.625,-1.625,1.0397723
2023-01-19,29.625,-1.625,0.05520204
2023-01-20,29.625,-1.625,1.6141628
2023-01-21,29.625,-1.625,2.7861907
2023-01-22,29.625,-1.625,8.212701
2023-01-23,29.625,-1.625,0.52560437
2023-01-24,29.625,-1.625,3.9237928
2023-01-25,29.625,-1.625,0.031800248
2023-01-26,29.625,-1.625,1.0763719
2023-01-27,29.625,-1.625,1.2583948
2023-01-28,29.625,-1.625,0.0
2023-01-29,29.625,-1.625,0.11600428
2023-01-30,29.625,-1.625,0.3199855
2023-01-31,29.625,-1.625,0.10640276
2023-02-01,29.625,-1.625,0.47259757
2023-02-02,29.625,-1.625,1.1700084
2023-02-03,29.625,-1.625,0.003600133
2023-02-04,29.625,-1.625,0.10519665
2023-02-05,29.625,-1.625,1.5787702
2023-02-06,29.625,-1.625,0.43379602
2023-02-07,29.625,-1.625,0.45318556
2023-02-08,29.625,-1.625,0.048400834
2023-02-09,29.625,-1.625,3.4899852
2023-02-10,29.625,-1.625,0.048001774
2023-02-11,29.625,-1.625,0.40820614
2023-02-12,29.625,-1.625,0.0039997986
2023-02-13,29.625,-1.625,0.30179155
2023-02-14,29.625,-1.625,0.020000737
2023-02-15,29.625,-1.625,0.27360666
2023-02-16,29.625,-1.625,0.020400444
2023-02-17,29.625,-1.625,0.007200266
2023-02-18,29.625,-1.625,0.02600059
2023-02-19,29.625,-1.625,0.0
2023-02-20,29.625,-1.625,0.020400714
2023-02-21,29.625,-1.625,1.7787905
2023-02-22,29.625,-1.625,0.08600226
2023-02-23,29.625,-1.625,1.5794173
2023-02-24,29.625,-1.625,6.012286
2023-02-25,29.625,-1.625,3.2679818
2023-02-26,29.625,-1.625,0.16080126
2023-02-27,29.625,-1.625,8.207619
2023-02-28,29.625,-1.625,6.8949747
2023-03-01,29.625,-1.625,4.065827
2023-03-02,29.625,-1.625,0.8505952
2023-03-03,29.625,-1.625,0.08940005
2023-03-04,29.625,-1.625,0.13760224
2023-03-05,29.625,-1.625,0.034401268
2023-03-06,29.625,-1.625,0.0068002506
2023-03-07,29.625,-1.625,0.0
2023-03-08,29.625,-1.625,0.0
2023-03-09,29.625,-1.625,10.389336
2023-03-10,29.625,-1.625,6.9709477
2023-03-11,29.625,-1.625,4.615454
2023-03-12,29.625,-1.625,2.226226
2023-03-13,29.625,-1.625,12.481548
2023-03-14,29.625,-1.625,16.697374
2023-03-15,29.625,-1.625,18.64907
2023-03-16,29.625,-1.625,2.7576065
2023-03-17,29.625,-1.625,8.323171
2023-03-18,29.625,-1.625,0.40958226
2023-03-19,29.625,-1.625,4.351186
2023-03-20,29.625,-1.625,1.871012
2023-03-21,29.625,-1.625,6.8361254
2023-03-22,29.625,-1.625,1.3612285
2023-03-23,29.625,-1.625,17.506414
2023-03-24,29.625,-1.625,15.259665
2023-03-25,29.625,-1.625,5.025538
2023-03-26,29.625,-1.625,1.8442162
2023-03-27,29.625,-1.625,11.282632
2023-03-28,29.625,-1.625,5.009595
2023-03-29,29.625,-1.625,4.81882
2023-03-30,29.625,-1.625,1.1024089
2023-03-31,29.625,-1.625,11.550398
2023-04-01,29.625,-1.625,2.4020085
2023-04-02,29.625,-1.625,12.685005
2023-04-03,29.625,-1.625,17.395746
2023-04-04,29.625,-1.625,5.157213
2023-04-05,29.625,-1.625,0.4414005
2023-04-06,29.625,-1.625,3.9994197
2023-04-07,29.625,-1.625,0.5993936
2023-04-08,29.625,-1.625,15.345567
2023-04-09,29.625,-1.625,3.004582
2023-04-10,29.625,-1.625,0.4884141
2023-04-11,29.625,-1.625,1.8230214
2023-04-12,29.625,-1.625,0.6894035
2023-04-13,29.625,-1.625,6.078978
2023-04-14,29.625,-1.625,5.305307
2023-04-15,29.625,-1.625,6.12611
2023-04-16,29.625,-1.625,18.083454
2023-04-17,29.625,-1.625,1.5646235
2023-04-18,29.625,-1.625,11.002057
2023-04-19,29.625,-1.625,8.562359
2023-04-20,29.625,-1.625,2.1609988
2023-04-21,29.625,-1.625,3.8746648
2023-04-22,29.625,-1.625,10.402178
2023-04-23,29.625,-1.625,5.41371
2023-04-24,29.625,-1.625,3.6410224
2023-04-25,29.625,-1.625,1.8155841
2023-04-26,29.625,-1.625,3.889155
2023-04-27,29.625,-1.625,9.469683
2023-04-28,29.625,-1.625,9.451238
2023-04-29,29.625,-1.625,14.402212
2023-04-30,29.625,-1.625,14.40229
2023-05-01,29.625,-1.625,25.804424
2023-05-02,29.625,-1.625,37.714645
2023-05-03,29.625,-1.625,14.381628
2023-05-04,29.625,-1.625,13.614854
2023-05-05,29.625,-1.625,0.0
2023-05-06,29.625,-1.625,3.1722205
2023-05-07,29.625,-1.625,0.0997995
2023-05-08,29.625,-1.625,0.0008000295
2023-05-09,29.625,-1.625,9.559355
2023-05-10,29.625,-1.625,6.907834
2023-05-11,29.625,-1.625,2.224029
2023-05-12,29.625,-1.625,0.11440404
2023-05-13,29.625,-1.625,0.012800472
2023-05-14,29.625,-1.625,0.0
2023-05-15,29.625,-1.625,0.15600577
2023-05-16,29.625,-1.625,0.0
2023-05-17,29.625,-1.625,2.563797
2023-05-18,29.625,-1.625,0.11239734
2023-05-19,29.625,-1.625,0.10840265
2023-05-20,29.625,-1.625,0.10159881
2023-05-21,29.625,-1.625,0.0
2023-05-22,29.625,-1.625,0.0
2023-05-23,29.625,-1.625,0.0
2023-05-24,29.625,-1.625,7.313098
2023-05-25,29.625,-1.625,1.3559927
2023-05-26,29.625,-1.625,0.0064000804
2023-05-27,29.625,-1.625,0.34441248
2023-05-28,29.625,-1.625,0.0
2023-05-29,29.625,-1.625,0.0
2023-05-30,29.625,-1.625,0.0
2023-05-31,29.625,-1.625,0.07280269
2023-06-01,29.625,-1.625,0.33161226
2023-06-02,29.625,-1.625,0.030401124
2023-06-03,29.625,-1.625,0.0
2023-06-04,29.625,-1.625,0.09459704
2023-06-05,29.625,-1.625,0.03679815
2023-06-06,29.625,-1.625,0.0
2023-06-07,29.625,-1.625,0.1216009
2023-06-08,29.625,-1.625,0.0
2023-06-09,29.625,-1.625,0.0
2023-06-10,29.625,-1.625,0.08719897
2023-06-11,29.625,-1.625,0.0
2023-06-12,29.625,-1.625,1.10221
2023-06-13,29.625,-1.625,0.05840216
2023-06-14,29.625,-1.625,2.143202
2023-06-15,29.625,-1.625,2.7854047
2023-06-16,29.625,-1.625,0.0
2023-06-17,29.625,-1.625,0.0
2023-06-18,29.625,-1.625,0.03280014
2023-06-19,29.625,-1.625,4.5062075
2023-06-20,29.625,-1.625,0.010000178
2023-06-21,29.625,-1.625,0.10240266
2023-06-22,29.625,-1.625,0.5716042
2023-06-23,29.625,-1.625,4.849218
2023-06-24,29.625,-1.625,10.864429
2023-06-25,29.625,-1.625,0.034401238
2023-06-26,29.625,-1.625,0.017600065
2023-06-27,29.625,-1.625,0.0
2023-06-28,29.625,-1.625,0.0
2023-06-29,29.625,-1.625,0.43999535
2023-06-30,29.625,-1.625,0.027200926
2023-07-01,29.625,-1.625,0.7288189
2023-07-02,29.625,-1.625,1.1208243
2023-07-03,29.625,-1.625,0.0
2023-07-04,29.625,-1.625,0.034401268
2023-07-05,29.625,-1.625,0.35681313
2023-07-06,29.625,-1.625,0.60820276
2023-07-07,29.625,-1.625,0.1988067
2023-07-08,29.625,-1.625,0.0
2023-07-09,29.625,-1.625,0.0
2023-07-10,29.625,-1.625,0.004199789
2023-07-11,29.625,-1.625,0.08480263
2023-07-12,29.625,-1.625,0.0
2023-07-13,29.625,-1.625,0.0
2023-07-14,29.625,-1.625,0.023200857
2023-07-15,29.625,-1.625,0.0
2023-07-16,29.625,-1.625,0.0
2023-07-17,29.625,-1.625,0.0
2023-07-18,29.625,-1.625,0.0
2023-07-19,29.625,-1.625,0.0
2023-07-20,29.625,-1.625,0.0
2023-07-21,29.625,-1.625,0.009200339
2023-07-22,29.625,-1.625,0.0
2023-07-23,29.625,-1.625,0.03439959
2023-07-24,29.625,-1.625,0.0
2023-07-25,29.625,-1.625,0.0
2023-07-26,29.625,-1.625,0.0
2023-07-27,29.625,-1.625,0.0
2023-07-28,29.625,-1.625,0.0
2023-07-29,29.625,-1.625,0.0
2023-07-30,29.625,-1.625,0.1056034
2023-07-31,29.625,-1.625,0.0
2023-08-01,29.625,-1.625,0.026400974
2023-08-02,29.625,-1.625,0.26400033
2023-08-03,29.625,-1.625,0.33499596
2023-08-04,29.625,-1.625,0.056400586
2023-08-05,29.625,-1.625,0.0
2023-08-06,29.625,-1.625,0.0
2023-08-07,29.625,-1.625,0.10400138
2023-08-08,29.625,-1.625,0.7811998
2023-08-09,29.625,-1.625,4.2965755
2023-08-10,29.625,-1.625,0.0
2023-08-11,29.625,-1.625,0.13880488
2023-08-12,29.625,-1.625,0.0
2023-08-13,29.625,-1.625,0.0
2023-08-14,29.625,-1.625,0.09900074
2023-08-15,29.625,-1.625,0.021600798
2023-08-16,29.625,-1.625,0.0
2023-08-17,29.625,-1.625,0.0
2023-08-18,29.625,-1.625,0.0400014
2023-08-19,29.625,-1.625,0.11400078
2023-08-20,29.625,-1.625,0.5344197
2023-08-21,29.625,-1.625,0.57922137
2023-08-22,29.625,-1.625,0.08199833
2023-08-23,29.625,-1.625,0.048799094
2023-08-24,29.625,-1.625,0.0
2023-08-25,29.625,-1.625,0.52441365
2023-08-26,29.625,-1.625,3.2162895
2023-08-27,29.625,-1.625,0.0
2023-08-28,29.625,-1.625,0.0
2023-08-29,29.625,-1.625,0.0
2023-08-30,29.625,-1.625,0.0
2023-08-31,29.625,-1.625,0.0
2023-09-01,29.625,-1.625,3.8411334
2023-09-02,29.625,-1.625,2.6212265
2023-09-03,29.625,-1.625,0.23519552
2023-09-04,29.625,-1.625,1.8751763
2023-09-05,29.625,-1.625,0.9481958
2023-09-06,29.625,-1.625,2.4860148
2023-09-07,29.625,-1.625,8.95923
2023-09-08,29.625,-1.625,2.577206
2023-09-09,29.625,-1.625,6.186814
2023-09-10,29.625,-1.625,0.3109935
2023-09-11,29.625,-1.625,0.49760702
2023-09-12,29.625,-1.625,8.618819
2023-09-13,29.625,-1.625,11.493796
2023-09-14,29.625,-1.625,0.06920256
2023-09-15,29.625,-1.625,0.012000233
2023-09-16,29.625,-1.625,6.04442
2023-09-17,29.625,-1.625,0.8342052
2023-09-18,29.625,-1.625,8.789009
2023-09-19,29.625,-1.625,4.1536236
2023-09-20,29.625,-1.625,6.2857895
2023-09-21,29.625,-1.625,5.518513
2023-09-22,29.625,-1.625,0.12659997
2023-09-23,29.625,-1.625,0.40300542
2023-09-24,29.625,-1.625,0.024000496
2023-09-25,29.625,-1.625,2.3330216
2023-09-26,29.625,-1.625,1.4255874
2023-09-27,29.625,-1.625,5.1152315
2023-09-28,29.625,-1.625,0.67318094
2023-09-29,29.625,-1.625,1.6666279
2023-09-30,29.625,-1.625,0.06799686
2023-10-01,29.625,-1.625,1.6880381
2023-10-02,29.625,-1.625,1.4133817
2023-10-03,29.625,-1.625,0.01839973
2023-10-04,29.625,-1.625,0.0
2023-10-05,29.625,-1.625,0.026400976
2023-10-06,29.625,-1.625,0.023200583
2023-10-07,29.625,-1.625,0.18439925
2023-10-08,29.625,-1.625,0.102000624
2023-10-09,29.625,-1.625,0.15139902
2023-10-10,29.625,-1.625,6.24728
2023-10-11,29.625,-1.625,7.8813915
2023-10-12,29.625,-1.625,1.7974433
2023-10-13,29.625,-1.625,0.1424044
2023-10-14,29.625,-1.625,0.8349874
2023-10-15,29.625,-1.625,12.924711
2023-10-16,29.625,-1.625,16.022062
2023-10-17,29.625,-1.625,0.97602624
2023-10-18,29.625,-1.625,0.1615977
2023-10-19,29.625,-1.625,0.9518147
2023-10-20,29.625,-1.625,1.4911994
2023-10-21,29.625,-1.625,2.0013738
2023-10-22,29.625,-1.625,1.2728322
2023-10-23,29.625,-1.625,0.5348169
2023-10-24,29.625,-1.625,0.79160666
2023-10-25,29.625,-1.625,4.638938
2023-10-26,29.625,-1.625,0.019999117
2023-10-27,29.625,-1.625,1.6786115
2023-10-28,29.625,-1.625,1.3561951
2023-10-29,29.625,-1.625,16.106451
2023-10-30,29.625,-1.625,1.3399916
2023-10-31,29.625,-1.625,0.4971998
2023-11-01,29.625,-1.625,0.4094069
2023-11-02,29.625,-1.625,3.5636177
2023-11-03,29.625,-1.625,5.5662117
2023-11-04,29.625,-1.625,0.9599972
2023-11-05,29.625,-1.625,4.687632
2023-11-06,29.625,-1.625,7.792566
2023-11-07,29.625,-1.625,1.3984334
2023-11-08,29.625,-1.625,4.344294
2023-11-09,29.625,-1.625,0.9155915
2023-11-10,29.625,-1.625,3.6589985
2023-11-11,29.625,-1.625,2.0125897
2023-11-12,29.625,-1.625,5.235087
2023-11-13,29.625,-1.625,5.404616
2023-11-14,29.625,-1.625,0.24059896
2023-11-15,29.625,-1.625,2.103201
2023-11-16,29.625,-1.625,4.609878
2023-11-17,29.625,-1.625,3.8171368
2023-11-18,29.625,-1.625,1.9384073
2023-11-19,29.625,-1.625,0.21600795
2023-11-20,29.625,-1.625,2.1811926
2023-11-21,29.625,-1.625,0.43879235
2023-11-22,29.625,-1.625,7.2574887
2023-11-23,29.625,-1.625,2.2023578
2023-11-24,29.625,-1.625,1.9721746
2023-11-25,29.625,-1.625,16.962208
2023-11-26,29.625,-1.625,0.23520587
2023-11-27,29.625,-1.625,10.095897
2023-11-28,29.625,-1.625,1.6198192
2023-11-29,29.625,-1.625,9.895354
2023-11-30,29.625,-1.625,4.7684503
2023-12-01,29.625,-1.625,2.7234402
2023-12-02,29.625,-1.625,0.09760163
2023-12-03,29.625,-1.625,3.86243
2023-12-04,29.625,-1.625,4.0910826
2023-12-05,29.625,-1.625,1.305014
2023-12-06,29.625,-1.625,9.259974
2023-12-07,29.625,-1.625,0.19840378
2023-12-08,29.625,-1.625,2.1506112
2023-12-09,29.625,-1.625,0.88680035
2023-12-10,29.625,-1.625,4.569361
2023-12-11,29.625,-1.625,2.5642254
2023-12-12,29.625,-1.625,1.3525983
2023-12-13,29.625,-1.625,5.792632
2023-12-14,29.625,-1.625,2.0522118
2023-12-15,29.625,-1.625,0.5963938
2023-12-16,29.625,-1.625,1.0213886
2023-12-17,29.625,-1.625,1.1104198
2023-12-18,29.625,-1.625,0.7265906
2023-12-19,29.625,-1.625,0.0
2023-12-20,29.625,-1.625,1.095417
2023-12-21,29.625,-1.625,4.8405504
2023-12-22,29.625,-1.625,6.2534175
2023-12-23,29.625,-1.625,1.0868152
2023-12-24,29.625,-1.625,0.42480758
2023-12-25,29.625,-1.625,2.0930328
2023-12-26,29.625,-1.625,3.8646011
2023-12-27,29.625,-1.625,19.71596
2023-12-28,29.625,-1.625,11.333009
2023-12-29,29.625,-1.625,1.315796
2023-12-30,29.625,-1.625,21.30949
2023-12-31,29.625,-1.625,3.6350167
2024-01-01,29.625,-1.625,3.036333
2024-01-02,29.625,-1.625,3.7757626
2024-01-03,29.625,-1.625,9.020488
2024-01-04,29.625,-1.625,1.0738096
2024-01-05,29.625,-1.625,2.0066247
2024-01-06,29.625,-1.625,6.0383267
2024-01-07,29.625,-1.625,6.2604947
2024-01-08,29.625,-1.625,0.0
2024-01-09,29.625,-1.625,0.3239965
2024-01-10,29.625,-1.625,2.7695782
2024-01-11,29.625,-1.625,3.049148
2024-01-12,29.625,-1.625,17.673378
2024-01-13,29.625,-1.625,8.276592
2024-01-14,29.625,-1.625,5.674805
2024-01-15,29.625,-1.625,18.517733
2024-01-16,29.625,-1.625,1.602562
2024-01-17,29.625,-1.625,0.57698584
2024-01-18,29.625,-1.625,9.491781
2024-01-19,29.625,-1.625,1.793781
2024-01-20,29.625,-1.625,2.196604
2024-01-21,29.625,-1.625,0.22860338
2024-01-22,29.625,-1.625,0.8474033
2024-01-23,29.625,-1.625,0.9122041
2024-01-24,29.625,-1.625,0.661209
2024-01-25,29.625,-1.625,5.404527
2024-01-26,29.625,-1.625,7.169733
2024-01-27,29.625,-1.625,0.4022082
2024-01-28,29.625,-1.625,0.29199997
2024-01-29,29.625,-1.625,24.618206
2024-01-30,29.625,-1.625,17.150309
2024-01-31,29.625,-1.625,9.007395
2024-02-01,29.625,-1.625,3.6259575
2024-02-02,29.625,-1.625,0.52739483
2024-02-03,29.625,-1.625,2.2613833
2024-02-04,29.625,-1.625,1.9427722
2024-02-05,29.625,-1.625,4.9866333
2024-02-06,29.625,-1.625,6.3752418
2024-02-07,29.625,-1.625,0.003199962
2024-02-08,29.625,-1.625,0.26400933
2024-02-09,29.625,-1.625,0.8367844
2024-02-10,29.625,-1.625,2.9949627
2024-02-11,29.625,-1.625,1.8828027
2024-02-12,29.625,-1.625,0.0056002066
2024-02-13,29.625,-1.625,2.5838327
2024-02-14,29.625,-1.625,14.395381
2024-02-15,29.625,-1.625,14.68315
2024-02-16,29.625,-1.625,1.4658206
2024-02-17,29.625,-1.625,1.8545638
2024-02-18,29.625,-1.625,4.9551344
2024-02-19,29.625,-1.625,2.750986
2024-02-20,29.625,-1.625,4.754608
2024-02-21,29.625,-1.625,3.5498264
2024-02-22,29.625,-1.625,0.91940534
2024-02-23,29.625,-1.625,0.14999777
2024-02-24,29.625,-1.625,0.34219027
2024-02-25,29.625,-1.625,0.38280958
2024-02-26,29.625,-1.625,1.1013944
2024-02-27,29.625,-1.625,9.689073
2024-02-28,29.625,-1.625,2.5815976
2024-02-29,29.625,-1.625,7.105545
2024-03-01,29.625,-1.625,0.47979277
2024-03-02,29.625,-1.625,2.1545248
2024-03-03,29.625,-1.625,5.870181
2024-03-04,29.625,-1.625,0.4893973
2024-03-05,29.625,-1.625,11.111832
2024-03-06,29.625,-1.625,1.6400201
2024-03-07,29.625,-1.625,1.2248315
2024-03-08,29.625,-1.625,0.037798192
2024-03-09,29.625,-1.625,1.7782248
2024-03-10,29.625,-1.625,1.076009
2024-03-11,29.625,-1.625,0.19759996
2024-03-12,29.625,-1.625,0.057597596
2024-03-13,29.625,-1.625,0.013400372
2024-03-14,29.625,-1.625,0.5759927
2024-03-15,29.625,-1.625,2.1488018
2024-03-16,29.625,-1.625,0.64320064
2024-03-17,29.625,-1.625,0.0060002217
2024-03-18,29.625,-1.625,0.0
2024-03-19,29.625,-1.625,5.8271484
2024-03-20,29.625,-1.625,1.835809
2024-03-21,29.625,-1.625,0.99940425
2024-03-22,29.625,-1.625,0.12880184
2024-03-23,29.625,-1.625,8.69594
2024-03-24,29.625,-1.625,4.6077766
2024-03-25,29.625,-1.625,4.868388
2024-03-26,29.625,-1.625,1.7052002
2024-03-27,29.625,-1.625,2.8954
2024-03-28,29.625,-1.625,0.23738867
2024-03-29,29.625,-1.625,7.633541
2024-03-30,29.625,-1.625,0.43437997
2024-03-31,29.625,-1.625,12.799209
2024-04-01,29.625,-1.625,0.5717994
2024-04-02,29.625,-1.625,0.573995
2024-04-03,29.625,-1.625,15.444105
2024-04-04,29.625,-1.625,7.8400683
2024-04-05,29.625,-1.625,0.8747943
2024-04-06,29.625,-1.625,1.1848145
2024-04-07,29.625,-1.625,6.3390055
2024-04-08,29.625,-1.625,2.5173702
2024-04-09,29.625,-1.625,1.2542081
2024-04-10,29.625,-1.625,3.9877448
2024-04-11,29.625,-1.625,1.1533799
2024-04-12,29.625,-1.625,0.453807
2024-04-13,29.625,-1.625,13.977966
2024-04-14,29.625,-1.625,6.5504584
2024-04-15,29.625,-1.625,5.274002
2024-04-16,29.625,-1.625,1.1055663
2024-04-17,29.625,-1.625,0.9128238
2024-04-18,29.625,-1.625,0.3732125
2024-04-19,29.625,-1.625,2.5883842
2024-04-20,29.625,-1.625,12.318478
2024-04-21,29.625,-1.625,7.3151436
2024-04-22,29.625,-1.625,0.11680431
2024-04-23,29.625,-1.625,0.5970011
2024-04-24,29.625,-1.625,3.129855
2024-04-25,29.625,-1.625,6.9717536
2024-04-26,29.625,-1.625,1.3714193
2024-04-27,29.625,-1.625,5.6970325
2024-04-28,29.625,-1.625,28.133635
2024-04-29,29.625,-1.625,2.1990001
2024-04-30,29.625,-1.625,8.926975
2024-05-01,29.625,-1.625,0.6396164
2024-05-02,29.625,-1.625,17.049402
2024-05-03,29.625,-1.625,16.570704
2024-05-04,29.625,-1.625,22.85723
2024-05-05,29.625,-1.625,0.08320307
2024-05-06,29.625,-1.625,0.0
2024-05-07,29.625,-1.625,0.28059778
2024-05-08,29.625,-1.625,0.33540714
2024-05-09,29.625,-1.625,1.3215774
2024-05-10,29.625,-1.625,7.4187794
2024-05-11,29.625,-1.625,6.226632
2024-05-12,29.625,-1.625,0.35620502
2024-05-13,29.625,-1.625,0.0
2024-05-14,29.625,-1.625,0.0352013
2024-05-15,29.625,-1.625,0.8541843
2024-05-16,29.625,-1.625,0.001600059
2024-05-17,29.625,-1.625,0.100799814
2024-05-18,29.625,-1.625,0.1971977
2024-05-19,29.625,-1.625,0.32420528
2024-05-20,29.625,-1.625,1.1824118
2024-05-21,29.625,-1.625,1.2172099
2024-05-22,29.625,-1.625,0.1199986
2024-05-23,29.625,-1.625,0.0
2024-05-24,29.625,-1.625,0.0
2024-05-25,29.625,-1.625,0.0
2024-05-26,29.625,-1.625,0.030001108
2024-05-27,29.625,-1.625,0.0
2024-05-28,29.625,-1.625,0.0
2024-05-29,29.625,-1.625,1.054437
2024-05-30,29.625,-1.625,2.9526315
2024-05-31,29.625,-1.625,0.28159302
2024-06-01,29.625,-1.625,0.5280034
2024-06-02,29.625,-1.625,0.88522303
2024-06-03,29.625,-1.625,0.019200709
2024-06-04,29.625,-1.625,0.09120216
2024-06-05,29.625,-1.625,0.09400347
2024-06-06,29.625,-1.625,0.0
2024-06-07,29.625,-1.625,0.2496092
2024-06-08,29.625,-1.625,0.0
2024-06-09,29.625,-1.625,0.16280423
2024-06-10,29.625,-1.625,0.19040701
2024-06-11,29.625,-1.625,0.0
2024-06-12,29.625,-1.625,0.2816104
2024-06-13,29.625,-1.625,0.0
2024-06-14,29.625,-1.625,0.0
2024-06-15,29.625,-1.625,0.21999365
2024-06-16,29.625,-1.625,0.02119964
2024-06-17,29.625,-1.625,0.0
2024-06-18,29.625,-1.625,0.0
2024-06-19,29.625,-1.625,0.06480239
2024-06-20,29.625,-1.625,0.27120608
2024-06-21,29.625,-1.625,0.09079632
2024-06-22,29.625,-1.625,0.0
2024-06-23,29.625,-1.625,0.0
2024-06-24,29.625,-1.625,0.0
2024-06-25,29.625,-1.625,0.0
2024-06-26,29.625,-1.625,0.0
2024-06-27,29.625,-1.625,0.0
2024-06-28,29.625,-1.625,0.007200266
2024-06-29,29.625,-1.625,0.0
2024-06-30,29.625,-1.625,0.0
2024-07-01,29.625,-1.625,0.0
2024-07-02,29.625,-1.625,0.14080352
2024-07-03,29.625,-1.625,0.16640615
2024-07-04,29.625,-1.625,0.2568095
2024-07-05,29.625,-1.625,0.0
2024-07-06,29.625,-1.625,0.0843993
2024-07-07,29.625,-1.625,1.8264487
2024-07-08,29.625,-1.625,5.3530016
2024-07-09,29.625,-1.625,0.017799413
2024-07-10,29.625,-1.625,0.1086033
2024-07-11,29.625,-1.625,0.030401053
2024-07-12,29.625,-1.625,0.0
2024-07-13,29.625,-1.625,0.0
2024-07-14,29.625,-1.625,0.026400972
2024-07-15,29.625,-1.625,0.072802685
2024-07-16,29.625,-1.625,0.56881535
2024-07-17,29.625,-1.625,0.41380194
2024-07-18,29.625,-1.625,0.0
2024-07-19,29.625,-1.625,0.0
2024-07-20,29.625,-1.625,0.48860765
2024-07-21,29.625,-1.625,0.011200414
2024-07-22,29.625,-1.625,0.5993866
2024-07-23,29.625,-1.625,0.059201837
2024-07-24,29.625,-1.625,0.15719482
2024-07-25,29.625,-1.625,0.0
2024-07-26,29.625,-1.625,0.0
2024-07-27,29.625,-1.625,0.0
2024-07-28,29.625,-1.625,0.014400532
2024-07-29,29.625,-1.625,0.0
2024-07-30,29.625,-1.625,0.0
2024-07-31,29.625,-1.625,0.7131994
2024-08-01,29.625,-1.625,2.6054103
2024-08-02,29.625,-1.625,0.027601019
2024-08-03,29.625,-1.625,0.0
2024-08-04,29.625,-1.625,0.16640615
2024-08-05,29.625,-1.625,0.40561497
2024-08-06,29.625,-1.625,0.0
2024-08-07,29.625,-1.625,0.0
2024-08-08,29.625,-1.625,0.0
2024-08-09,29.625,-1.625,0.17700171
2024-08-10,29.625,-1.625,0.31960928
2024-08-11,29.625,-1.625,6.6640887
2024-08-12,29.625,-1.625,1.3774194
2024-08-13,29.625,-1.625,0.04999773
2024-08-14,29.625,-1.625,4.137508
2024-08-15,29.625,-1.625,6.694538
2024-08-16,29.625,-1.625,0.0025998692
2024-08-17,29.625,-1.625,0.001600059
2024-08-18,29.625,-1.625,0.0024000886
2024-08-19,29.625,-1.625,0.0
2024-08-20,29.625,-1.625,0.005200075
2024-08-21,29.625,-1.625,2.1749768
2024-08-22,29.625,-1.625,5.2779307
2024-08-23,29.625,-1.625,0.020800337
2024-08-24,29.625,-1.625,0.050401863
2024-08-25,29.625,-1.625,0.5711963
2024-08-26,29.625,-1.625,0.014000053
2024-08-27,29.625,-1.625,1.5403968
2024-08-28,29.625,-1.625,0.007999705
2024-08-29,29.625,-1.625,3.222435
2024-08-30,29.625,-1.625,0.19300266
2024-08-31,29.625,-1.625,0.1060026
2024-09-01,29.625,-1.625,0.0005999852
2024-09-02,29.625,-1.625,0.00039997988
2024-09-03,29.625,-1.625,0.0
2024-09-04,29.625,-1.625,0.3515991
2024-09-05,29.625,-1.625,0.04760087
2024-09-06,29.625,-1.625,0.89361095
2024-09-07,29.625,-1.625,5.715829
2024-09-08,29.625,-1.625,0.0
2024-09-09,29.625,-1.625,2.28503
2024-09-10,29.625,-1.625,0.5376116
2024-09-11,29.625,-1.625,0.6098153
2024-09-12,29.625,-1.625,0.09280294
2024-09-13,29.625,-1.625,0.21800567
2024-09-14,29.625,-1.625,0.038401417
2024-09-15,29.625,-1.625,0.09800361
2024-09-16,29.625,-1.625,0.35738912
2024-09-17,29.625,-1.625,0.022000812
2024-09-18,29.625,-1.625,13.6032295
2024-09-19,29.625,-1.625,3.7699137
2024-09-20,29.625,-1.625,9.078732
2024-09-21,29.625,-1.625,3.6752708
2024-09-22,29.625,-1.625,1.3621912
2024-09-23,29.625,-1.625,0.6164129
2024-09-24,29.625,-1.625,0.0
2024-09-25,29.625,-1.625,0.0
2024-09-26,29.625,-1.625,0.23160653
2024-09-27,29.625,-1.625,0.0
2024-09-28,29.625,-1.625,0.0055999337
2024-09-29,29.625,-1.625,25.908222
2024-09-30,29.625,-1.625,4.4388366
2024-10-01,29.625,-1.625,6.393207
2024-10-02,29.625,-1.625,1.1495922
2024-10-03,29.625,-1.625,0.023200296
2024-10-04,29.625,-1.625,0.0
2024-10-05,29.625,-1.625,0.0
2024-10-06,29.625,-1.625,0.90360844
2024-10-07,29.625,-1.625,0.5632047
2024-10-08,29.625,-1.625,12.467261
2024-10-09,29.625,-1.625,0.04039797
2024-10-10,29.625,-1.625,1.105427
2024-10-11,29.625,-1.625,7.165102
2024-10-12,29.625,-1.625,0.18320285
2024-10-13,29.625,-1.625,0.028000878
2024-10-14,29.625,-1.625,0.1871973
2024-10-15,29.625,-1.625,2.3522563
2024-10-16,29.625,-1.625,2.5934289
2024-10-17,29.625,-1.625,1.6757734
2024-10-18,29.625,-1.625,0.41260618
2024-10-19,29.625,-1.625,4.789344
2024-10-20,29.625,-1.625,9.210429
2024-10-21,29.625,-1.625,6.8144107
2024-10-22,29.625,-1.625,1.4487963
2024-10-23,29.625,-1.625,0.14179537
2024-10-24,29.625,-1.625,11.431326
2024-10-25,29.625,-1.625,0.18520494
2024-10-26,29.625,-1.625,2.6284306
2024-10-27,29.625,-1.625,9.449744
2024-10-28,29.625,-1.625,2.8104
2024-10-29,29.625,-1.625,0.3760136
2024-10-30,29.625,-1.625,1.0399919
2024-10-31,29.625,-1.625,2.646017
2024-11-01,29.625,-1.625,0.5397943
2024-11-02,29.625,-1.625,0.99521345
2024-11-03,29.625,-1.625,1.6518174
2024-11-04,29.625,-1.625,0.017199796
2024-11-05,29.625,-1.625,0.52300143
2024-11-06,29.625,-1.625,5.0864553
2024-11-07,29.625,-1.625,0.3570011
2024-11-08,29.625,-1.625,7.5775094
2024-11-09,29.625,-1.625,0.9068247
2024-11-10,29.625,-1.625,14.976573
2024-11-11,29.625,-1.625,4.8640285
2024-11-12,29.625,-1.625,2.4014354
2024-11-13,29.625,-1.625,2.1274276
2024-11-14,29.625,-1.625,2.3006253
2024-11-15,29.625,-1.625,1.1993959
2024-11-16,29.625,-1.625,9.957707
2024-11-17,29.625,-1.625,4.560387
2024-11-18,29.625,-1.625,0.9275816
2024-11-19,29.625,-1.625,0.5467869
2024-11-20,29.625,-1.625,4.2826047
2024-11-21,29.625,-1.625,19.699615
2024-11-22,29.625,-1.625,6.65528
2024-11-23,29.625,-1.625,7.2792144
2024-11-24,29.625,-1.625,17.796175
2024-11-25,29.625,-1.625,4.640957
2024-11-26,29.625,-1.625,28.392263
2024-11-27,29.625,-1.625,14.7144575
2024-11-28,29.625,-1.625,2.3153903
2024-11-29,29.625,-1.625,8.3612795
2024-11-30,29.625,-1.625,15.499272
2024-12-01,29.625,-1.625,17.567055
2024-12-02,29.625,-1.625,10.04553
2024-12-03,29.625,-1.625,1.8664254
2024-12-04,29.625,-1.625,5.6037164
2024-12-05,29.625,-1.625,6.7320223
2024-12-06,29.625,-1.625,6.387649
2024-12-07,29.625,-1.625,1.7943822
2024-12-08,29.625,-1.625,0.036000356
2024-12-09,29.625,-1.625,0.0
2024-12-10,29.625,-1.625,0.7791847
2024-12-11,29.625,-1.625,0.24500448
2024-12-12,29.625,-1.625,6.033075
2024-12-13,29.625,-1.625,1.4320102
2024-12-14,29.625,-1.625,1.3431906
2024-12-15,29.625,-1.625,3.2756739
2024-12-16,29.625,-1.625,0.38740516
2024-12-17,29.625,-1.625,2.4491882
2024-12-18,29.625,-1.625,2.4208012
2024-12-19,29.625,-1.625,4.740402
2024-12-20,29.625,-1.625,1.5709999
2024-12-21,29.625,-1.625,2.3191853
2024-12-22,29.625,-1.625,0.09720302
2024-12-23,29.625,-1.625,3.361796
2024-12-24,29.625,-1.625,0.29119214
2024-12-25,29.625,-1.625,5.836007
2024-12-26,29.625,-1.625,0.44060022
2024-12-27,29.625,-1.625,1.229175
2024-12-28,29.625,-1.625,0.02600096
2024-12-29,29.625,-1.625,0.021600798
2024-12-30,29.625,-1.625,0.08240304
2024-12-31,29.625,-1.625,0.017800465
2025-01-01,29.625,-1.625,0.08200197
2025-01-02,29.625,-1.625,0.3153982
2025-01-03,29.625,-1.625,0.18699615
2025-01-04,29.625,-1.625,0.18680584
2025-01-05,29.625,-1.625,3.6328115
2025-01-06,29.625,-1.625,0.22759968
2025-01-07,29.625,-1.625,0.16959909
2025-01-08,29.625,-1.625,0.0
2025-01-09,29.625,-1.625,1.2733904
2025-01-10,29.625,-1.625,2.0534203
2025-01-11,29.625,-1.625,0.1356001
2025-01-12,29.625,-1.625,0.34840414
2025-01-13,29.625,-1.625,0.13080467
2025-01-14,29.625,-1.625,0.5818123
2025-01-15,29.625,-1.625,0.13319796
2025-01-16,29.625,-1.625,1.8699836
2025-01-17,29.625,-1.625,0.49099714
2025-01-18,29.625,-1.625,1.5419921
2025-01-19,29.625,-1.625,1.0189662
2025-01-20,29.625,-1.625,2.2130253
2025-01-21,29.625,-1.625,4.937211
2025-01-22,29.625,-1.625,10.921831
2025-01-23,29.625,-1.625,1.2240049
2025-01-24,29.625,-1.625,8.260924
2025-01-25,29.625,-1.625,4.7281685
2025-01-26,29.625,-1.625,11.036705
2025-01-27,29.625,-1.625,8.527302
2025-01-28,29.625,-1.625,13.758933
2025-01-29,29.625,-1.625,1.2821947
2025-01-30,29.625,-1.625,2.4659967
2025-01-31,29.625,-1.625,1.9663324
2025-02-01,29.625,-1.625,
2025-02-02,29.625,-1.625,
2025-02-03,29.625,-1.625,
2025-02-04,29.625,-1.625,
2025-02-05,29.625,-1.625,
2025-02-06,29.625,-1.625,
2025-02-07,29.625,-1.625,
2025-02-08,29.625,-1.625,
2025-02-09,29.625,-1.625,
2025-02-10,29.625,-1.625,
2025-02-11,29.625,-1.625,
2025-02-12,29.625,-1.625,
2025-02-13,29.625,-1.625,
2025-02-14,29.625,-1.625,
2025-02-15,29.625,-1.625,
2025-02-16,29.625,-1.625,
2025-02-17,29.625,-1.625,
2025-02-18,29.625,-1.625,
2025-02-19,29.625,-1.625,
2025-02-20,29.625,-1.625,
2025-02-21,29.625,-1.625,
2025-02-22,29.625,-1.625,
2025-02-23,29.625,-1.625,
2025-02-24,29.625,-1.625,
2025-02-25,29.625,-1.625,
2025-02-26,29.625,-1.625,
2025-02-27,29.625,-1.625,
2025-02-28,29.625,-1.625,
2025-03-01,29.625,-1.625,0.0
2025-03-02,29.625,-1.625,4.1871786
2025-03-03,29.625,-1.625,2.7960463
2025-03-04,29.625,-1.625,4.5596013
2025-03-05,29.625,-1.625,5.358373
2025-03-06,29.625,-1.625,0.013600425
2025-03-07,29.625,-1.625,0.004800177
2025-03-08,29.625,-1.625,2.5697823
2025-03-09,29.625,-1.625,15.748669
2025-03-10,29.625,-1.625,0.67940706
2025-03-11,29.625,-1.625,2.9359071
2025-03-12,29.625,-1.625,1.0929704
2025-03-13,29.625,-1.625,1.1429858
2025-03-14,29.625,-1.625,3.3856118
2025-03-15,29.625,-1.625,3.9277825
2025-03-16,29.625,-1.625,5.5262012
2025-03-17,29.625,-1.625,3.1673439
2025-03-18,29.625,-1.625,2.2976363
2025-03-19,29.625,-1.625,8.169659
2025-03-20,29.625,-1.625,2.6959872
2025-03-21,29.625,-1.625,0.51101017
2025-03-22,29.625,-1.625,1.4619635
2025-03-23,29.625,-1.625,0.25500685
2025-03-24,29.625,-1.625,2.524792
2025-03-25,29.625,-1.625,0.10080367
2025-03-26,29.625,-1.625,0.13979852
2025-03-27,29.625,-1.625,2.4001968
2025-03-28,29.625,-1.625,13.033359
2025-03-29,29.625,-1.625,0.5705966
2025-03-30,29.625,-1.625,3.491632
2025-03-31,29.625,-1.625,0.6070155
2025-04-01,29.625,-1.625,4.970505
2025-04-02,29.625,-1.625,11.6553545
2025-04-03,29.625,-1.625,0.68617755
2025-04-04,29.625,-1.625,4.7890897
2025-04-05,29.625,-1.625,1.1464131
2025-04-06,29.625,-1.625,17.855518
2025-04-07,29.625,-1.625,7.547112
2025-04-08,29.625,-1.625,2.1739578
2025-04-09,29.625,-1.625,0.027601019
2025-04-10,29.625,-1.625,1.2922279
2025-04-11,29.625,-1.625,6.249835
2025-04-12,29.625,-1.625,11.302161
2025-04-13,29.625,-1.625,0.27780223
2025-04-14,29.625,-1.625,3.605425
2025-04-15,29.625,-1.625,3.7947156
2025-04-16,29.625,-1.625,2.8684423
2025-04-17,29.625,-1.625,0.037200868
2025-04-18,29.625,-1.625,0.61218166
2025-04-19,29.625,-1.625,16.271034
2025-04-20,29.625,-1.625,1.6953832
2025-04-21,29.625,-1.625,0.09179873
2025-04-22,29.625,-1.625,0.62318414
2025-04-23,29.625,-1.625,15.71207
2025-04-24,29.625,-1.625,2.1822343
2025-04-25,29.625,-1.625,0.2289959
2025-04-26,29.625,-1.625,0.0007999905
2025-04-27,29.625,-1.625,0.0
2025-04-28,29.625,-1.625,0.05860155
2025-04-29,29.625,-1.625,2.1919932
2025-04-30,29.625,-1.625,2.5164263
2025-05-01,29.625,-1.625,0.13280448
2025-05-02,29.625,-1.625,16.79366
2025-05-03,29.625,-1.625,3.6560397
2025-05-04,29.625,-1.625,6.140052
2025-05-05,29.625,-1.625,3.1861858
2025-05-06,29.625,-1.625,5.3687906
2025-05-07,29.625,-1.625,9.889122
2025-05-08,29.625,-1.625,0.2547973
2025-05-09,29.625,-1.625,4.1068077
2025-05-10,29.625,-1.625,1.6888146
2025-05-11,29.625,-1.625,2.5021815
2025-05-12,29.625,-1.625,17.105742
2025-05-13,29.625,-1.625,0.12640174
2025-05-14,29.625,-1.625,3.272971
2025-05-15,29.625,-1.625,0.1205947
2025-05-16,29.625,-1.625,0.22620082
2025-05-17,29.625,-1.625,1.1200144
2025-05-18,29.625,-1.625,0.0
2025-05-19,29.625,-1.625,3.0431798
2025-05-20,29.625,-1.625,4.238628
2025-05-21,29.625,-1.625,3.2299721
2025-05-22,29.625,-1.625,3.3765829
2025-05-23,29.625,-1.625,2.0242052
2025-05-24,29.625,-1.625,0.5715993
2025-05-25,29.625,-1.625,0.0648018
2025-05-26,29.625,-1.625,0.042401467
2025-05-27,29.625,-1.625,0.08280135
2025-05-28,29.625,-1.625,0.00920034
2025-05-29,29.625,-1.625,0.0
2025-05-30,29.625,-1.625,1.0630182
2025-05-31,29.625,-1.625,0.070000865
2025-06-01,29.625,-1.625,0.0
2025-06-02,29.625,-1.625,0.15820007
2025-06-03,29.625,-1.625,0.0
2025-06-04,29.625,-1.625,0.41160238
2025-06-05,29.625,-1.625,5.0373864
2025-06-06,29.625,-1.625,1.8325903
2025-06-07,29.625,-1.625,0.11240104
2025-06-08,29.625,-1.625,0.04359945
2025-06-09,29.625,-1.625,0.11860059
2025-06-10,29.625,-1.625,0.018200168
2025-06-11,29.625,-1.625,0.0
2025-06-12,29.625,-1.625,0.0
2025-06-13,29.625,-1.625,0.024000887
2025-06-14,29.625,-1.625,0.038401417
2025-06-15,29.625,-1.625,0.0
2025-06-16,29.625,-1.625,0.0
2025-06-17,29.625,-1.625,0.040801506
2025-06-18,29.625,-1.625,2.2102027
2025-06-19,29.625,-1.625,31.771704
2025-06-20,29.625,-1.625,1.2076015
2025-06-21,29.625,-1.625,0.1637961
2025-06-22,29.625,-1.625,3.1792638
2025-06-23,29.625,-1.625,2.0520031
2025-06-24,29.625,-1.625,0.8786173
2025-06-25,29.625,-1.625,0.0
2025-06-26,29.625,-1.625,0.0
2025-06-27,29.625,-1.625,0.0
2025-06-28,29.625,-1.625,0.2913977
2025-06-29,29.625,-1.625,0.004199789
2025-06-30,29.625,-1.625,0.12360055
2025-07-01,29.625,-1.625,0.036799952
2025-07-02,29.625,-1.625,0.0008000295
2025-07-03,29.625,-1.625,0.02920108
2025-07-04,29.625,-1.625,0.0
2025-07-05,29.625,-1.625,0.6068186
2025-07-06,29.625,-1.625,0.6900215
2025-07-07,29.625,-1.625,3.3382182
2025-07-08,29.625,-1.625,0.058400743
2025-07-09,29.625,-1.625,0.0
2025-07-10,29.625,-1.625,0.3641969
2025-07-11,29.625,-1.625,0.0
2025-07-12,29.625,-1.625,0.003200118
2025-07-13,29.625,-1.625,0.050800435
2025-07-14,29.625,-1.625,0.9878082
2025-07-15,29.625,-1.625,1.8787642
2025-07-16,29.625,-1.625,3.472047
2025-07-17,29.625,-1.625,1.39201
2025-07-18,29.625,-1.625,8.395202
2025-07-19,29.625,-1.625,0.067201644
2025-07-20,29.625,-1.625,0.0
2025-07-21,29.625,-1.625,0.0
2025-07-22,29.625,-1.625,0.0
2025-07-23,29.625,-1.625,0.0
2025-07-24,29.625,-1.625,0.0
2025-07-25,29.625,-1.625,0.061998207
2025-07-26,29.625,-1.625,1.1508036
2025-07-27,29.625,-1.625,1.0158001
2025-07-28,29.625,-1.625,0.0
2025-07-29,29.625,-1.625,0.0
2025-07-30,29.625,-1.625,0.0
2025-07-31,29.625,-1.625,0.13440497
2025-08-01,29.625,-1.625,0.2592096
2025-08-02,29.625,-1.625,0.0
2025-08-03,29.625,-1.625,0.0
2025-08-04,29.625,-1.625,0.0
2025-08-05,29.625,-1.625,0.07120262
2025-08-06,29.625,-1.625,0.18680641
2025-08-07,29.625,-1.625,0.50001377
2025-08-08,29.625,-1.625,21.545492
2025-08-09,29.625,-1.625,9.730987
2025-08-10,29.625,-1.625,9.546909
2025-08-11,29.625,-1.625,5.7512655
2025-08-12,29.625,-1.625,5.2688375
2025-08-13,29.625,-1.625,0.11140266
2025-08-14,29.625,-1.625,0.368398
2025-08-15,29.625,-1.625,3.2212524
2025-08-16,29.625,-1.625,4.083585
2025-08-17,29.625,-1.625,25.294598
2025-08-18,29.625,-1.625,31.817839
2025-08-19,29.625,-1.625,8.240793
2025-08-20,29.625,-1.625,0.3766019
2025-08-21,29.625,-1.625,0.07440275
2025-08-22,29.625,-1.625,0.18160671
2025-08-23,29.625,-1.625,0.0
2025-08-24,29.625,-1.625,0.0
2025-08-25,29.625,-1.625,0.37920254
2025-08-26,29.625,-1.625,4.2967644
2025-08-27,29.625,-1.625,0.0
2025-08-28,29.625,-1.625,0.0
2025-08-29,29.625,-1.625,0.0
2025-08-30,29.625,-1.625,0.0
2025-08-31,29.625,-1.625,0.0
2025-09-01,29.625,-1.625,0.019200709
2025-09-02,29.625,-1.625,0.11360419
2025-09-03,29.625,-1.625,0.28679624
2025-09-04,29.625,-1.625,0.0
2025-09-05,29.625,-1.625,0.55880874
2025-09-06,29.625,-1.625,0.25219715
2025-09-07,29.625,-1.625,0.0
2025-09-08,29.625,-1.625,0.03640012
2025-09-09,29.625,-1.625,1.1179793
2025-09-10,29.625,-1.625,2.534802
2025-09-11,29.625,-1.625,9.685958
2025-09-12,29.625,-1.625,0.15220441
2025-09-13,29.625,-1.625,2.9312398
2025-09-14,29.625,-1.625,2.55243
2025-09-15,29.625,-1.625,8.00459
2025-09-16,29.625,-1.625,2.2347698
2025-09-17,29.625,-1.625,12.678747
2025-09-18,29.625,-1.625,0.21179913
2025-09-19,29.625,-1.625,1.1468139
2025-09-20,29.625,-1.625,0.15140243
2025-09-21,29.625,-1.625,0.030998485
2025-09-22,29.625,-1.625,0.0011999396
2025-09-23,29.625,-1.625,0.014799742
2025-09-24,29.625,-1.625,0.0
2025-09-25,29.625,-1.625,1.3565942
2025-09-26,29.625,-1.625,0.13760509
2025-09-27,29.625,-1.625,1.5101836
2025-09-28,29.625,-1.625,0.5980055
2025-09-29,29.625,-1.625,0.040001225
2025-09-30,29.625,-1.625,13.7195
