time,lon,lat,precip
2000-06-01,29.375,-1.875,0.0
2000-06-02,29.375,-1.875,0.1914042
2000-06-03,29.375,-1.875,1.0064294
2000-06-04,29.375,-1.875,0.024798956
2000-06-05,29.375,-1.875,0.0016000238
2000-06-06,29.375,-1.875,0.11340375
2000-06-07,29.375,-1.875,0.0
2000-06-08,29.375,-1.875,0.098395765
2000-06-09,29.375,-1.875,0.05039783
2000-06-10,29.375,-1.875,0.0
2000-06-11,29.375,-1.875,0.0
2000-06-12,29.375,-1.875,0.0
2000-06-13,29.375,-1.875,0.22440742
2000-06-14,29.375,-1.875,1.0816104
2000-06-15,29.375,-1.875,0.04480166
2000-06-16,29.375,-1.875,0.0
2000-06-17,29.375,-1.875,0.043598123
2000-06-18,29.375,-1.875,0.020800514
2000-06-19,29.375,-1.875,0.4636052
2000-06-20,29.375,-1.875,0.0
2000-06-21,29.375,-1.875,0.026399698
2000-06-22,29.375,-1.875,0.23598984
2000-06-23,29.375,-1.875,0.15460713
2000-06-24,29.375,-1.875,4.7742324
2000-06-25,29.375,-1.875,3.5669746
2000-06-26,29.375,-1.875,0.28380346
2000-06-27,29.375,-1.875,1.66324
2000-06-28,29.375,-1.875,6.4582233
2000-06-29,29.375,-1.875,0.4962077
2000-06-30,29.375,-1.875,0.012000609
2000-07-01,29.375,-1.875,0.45918515
2000-07-02,29.375,-1.875,0.024601385
2000-07-03,29.375,-1.875,0.028800426
2000-07-04,29.375,-1.875,1.38123
2000-07-05,29.375,-1.875,0.0
2000-07-06,29.375,-1.875,0.0
2000-07-07,29.375,-1.875,0.0
2000-07-08,29.375,-1.875,0.10200465
2000-07-09,29.375,-1.875,0.0007999655
2000-07-10,29.375,-1.875,0.00040002255
2000-07-11,29.375,-1.875,0.034200348
2000-07-12,29.375,-1.875,0.0
2000-07-13,29.375,-1.875,0.0
2000-07-14,29.375,-1.875,0.021600619
2000-07-15,29.375,-1.875,0.095203616
2000-07-16,29.375,-1.875,1.5940417
2000-07-17,29.375,-1.875,0.0
2000-07-18,29.375,-1.875,0.0
2000-07-19,29.375,-1.875,0.0
2000-07-20,29.375,-1.875,0.0
2000-07-21,29.375,-1.875,0.036401667
2000-07-22,29.375,-1.875,1.2781899
2000-07-23,29.375,-1.875,1.3530031
2000-07-24,29.375,-1.875,0.0
2000-07-25,29.375,-1.875,0.0
2000-07-26,29.375,-1.875,0.0
2000-07-27,29.375,-1.875,0.0
2000-07-28,29.375,-1.875,0.0
2000-07-29,29.375,-1.875,0.0
2000-07-30,29.375,-1.875,0.07460115
2000-07-31,29.375,-1.875,0.011600621
2000-08-01,29.375,-1.875,5.4454184
2000-08-02,29.375,-1.875,2.2932358
2000-08-03,29.375,-1.875,0.02399936
2000-08-04,29.375,-1.875,0.0048002372
2000-08-05,29.375,-1.875,0.1903995
2000-08-06,29.375,-1.875,0.14940238
2000-08-07,29.375,-1.875,0.028000636
2000-08-08,29.375,-1.875,0.039601035
2000-08-09,29.375,-1.875,0.2014092
2000-08-10,29.375,-1.875,0.0
2000-08-11,29.375,-1.875,0.0
2000-08-12,29.375,-1.875,2.8353486
2000-08-13,29.375,-1.875,8.823117
2000-08-14,29.375,-1.875,4.984469
2000-08-15,29.375,-1.875,1.6924548
2000-08-16,29.375,-1.875,6.089526
2000-08-17,29.375,-1.875,0.14679974
2000-08-18,29.375,-1.875,0.03599845
2000-08-19,29.375,-1.875,0.9459966
2000-08-20,29.375,-1.875,0.0
2000-08-21,29.375,-1.875,0.0
2000-08-22,29.375,-1.875,0.0
2000-08-23,29.375,-1.875,0.0
2000-08-24,29.375,-1.875,0.0036002027
2000-08-25,29.375,-1.875,0.027800675
2000-08-26,29.375,-1.875,2.4525952
2000-08-27,29.375,-1.875,3.8300927
2000-08-28,29.375,-1.875,0.08200204
2000-08-29,29.375,-1.875,1.1265885
2000-08-30,29.375,-1.875,0.0
2000-08-31,29.375,-1.875,0.0
2000-09-01,29.375,-1.875,0.22360925
2000-09-02,29.375,-1.875,0.19020271
2000-09-03,29.375,-1.875,0.4755988
2000-09-04,29.375,-1.875,0.021600056
2000-09-05,29.375,-1.875,0.11599851
2000-09-06,29.375,-1.875,0.070401914
2000-09-07,29.375,-1.875,0.24140233
2000-09-08,29.375,-1.875,2.34893
2000-09-09,29.375,-1.875,0.27899656
2000-09-10,29.375,-1.875,0.26619256
2000-09-11,29.375,-1.875,0.0
2000-09-12,29.375,-1.875,0.00040002255
2000-09-13,29.375,-1.875,0.055598464
2000-09-14,29.375,-1.875,1.9875791
2000-09-15,29.375,-1.875,0.652795
2000-09-16,29.375,-1.875,0.0
2000-09-17,29.375,-1.875,0.0008000451
2000-09-18,29.375,-1.875,0.09140213
2000-09-19,29.375,-1.875,1.6450503
2000-09-20,29.375,-1.875,10.796735
2000-09-21,29.375,-1.875,0.09239769
2000-09-22,29.375,-1.875,0.61061126
2000-09-23,29.375,-1.875,1.2957654
2000-09-24,29.375,-1.875,0.44341615
2000-09-25,29.375,-1.875,7.3882427
2000-09-26,29.375,-1.875,5.708345
2000-09-27,29.375,-1.875,5.2335057
2000-09-28,29.375,-1.875,9.307328
2000-09-29,29.375,-1.875,13.093768
2000-09-30,29.375,-1.875,0.14039932
2000-10-01,29.375,-1.875,10.329964
2000-10-02,29.375,-1.875,4.184607
2000-10-03,29.375,-1.875,0.055399686
2000-10-04,29.375,-1.875,13.359735
2000-10-05,29.375,-1.875,2.42819
2000-10-06,29.375,-1.875,0.042799648
2000-10-07,29.375,-1.875,0.9542326
2000-10-08,29.375,-1.875,7.9809427
2000-10-09,29.375,-1.875,2.543377
2000-10-10,29.375,-1.875,1.0623928
2000-10-11,29.375,-1.875,0.5704102
2000-10-12,29.375,-1.875,5.17399
2000-10-13,29.375,-1.875,1.1152358
2000-10-14,29.375,-1.875,0.48139715
2000-10-15,29.375,-1.875,0.23000698
2000-10-16,29.375,-1.875,3.6468067
2000-10-17,29.375,-1.875,4.497586
2000-10-18,29.375,-1.875,2.15218
2000-10-19,29.375,-1.875,17.003792
2000-10-20,29.375,-1.875,15.966592
2000-10-21,29.375,-1.875,11.884457
2000-10-22,29.375,-1.875,5.2897277
2000-10-23,29.375,-1.875,10.823549
2000-10-24,29.375,-1.875,21.242556
2000-10-25,29.375,-1.875,9.103212
2000-10-26,29.375,-1.875,1.2416009
2000-10-27,29.375,-1.875,4.4540887
2000-10-28,29.375,-1.875,0.0009999768
2000-10-29,29.375,-1.875,4.975519
2000-10-30,29.375,-1.875,14.677144
2000-10-31,29.375,-1.875,5.983642
2000-11-01,29.375,-1.875,5.5160294
2000-11-02,29.375,-1.875,28.49625
2000-11-03,29.375,-1.875,13.841939
2000-11-04,29.375,-1.875,25.750996
2000-11-05,29.375,-1.875,1.919395
2000-11-06,29.375,-1.875,10.619619
2000-11-07,29.375,-1.875,18.05625
2000-11-08,29.375,-1.875,2.40366
2000-11-09,29.375,-1.875,3.097574
2000-11-10,29.375,-1.875,6.2330093
2000-11-11,29.375,-1.875,7.408423
2000-11-12,29.375,-1.875,0.8868166
2000-11-13,29.375,-1.875,0.03439852
2000-11-14,29.375,-1.875,0.049199477
2000-11-15,29.375,-1.875,4.6845913
2000-11-16,29.375,-1.875,19.028305
2000-11-17,29.375,-1.875,2.2046063
2000-11-18,29.375,-1.875,2.437606
2000-11-19,29.375,-1.875,9.671632
2000-11-20,29.375,-1.875,10.292848
2000-11-21,29.375,-1.875,9.674281
2000-11-22,29.375,-1.875,8.4867115
2000-11-23,29.375,-1.875,1.2422037
2000-11-24,29.375,-1.875,0.039200395
2000-11-25,29.375,-1.875,4.587417
2000-11-26,29.375,-1.875,6.219703
2000-11-27,29.375,-1.875,1.9937834
2000-11-28,29.375,-1.875,1.3588158
2000-11-29,29.375,-1.875,2.1091776
2000-11-30,29.375,-1.875,2.306787
2000-12-01,29.375,-1.875,0.66338825
2000-12-02,29.375,-1.875,0.6084296
2000-12-03,29.375,-1.875,1.5563763
2000-12-04,29.375,-1.875,2.0282233
2000-12-05,29.375,-1.875,1.8793957
2000-12-06,29.375,-1.875,0.45360106
2000-12-07,29.375,-1.875,0.18880083
2000-12-08,29.375,-1.875,0.15339847
2000-12-09,29.375,-1.875,6.746708
2000-12-10,29.375,-1.875,28.814121
2000-12-11,29.375,-1.875,1.2847831
2000-12-12,29.375,-1.875,26.573763
2000-12-13,29.375,-1.875,6.5385756
2000-12-14,29.375,-1.875,5.2973585
2000-12-15,29.375,-1.875,0.09319664
2000-12-16,29.375,-1.875,3.3553379
2000-12-17,29.375,-1.875,2.2789462
2000-12-18,29.375,-1.875,5.360994
2000-12-19,29.375,-1.875,0.06479867
2000-12-20,29.375,-1.875,0.0
2000-12-21,29.375,-1.875,4.153427
2000-12-22,29.375,-1.875,4.3084016
2000-12-23,29.375,-1.875,14.223262
2000-12-24,29.375,-1.875,3.2357762
2000-12-25,29.375,-1.875,0.14639708
2000-12-26,29.375,-1.875,3.114402
2000-12-27,29.375,-1.875,3.8382437
2000-12-28,29.375,-1.875,0.43800092
2000-12-29,29.375,-1.875,8.539809
2000-12-30,29.375,-1.875,8.243986
2000-12-31,29.375,-1.875,0.34440684
2001-01-01,29.375,-1.875,7.3365865
2001-01-02,29.375,-1.875,7.9752955
2001-01-03,29.375,-1.875,2.352607
2001-01-04,29.375,-1.875,14.551574
2001-01-05,29.375,-1.875,3.9627693
2001-01-06,29.375,-1.875,4.16072
2001-01-07,29.375,-1.875,13.476954
2001-01-08,29.375,-1.875,8.063947
2001-01-09,29.375,-1.875,5.125813
2001-01-10,29.375,-1.875,0.16179833
2001-01-11,29.375,-1.875,2.200389
2001-01-12,29.375,-1.875,9.664023
2001-01-13,29.375,-1.875,3.116757
2001-01-14,29.375,-1.875,6.0758047
2001-01-15,29.375,-1.875,0.3861943
2001-01-16,29.375,-1.875,3.8952026
2001-01-17,29.375,-1.875,2.6833887
2001-01-18,29.375,-1.875,5.590698
2001-01-19,29.375,-1.875,0.33100176
2001-01-20,29.375,-1.875,9.901894
2001-01-21,29.375,-1.875,7.276381
2001-01-22,29.375,-1.875,29.636568
2001-01-23,29.375,-1.875,18.213438
2001-01-24,29.375,-1.875,5.047958
2001-01-25,29.375,-1.875,4.155195
2001-01-26,29.375,-1.875,8.910057
2001-01-27,29.375,-1.875,3.5412111
2001-01-28,29.375,-1.875,6.0103865
2001-01-29,29.375,-1.875,1.7202109
2001-01-30,29.375,-1.875,0.088600226
2001-01-31,29.375,-1.875,0.09479622
2001-02-01,29.375,-1.875,0.0
2001-02-02,29.375,-1.875,0.03280115
2001-02-03,29.375,-1.875,2.663652
2001-02-04,29.375,-1.875,5.093617
2001-02-05,29.375,-1.875,4.270633
2001-02-06,29.375,-1.875,4.5513687
2001-02-07,29.375,-1.875,18.512777
2001-02-08,29.375,-1.875,8.496591
2001-02-09,29.375,-1.875,9.262989
2001-02-10,29.375,-1.875,0.47959968
2001-02-11,29.375,-1.875,0.6064336
2001-02-12,29.375,-1.875,0.04719993
2001-02-13,29.375,-1.875,2.7676399
2001-02-14,29.375,-1.875,0.8088226
2001-02-15,29.375,-1.875,0.0
2001-02-16,29.375,-1.875,0.10759877
2001-02-17,29.375,-1.875,0.0
2001-02-18,29.375,-1.875,4.4069886
2001-02-19,29.375,-1.875,5.999298
2001-02-20,29.375,-1.875,0.013800102
2001-02-21,29.375,-1.875,1.1479762
2001-02-22,29.375,-1.875,0.039800458
2001-02-23,29.375,-1.875,2.8395936
2001-02-24,29.375,-1.875,0.0014000789
2001-02-25,29.375,-1.875,0.8159937
2001-02-26,29.375,-1.875,0.40478796
2001-02-27,29.375,-1.875,0.18160662
2001-02-28,29.375,-1.875,1.718194
2001-03-01,29.375,-1.875,2.7103698
2001-03-02,29.375,-1.875,0.0
2001-03-03,29.375,-1.875,0.8436142
2001-03-04,29.375,-1.875,0.0
2001-03-05,29.375,-1.875,2.7131114
2001-03-06,29.375,-1.875,4.646547
2001-03-07,29.375,-1.875,1.5989728
2001-03-08,29.375,-1.875,7.865247
2001-03-09,29.375,-1.875,11.868157
2001-03-10,29.375,-1.875,0.107801974
2001-03-11,29.375,-1.875,0.3811946
2001-03-12,29.375,-1.875,7.743605
2001-03-13,29.375,-1.875,0.20360556
2001-03-14,29.375,-1.875,3.928833
2001-03-15,29.375,-1.875,1.3085841
2001-03-16,29.375,-1.875,1.7629964
2001-03-17,29.375,-1.875,2.3332136
2001-03-18,29.375,-1.875,0.9307982
2001-03-19,29.375,-1.875,7.3550324
2001-03-20,29.375,-1.875,1.9027865
2001-03-21,29.375,-1.875,4.348131
2001-03-22,29.375,-1.875,2.7660308
2001-03-23,29.375,-1.875,6.130535
2001-03-24,29.375,-1.875,2.5463994
2001-03-25,29.375,-1.875,19.757843
2001-03-26,29.375,-1.875,14.578129
2001-03-27,29.375,-1.875,7.2441697
2001-03-28,29.375,-1.875,9.379173
2001-03-29,29.375,-1.875,2.2652206
2001-03-30,29.375,-1.875,11.757764
2001-03-31,29.375,-1.875,11.177084
2001-04-01,29.375,-1.875,15.667498
2001-04-02,29.375,-1.875,5.952506
2001-04-03,29.375,-1.875,1.604837
2001-04-04,29.375,-1.875,1.3752005
2001-04-05,29.375,-1.875,7.218361
2001-04-06,29.375,-1.875,10.63608
2001-04-07,29.375,-1.875,17.962925
2001-04-08,29.375,-1.875,4.063831
2001-04-09,29.375,-1.875,12.527765
2001-04-10,29.375,-1.875,7.321231
2001-04-11,29.375,-1.875,0.49680346
2001-04-12,29.375,-1.875,1.9208326
2001-04-13,29.375,-1.875,0.0
2001-04-14,29.375,-1.875,0.16460504
2001-04-15,29.375,-1.875,3.4384294
2001-04-16,29.375,-1.875,6.5597973
2001-04-17,29.375,-1.875,2.2171016
2001-04-18,29.375,-1.875,0.15079406
2001-04-19,29.375,-1.875,0.023999013
2001-04-20,29.375,-1.875,1.0625861
2001-04-21,29.375,-1.875,6.160213
2001-04-22,29.375,-1.875,4.745159
2001-04-23,29.375,-1.875,4.1959515
2001-04-24,29.375,-1.875,6.7457304
2001-04-25,29.375,-1.875,17.322048
2001-04-26,29.375,-1.875,2.8860452
2001-04-27,29.375,-1.875,9.195234
2001-04-28,29.375,-1.875,0.0
2001-04-29,29.375,-1.875,1.229033
2001-04-30,29.375,-1.875,10.925403
2001-05-01,29.375,-1.875,1.5533955
2001-05-02,29.375,-1.875,1.6190319
2001-05-03,29.375,-1.875,0.09580388
2001-05-04,29.375,-1.875,7.406143
2001-05-05,29.375,-1.875,3.8735678
2001-05-06,29.375,-1.875,12.204379
2001-05-07,29.375,-1.875,15.18926
2001-05-08,29.375,-1.875,2.2839894
2001-05-09,29.375,-1.875,2.4515715
2001-05-10,29.375,-1.875,3.8090525
2001-05-11,29.375,-1.875,0.24060927
2001-05-12,29.375,-1.875,0.06400081
2001-05-13,29.375,-1.875,0.5191988
2001-05-14,29.375,-1.875,6.556801
2001-05-15,29.375,-1.875,10.129995
2001-05-16,29.375,-1.875,5.616563
2001-05-17,29.375,-1.875,6.945674
2001-05-18,29.375,-1.875,7.7554193
2001-05-19,29.375,-1.875,0.49178672
2001-05-20,29.375,-1.875,0.070403285
2001-05-21,29.375,-1.875,0.8024103
2001-05-22,29.375,-1.875,7.082714
2001-05-23,29.375,-1.875,8.6226425
2001-05-24,29.375,-1.875,1.6839752
2001-05-25,29.375,-1.875,0.010399552
2001-05-26,29.375,-1.875,0.0
2001-05-27,29.375,-1.875,0.017200677
2001-05-28,29.375,-1.875,2.2396154
2001-05-29,29.375,-1.875,0.031000918
2001-05-30,29.375,-1.875,0.03200172
2001-05-31,29.375,-1.875,0.05480211
2001-06-01,29.375,-1.875,0.04059901
2001-06-02,29.375,-1.875,0.2686044
2001-06-03,29.375,-1.875,4.1346054
2001-06-04,29.375,-1.875,0.01599931
2001-06-05,29.375,-1.875,1.2483766
2001-06-06,29.375,-1.875,0.20040224
2001-06-07,29.375,-1.875,1.0651934
2001-06-08,29.375,-1.875,2.9465806
2001-06-09,29.375,-1.875,1.0766081
2001-06-10,29.375,-1.875,3.5261896
2001-06-11,29.375,-1.875,0.61560667
2001-06-12,29.375,-1.875,0.0
2001-06-13,29.375,-1.875,0.0
2001-06-14,29.375,-1.875,0.0
2001-06-15,29.375,-1.875,0.0
2001-06-16,29.375,-1.875,0.06280323
2001-06-17,29.375,-1.875,0.049001455
2001-06-18,29.375,-1.875,0.11180452
2001-06-19,29.375,-1.875,0.0007999655
2001-06-20,29.375,-1.875,1.6698236
2001-06-21,29.375,-1.875,0.725005
2001-06-22,29.375,-1.875,3.2354352
2001-06-23,29.375,-1.875,0.22019446
2001-06-24,29.375,-1.875,0.0
2001-06-25,29.375,-1.875,0.0
2001-06-26,29.375,-1.875,0.0
2001-06-27,29.375,-1.875,0.019599652
2001-06-28,29.375,-1.875,0.08739873
2001-06-29,29.375,-1.875,0.055401843
2001-06-30,29.375,-1.875,0.03999986
2001-07-01,29.375,-1.875,0.0
2001-07-02,29.375,-1.875,0.021401139
2001-07-03,29.375,-1.875,0.13980319
2001-07-04,29.375,-1.875,7.2143283
2001-07-05,29.375,-1.875,0.0
2001-07-06,29.375,-1.875,0.0
2001-07-07,29.375,-1.875,0.0
2001-07-08,29.375,-1.875,0.011600653
2001-07-09,29.375,-1.875,0.0
2001-07-10,29.375,-1.875,0.22220585
2001-07-11,29.375,-1.875,0.1260007
2001-07-12,29.375,-1.875,3.4258208
2001-07-13,29.375,-1.875,2.821576
2001-07-14,29.375,-1.875,0.0
2001-07-15,29.375,-1.875,0.029600788
2001-07-16,29.375,-1.875,0.0
2001-07-17,29.375,-1.875,0.040000644
2001-07-18,29.375,-1.875,2.2582216
2001-07-19,29.375,-1.875,2.9970183
2001-07-20,29.375,-1.875,13.6276455
2001-07-21,29.375,-1.875,2.7976098
2001-07-22,29.375,-1.875,32.615494
2001-07-23,29.375,-1.875,11.8036
2001-07-24,29.375,-1.875,0.0052001597
2001-07-25,29.375,-1.875,1.8287827
2001-07-26,29.375,-1.875,3.2817967
2001-07-27,29.375,-1.875,0.43298504
2001-07-28,29.375,-1.875,0.050399452
2001-07-29,29.375,-1.875,0.0
2001-07-30,29.375,-1.875,0.05520234
2001-07-31,29.375,-1.875,0.0
2001-08-01,29.375,-1.875,0.0
2001-08-02,29.375,-1.875,0.019199682
2001-08-03,29.375,-1.875,0.0
2001-08-04,29.375,-1.875,0.010399876
2001-08-05,29.375,-1.875,0.0
2001-08-06,29.375,-1.875,0.0
2001-08-07,29.375,-1.875,0.0012000676
2001-08-08,29.375,-1.875,0.025198914
2001-08-09,29.375,-1.875,3.298613
2001-08-10,29.375,-1.875,2.9524615
2001-08-11,29.375,-1.875,2.420997
2001-08-12,29.375,-1.875,4.4153776
2001-08-13,29.375,-1.875,4.6829996
2001-08-14,29.375,-1.875,0.34919637
2001-08-15,29.375,-1.875,0.014799594
2001-08-16,29.375,-1.875,24.177347
2001-08-17,29.375,-1.875,0.8013878
2001-08-18,29.375,-1.875,8.207721
2001-08-19,29.375,-1.875,0.12200687
2001-08-20,29.375,-1.875,0.14120099
2001-08-21,29.375,-1.875,0.957208
2001-08-22,29.375,-1.875,0.03399932
2001-08-23,29.375,-1.875,0.4236133
2001-08-24,29.375,-1.875,0.20080338
2001-08-25,29.375,-1.875,0.94363236
2001-08-26,29.375,-1.875,0.4582163
2001-08-27,29.375,-1.875,0.119596444
2001-08-28,29.375,-1.875,1.6845613
2001-08-29,29.375,-1.875,1.3138164
2001-08-30,29.375,-1.875,0.0
2001-08-31,29.375,-1.875,0.2055966
2001-09-01,29.375,-1.875,0.0016000106
2001-09-02,29.375,-1.875,0.49100438
2001-09-03,29.375,-1.875,0.51958275
2001-09-04,29.375,-1.875,5.2291083
2001-09-05,29.375,-1.875,0.10039991
2001-09-06,29.375,-1.875,4.221033
2001-09-07,29.375,-1.875,5.70027
2001-09-08,29.375,-1.875,0.3568058
2001-09-09,29.375,-1.875,1.1468319
2001-09-10,29.375,-1.875,10.95801
2001-09-11,29.375,-1.875,0.2794064
2001-09-12,29.375,-1.875,7.4047756
2001-09-13,29.375,-1.875,14.65134
2001-09-14,29.375,-1.875,0.57198894
2001-09-15,29.375,-1.875,2.0112066
2001-09-16,29.375,-1.875,2.2149906
2001-09-17,29.375,-1.875,1.3601972
2001-09-18,29.375,-1.875,38.301754
2001-09-19,29.375,-1.875,2.225157
2001-09-20,29.375,-1.875,30.562998
2001-09-21,29.375,-1.875,0.9988036
2001-09-22,29.375,-1.875,8.10189
2001-09-23,29.375,-1.875,0.841024
2001-09-24,29.375,-1.875,6.092036
2001-09-25,29.375,-1.875,4.71965
2001-09-26,29.375,-1.875,1.9311904
2001-09-27,29.375,-1.875,0.92257607
2001-09-28,29.375,-1.875,11.098646
2001-09-29,29.375,-1.875,0.9676147
2001-09-30,29.375,-1.875,0.008400101
2001-10-01,29.375,-1.875,0.059801813
2001-10-02,29.375,-1.875,0.45262325
2001-10-03,29.375,-1.875,3.8579795
2001-10-04,29.375,-1.875,1.9492446
2001-10-05,29.375,-1.875,0.56638277
2001-10-06,29.375,-1.875,0.69758296
2001-10-07,29.375,-1.875,3.8482733
2001-10-08,29.375,-1.875,6.6869297
2001-10-09,29.375,-1.875,5.6632195
2001-10-10,29.375,-1.875,7.7400317
2001-10-11,29.375,-1.875,12.87195
2001-10-12,29.375,-1.875,16.858055
2001-10-13,29.375,-1.875,11.586584
2001-10-14,29.375,-1.875,3.02343
2001-10-15,29.375,-1.875,1.1104476
2001-10-16,29.375,-1.875,0.23439693
2001-10-17,29.375,-1.875,1.4973947
2001-10-18,29.375,-1.875,2.3795776
2001-10-19,29.375,-1.875,6.0102363
2001-10-20,29.375,-1.875,0.49561256
2001-10-21,29.375,-1.875,2.0697985
2001-10-22,29.375,-1.875,1.7614383
2001-10-23,29.375,-1.875,3.4597645
2001-10-24,29.375,-1.875,7.6251526
2001-10-25,29.375,-1.875,13.508927
2001-10-26,29.375,-1.875,2.6619978
2001-10-27,29.375,-1.875,3.7304637
2001-10-28,29.375,-1.875,15.4077835
2001-10-29,29.375,-1.875,16.790806
2001-10-30,29.375,-1.875,22.032698
2001-10-31,29.375,-1.875,8.484571
2001-11-01,29.375,-1.875,6.224753
2001-11-02,29.375,-1.875,2.5343835
2001-11-03,29.375,-1.875,1.511591
2001-11-04,29.375,-1.875,3.819581
2001-11-05,29.375,-1.875,6.6817813
2001-11-06,29.375,-1.875,2.8059902
2001-11-07,29.375,-1.875,2.1853652
2001-11-08,29.375,-1.875,0.8750135
2001-11-09,29.375,-1.875,2.8117802
2001-11-10,29.375,-1.875,5.782223
2001-11-11,29.375,-1.875,13.639785
2001-11-12,29.375,-1.875,12.956303
2001-11-13,29.375,-1.875,39.60156
2001-11-14,29.375,-1.875,14.250186
2001-11-15,29.375,-1.875,11.027832
2001-11-16,29.375,-1.875,7.522677
2001-11-17,29.375,-1.875,10.422735
2001-11-18,29.375,-1.875,12.266882
2001-11-19,29.375,-1.875,16.852251
2001-11-20,29.375,-1.875,2.982062
2001-11-21,29.375,-1.875,4.25722
2001-11-22,29.375,-1.875,4.773612
2001-11-23,29.375,-1.875,0.27560657
2001-11-24,29.375,-1.875,0.15699504
2001-11-25,29.375,-1.875,0.94561315
2001-11-26,29.375,-1.875,0.022399776
2001-11-27,29.375,-1.875,1.4563873
2001-11-28,29.375,-1.875,4.644626
2001-11-29,29.375,-1.875,6.2769485
2001-11-30,29.375,-1.875,7.3134103
2001-12-01,29.375,-1.875,2.0212107
2001-12-02,29.375,-1.875,0.61399794
2001-12-03,29.375,-1.875,6.928516
2001-12-04,29.375,-1.875,7.1320033
2001-12-05,29.375,-1.875,7.656042
2001-12-06,29.375,-1.875,0.88320804
2001-12-07,29.375,-1.875,11.969753
2001-12-08,29.375,-1.875,0.63900685
2001-12-09,29.375,-1.875,3.1568537
2001-12-10,29.375,-1.875,0.02039924
2001-12-11,29.375,-1.875,1.1624441
2001-12-12,29.375,-1.875,1.0107974
2001-12-13,29.375,-1.875,5.9327636
2001-12-14,29.375,-1.875,0.49920613
2001-12-15,29.375,-1.875,0.015999727
2001-12-16,29.375,-1.875,0.19919626
2001-12-17,29.375,-1.875,0.027200786
2001-12-18,29.375,-1.875,0.0072001065
2001-12-19,29.375,-1.875,0.64840984
2001-12-20,29.375,-1.875,1.6690457
2001-12-21,29.375,-1.875,2.9402378
2001-12-22,29.375,-1.875,0.050400842
2001-12-23,29.375,-1.875,1.0627991
2001-12-24,29.375,-1.875,1.0254142
2001-12-25,29.375,-1.875,17.260796
2001-12-26,29.375,-1.875,13.002741
2001-12-27,29.375,-1.875,1.5498254
2001-12-28,29.375,-1.875,7.939356
2001-12-29,29.375,-1.875,17.088184
2001-12-30,29.375,-1.875,0.42320287
2001-12-31,29.375,-1.875,13.714525
2002-01-01,29.375,-1.875,3.678212
2002-01-02,29.375,-1.875,9.425636
2002-01-03,29.375,-1.875,21.324072
2002-01-04,29.375,-1.875,9.039434
2002-01-05,29.375,-1.875,2.4976256
2002-01-06,29.375,-1.875,10.590541
2002-01-07,29.375,-1.875,5.121347
2002-01-08,29.375,-1.875,0.504393
2002-01-09,29.375,-1.875,0.017400425
2002-01-10,29.375,-1.875,0.0
2002-01-11,29.375,-1.875,0.9028319
2002-01-12,29.375,-1.875,6.1117525
2002-01-13,29.375,-1.875,7.062272
2002-01-14,29.375,-1.875,6.1342516
2002-01-15,29.375,-1.875,14.176105
2002-01-16,29.375,-1.875,6.626562
2002-01-17,29.375,-1.875,1.3191725
2002-01-18,29.375,-1.875,15.291525
2002-01-19,29.375,-1.875,5.371484
2002-01-20,29.375,-1.875,6.368627
2002-01-21,29.375,-1.875,1.1508228
2002-01-22,29.375,-1.875,4.838828
2002-01-23,29.375,-1.875,16.383326
2002-01-24,29.375,-1.875,1.2844526
2002-01-25,29.375,-1.875,4.856959
2002-01-26,29.375,-1.875,10.908631
2002-01-27,29.375,-1.875,5.107408
2002-01-28,29.375,-1.875,1.0408008
2002-01-29,29.375,-1.875,4.073976
2002-01-30,29.375,-1.875,6.306088
2002-01-31,29.375,-1.875,0.3619905
2002-02-01,29.375,-1.875,0.0
2002-02-02,29.375,-1.875,0.003599845
2002-02-03,29.375,-1.875,1.1200022
2002-02-04,29.375,-1.875,0.45221123
2002-02-05,29.375,-1.875,0.44642198
2002-02-06,29.375,-1.875,1.4232311
2002-02-07,29.375,-1.875,1.3129959
2002-02-08,29.375,-1.875,14.76556
2002-02-09,29.375,-1.875,2.9955096
2002-02-10,29.375,-1.875,4.033175
2002-02-11,29.375,-1.875,5.03699
2002-02-12,29.375,-1.875,10.9332075
2002-02-13,29.375,-1.875,9.566685
2002-02-14,29.375,-1.875,3.2120438
2002-02-15,29.375,-1.875,1.6716329
2002-02-16,29.375,-1.875,8.612793
2002-02-17,29.375,-1.875,6.318807
2002-02-18,29.375,-1.875,1.3493745
2002-02-19,29.375,-1.875,5.120868
2002-02-20,29.375,-1.875,6.7594337
2002-02-21,29.375,-1.875,0.035200447
2002-02-22,29.375,-1.875,1.1247683
2002-02-23,29.375,-1.875,0.35480475
2002-02-24,29.375,-1.875,0.024799533
2002-02-25,29.375,-1.875,0.010400155
2002-02-26,29.375,-1.875,0.8055861
2002-02-27,29.375,-1.875,6.045749
2002-02-28,29.375,-1.875,16.124424
2002-03-01,29.375,-1.875,0.35560247
2002-03-02,29.375,-1.875,0.7738059
2002-03-03,29.375,-1.875,4.2067947
2002-03-04,29.375,-1.875,13.061896
2002-03-05,29.375,-1.875,6.249008
2002-03-06,29.375,-1.875,18.973265
2002-03-07,29.375,-1.875,7.729788
2002-03-08,29.375,-1.875,0.13259782
2002-03-09,29.375,-1.875,1.7073976
2002-03-10,29.375,-1.875,5.066994
2002-03-11,29.375,-1.875,3.4724543
2002-03-12,29.375,-1.875,27.699865
2002-03-13,29.375,-1.875,5.468558
2002-03-14,29.375,-1.875,1.2987969
2002-03-15,29.375,-1.875,1.4545875
2002-03-16,29.375,-1.875,10.611417
2002-03-17,29.375,-1.875,1.5048026
2002-03-18,29.375,-1.875,0.14720246
2002-03-19,29.375,-1.875,2.9481926
2002-03-20,29.375,-1.875,5.2028174
2002-03-21,29.375,-1.875,1.08779
2002-03-22,29.375,-1.875,0.50600964
2002-03-23,29.375,-1.875,0.49842334
2002-03-24,29.375,-1.875,2.3012314
2002-03-25,29.375,-1.875,4.612612
2002-03-26,29.375,-1.875,7.2987733
2002-03-27,29.375,-1.875,0.03599979
2002-03-28,29.375,-1.875,0.038399182
2002-03-29,29.375,-1.875,1.0898036
2002-03-30,29.375,-1.875,0.50979835
2002-03-31,29.375,-1.875,0.05119793
2002-04-01,29.375,-1.875,2.0834436
2002-04-02,29.375,-1.875,0.23300165
2002-04-03,29.375,-1.875,3.3895059
2002-04-04,29.375,-1.875,1.5751921
2002-04-05,29.375,-1.875,10.891536
2002-04-06,29.375,-1.875,0.96779186
2002-04-07,29.375,-1.875,0.15339941
2002-04-08,29.375,-1.875,0.21500663
2002-04-09,29.375,-1.875,1.7836193
2002-04-10,29.375,-1.875,0.6204057
2002-04-11,29.375,-1.875,14.759427
2002-04-12,29.375,-1.875,3.1316018
2002-04-13,29.375,-1.875,1.2105997
2002-04-14,29.375,-1.875,0.8971986
2002-04-15,29.375,-1.875,12.949813
2002-04-16,29.375,-1.875,0.20020553
2002-04-17,29.375,-1.875,1.1902239
2002-04-18,29.375,-1.875,11.599285
2002-04-19,29.375,-1.875,2.97933
2002-04-20,29.375,-1.875,1.7639911
2002-04-21,29.375,-1.875,6.4375863
2002-04-22,29.375,-1.875,3.9566188
2002-04-23,29.375,-1.875,9.753909
2002-04-24,29.375,-1.875,0.061199933
2002-04-25,29.375,-1.875,0.59678817
2002-04-26,29.375,-1.875,6.811447
2002-04-27,29.375,-1.875,12.203244
2002-04-28,29.375,-1.875,8.745799
2002-04-29,29.375,-1.875,30.541964
2002-04-30,29.375,-1.875,14.286464
2002-05-01,29.375,-1.875,7.1956387
2002-05-02,29.375,-1.875,7.1326056
2002-05-03,29.375,-1.875,44.08239
2002-05-04,29.375,-1.875,21.949535
2002-05-05,29.375,-1.875,12.750106
2002-05-06,29.375,-1.875,7.8776584
2002-05-07,29.375,-1.875,5.591215
2002-05-08,29.375,-1.875,15.201292
2002-05-09,29.375,-1.875,3.32808
2002-05-10,29.375,-1.875,8.6908
2002-05-11,29.375,-1.875,6.139482
2002-05-12,29.375,-1.875,0.14119954
2002-05-13,29.375,-1.875,6.7061167
2002-05-14,29.375,-1.875,10.169744
2002-05-15,29.375,-1.875,0.08860253
2002-05-16,29.375,-1.875,2.0578039
2002-05-17,29.375,-1.875,1.4126401
2002-05-18,29.375,-1.875,0.27199453
2002-05-19,29.375,-1.875,0.19180277
2002-05-20,29.375,-1.875,0.15020324
2002-05-21,29.375,-1.875,0.0
2002-05-22,29.375,-1.875,0.04319962
2002-05-23,29.375,-1.875,0.034399584
2002-05-24,29.375,-1.875,0.02300026
2002-05-25,29.375,-1.875,0.24900043
2002-05-26,29.375,-1.875,0.40379202
2002-05-27,29.375,-1.875,4.877225
2002-05-28,29.375,-1.875,7.8820515
2002-05-29,29.375,-1.875,0.9349972
2002-05-30,29.375,-1.875,0.38581493
2002-05-31,29.375,-1.875,0.0010000563
2002-06-01,29.375,-1.875,0.0
2002-06-02,29.375,-1.875,0.0
2002-06-03,29.375,-1.875,0.0
2002-06-04,29.375,-1.875,0.0
2002-06-05,29.375,-1.875,0.0
2002-06-06,29.375,-1.875,0.0
2002-06-07,29.375,-1.875,0.04600093
2002-06-08,29.375,-1.875,0.022800488
2002-06-09,29.375,-1.875,0.0
2002-06-10,29.375,-1.875,0.0
2002-06-11,29.375,-1.875,0.0
2002-06-12,29.375,-1.875,0.018999288
2002-06-13,29.375,-1.875,0.03319893
2002-06-14,29.375,-1.875,0.0007999655
2002-06-15,29.375,-1.875,0.0
2002-06-16,29.375,-1.875,0.009600123
2002-06-17,29.375,-1.875,1.8623791
2002-06-18,29.375,-1.875,0.14619675
2002-06-19,29.375,-1.875,0.23040369
2002-06-20,29.375,-1.875,0.3642059
2002-06-21,29.375,-1.875,0.030600708
2002-06-22,29.375,-1.875,0.0
2002-06-23,29.375,-1.875,0.0
2002-06-24,29.375,-1.875,0.0
2002-06-25,29.375,-1.875,0.0
2002-06-26,29.375,-1.875,0.30180728
2002-06-27,29.375,-1.875,0.7631921
2002-06-28,29.375,-1.875,0.17919265
2002-06-29,29.375,-1.875,0.040398262
2002-06-30,29.375,-1.875,0.0
2002-07-01,29.375,-1.875,0.8688021
2002-07-02,29.375,-1.875,2.3035977
2002-07-03,29.375,-1.875,0.0032000807
2002-07-04,29.375,-1.875,0.0
2002-07-05,29.375,-1.875,0.0
2002-07-06,29.375,-1.875,0.0
2002-07-07,29.375,-1.875,0.0
2002-07-08,29.375,-1.875,0.0
2002-07-09,29.375,-1.875,0.0
2002-07-10,29.375,-1.875,0.0
2002-07-11,29.375,-1.875,0.0
2002-07-12,29.375,-1.875,0.0
2002-07-13,29.375,-1.875,0.00040002255
2002-07-14,29.375,-1.875,0.8345927
2002-07-15,29.375,-1.875,0.0059998673
2002-07-16,29.375,-1.875,0.098002166
2002-07-17,29.375,-1.875,1.081426
2002-07-18,29.375,-1.875,2.2459922
2002-07-19,29.375,-1.875,0.9480402
2002-07-20,29.375,-1.875,0.79438466
2002-07-21,29.375,-1.875,0.022001239
2002-07-22,29.375,-1.875,0.013200067
2002-07-23,29.375,-1.875,0.0
2002-07-24,29.375,-1.875,0.0
2002-07-25,29.375,-1.875,0.0
2002-07-26,29.375,-1.875,0.0
2002-07-27,29.375,-1.875,0.0036002027
2002-07-28,29.375,-1.875,0.0
2002-07-29,29.375,-1.875,0.0
2002-07-30,29.375,-1.875,0.0
2002-07-31,29.375,-1.875,0.0071997363
2002-08-01,29.375,-1.875,0.052598167
2002-08-02,29.375,-1.875,0.0
2002-08-03,29.375,-1.875,0.15299925
2002-08-04,29.375,-1.875,4.644155
2002-08-05,29.375,-1.875,3.8873827
2002-08-06,29.375,-1.875,0.09080312
2002-08-07,29.375,-1.875,0.275015
2002-08-08,29.375,-1.875,0.042200036
2002-08-09,29.375,-1.875,0.031199126
2002-08-10,29.375,-1.875,0.0055997586
2002-08-11,29.375,-1.875,0.0
2002-08-12,29.375,-1.875,0.0
2002-08-13,29.375,-1.875,0.37599018
2002-08-14,29.375,-1.875,0.0
2002-08-15,29.375,-1.875,0.015200226
2002-08-16,29.375,-1.875,0.0
2002-08-17,29.375,-1.875,0.9372393
2002-08-18,29.375,-1.875,0.0
2002-08-19,29.375,-1.875,0.0
2002-08-20,29.375,-1.875,0.0023998965
2002-08-21,29.375,-1.875,0.02360133
2002-08-22,29.375,-1.875,0.22080165
2002-08-23,29.375,-1.875,0.41999006
2002-08-24,29.375,-1.875,2.0660214
2002-08-25,29.375,-1.875,1.9153992
2002-08-26,29.375,-1.875,1.5039818
2002-08-27,29.375,-1.875,6.7619724
2002-08-28,29.375,-1.875,0.28600606
2002-08-29,29.375,-1.875,3.5293357
2002-08-30,29.375,-1.875,1.0332233
2002-08-31,29.375,-1.875,5.6342125
2002-09-01,29.375,-1.875,1.8652177
2002-09-02,29.375,-1.875,4.297795
2002-09-03,29.375,-1.875,0.64462173
2002-09-04,29.375,-1.875,3.2379115
2002-09-05,29.375,-1.875,0.3039869
2002-09-06,29.375,-1.875,0.7138318
2002-09-07,29.375,-1.875,10.7969
2002-09-08,29.375,-1.875,0.37499678
2002-09-09,29.375,-1.875,13.344524
2002-09-10,29.375,-1.875,2.396517
2002-09-11,29.375,-1.875,0.4666148
2002-09-12,29.375,-1.875,0.06919937
2002-09-13,29.375,-1.875,0.3218041
2002-09-14,29.375,-1.875,2.5668008
2002-09-15,29.375,-1.875,0.84701604
2002-09-16,29.375,-1.875,0.46200067
2002-09-17,29.375,-1.875,0.08759825
2002-09-18,29.375,-1.875,0.0011999483
2002-09-19,29.375,-1.875,0.6257948
2002-09-20,29.375,-1.875,0.42920977
2002-09-21,29.375,-1.875,0.1418008
2002-09-22,29.375,-1.875,0.35340282
2002-09-23,29.375,-1.875,0.23100546
2002-09-24,29.375,-1.875,3.1450608
2002-09-25,29.375,-1.875,0.6469844
2002-09-26,29.375,-1.875,1.1076268
2002-09-27,29.375,-1.875,0.016800482
2002-09-28,29.375,-1.875,0.123997524
2002-09-29,29.375,-1.875,0.13480276
2002-09-30,29.375,-1.875,2.862022
2002-10-01,29.375,-1.875,10.129475
2002-10-02,29.375,-1.875,2.356036
2002-10-03,29.375,-1.875,0.85382617
2002-10-04,29.375,-1.875,2.0173697
2002-10-05,29.375,-1.875,4.2050805
2002-10-06,29.375,-1.875,3.406683
2002-10-07,29.375,-1.875,0.0052002934
2002-10-08,29.375,-1.875,2.0771992
2002-10-09,29.375,-1.875,5.9479117
2002-10-10,29.375,-1.875,6.073757
2002-10-11,29.375,-1.875,0.44059214
2002-10-12,29.375,-1.875,0.2156069
2002-10-13,29.375,-1.875,0.45979998
2002-10-14,29.375,-1.875,1.7081937
2002-10-15,29.375,-1.875,3.5917287
2002-10-16,29.375,-1.875,7.422574
2002-10-17,29.375,-1.875,17.687342
2002-10-18,29.375,-1.875,1.2890309
2002-10-19,29.375,-1.875,13.030045
2002-10-20,29.375,-1.875,17.549576
2002-10-21,29.375,-1.875,0.5150188
2002-10-22,29.375,-1.875,0.38321155
2002-10-23,29.375,-1.875,1.2974033
2002-10-24,29.375,-1.875,5.755811
2002-10-25,29.375,-1.875,1.2161639
2002-10-26,29.375,-1.875,0.6326053
2002-10-27,29.375,-1.875,3.6707606
2002-10-28,29.375,-1.875,5.0807934
2002-10-29,29.375,-1.875,0.3311961
2002-10-30,29.375,-1.875,20.84679
2002-10-31,29.375,-1.875,0.2926064
2002-11-01,29.375,-1.875,8.302359
2002-11-02,29.375,-1.875,3.5436301
2002-11-03,29.375,-1.875,1.1282077
2002-11-04,29.375,-1.875,1.4265932
2002-11-05,29.375,-1.875,6.89525
2002-11-06,29.375,-1.875,9.835286
2002-11-07,29.375,-1.875,4.1316433
2002-11-08,29.375,-1.875,2.277856
2002-11-09,29.375,-1.875,1.7480274
2002-11-10,29.375,-1.875,10.935902
2002-11-11,29.375,-1.875,1.536618
2002-11-12,29.375,-1.875,0.09680147
2002-11-13,29.375,-1.875,3.5250027
2002-11-14,29.375,-1.875,6.9845595
2002-11-15,29.375,-1.875,20.602274
2002-11-16,29.375,-1.875,1.1517756
2002-11-17,29.375,-1.875,12.742645
2002-11-18,29.375,-1.875,1.9667875
2002-11-19,29.375,-1.875,14.026363
2002-11-20,29.375,-1.875,2.2944
2002-11-21,29.375,-1.875,3.3191776
2002-11-22,29.375,-1.875,3.0791397
2002-11-23,29.375,-1.875,2.8340206
2002-11-24,29.375,-1.875,1.5656269
2002-11-25,29.375,-1.875,4.126543
2002-11-26,29.375,-1.875,2.6792893
2002-11-27,29.375,-1.875,0.30620337
2002-11-28,29.375,-1.875,1.7974051
2002-11-29,29.375,-1.875,1.7390398
2002-11-30,29.375,-1.875,0.07700301
2002-12-01,29.375,-1.875,0.004399857
2002-12-02,29.375,-1.875,1.6375883
2002-12-03,29.375,-1.875,3.5834994
2002-12-04,29.375,-1.875,1.2695819
2002-12-05,29.375,-1.875,1.949573
2002-12-06,29.375,-1.875,1.0919974
2002-12-07,29.375,-1.875,0.42019892
2002-12-08,29.375,-1.875,0.14340636
2002-12-09,29.375,-1.875,0.9503858
2002-12-10,29.375,-1.875,6.1373444
2002-12-11,29.375,-1.875,0.40521237
2002-12-12,29.375,-1.875,4.3988914
2002-12-13,29.375,-1.875,2.4230077
2002-12-14,29.375,-1.875,0.62959033
2002-12-15,29.375,-1.875,4.153371
2002-12-16,29.375,-1.875,3.0272627
2002-12-17,29.375,-1.875,6.4782505
2002-12-18,29.375,-1.875,8.466086
2002-12-19,29.375,-1.875,3.0160348
2002-12-20,29.375,-1.875,6.317167
2002-12-21,29.375,-1.875,19.658916
2002-12-22,29.375,-1.875,1.9398078
2002-12-23,29.375,-1.875,13.10604
2002-12-24,29.375,-1.875,4.5142736
2002-12-25,29.375,-1.875,4.41033
2002-12-26,29.375,-1.875,15.702839
2002-12-27,29.375,-1.875,8.551597
2002-12-28,29.375,-1.875,2.8025434
2002-12-29,29.375,-1.875,1.778202
2002-12-30,29.375,-1.875,0.0008000451
2002-12-31,29.375,-1.875,5.2463293
2003-01-01,29.375,-1.875,1.0416164
2003-01-02,29.375,-1.875,2.0439363
2003-01-03,29.375,-1.875,3.5536468
2003-01-04,29.375,-1.875,0.28160554
2003-01-05,29.375,-1.875,0.018000491
2003-01-06,29.375,-1.875,1.5669723
2003-01-07,29.375,-1.875,1.4778146
2003-01-08,29.375,-1.875,2.129168
2003-01-09,29.375,-1.875,2.215772
2003-01-10,29.375,-1.875,0.27919745
2003-01-11,29.375,-1.875,1.1930286
2003-01-12,29.375,-1.875,0.08519784
2003-01-13,29.375,-1.875,0.022600576
2003-01-14,29.375,-1.875,0.011199597
2003-01-15,29.375,-1.875,0.00960005
2003-01-16,29.375,-1.875,2.978035
2003-01-17,29.375,-1.875,0.7408111
2003-01-18,29.375,-1.875,0.09079871
2003-01-19,29.375,-1.875,14.491303
2003-01-20,29.375,-1.875,46.133434
2003-01-21,29.375,-1.875,8.353209
2003-01-22,29.375,-1.875,2.5758288
2003-01-23,29.375,-1.875,2.3583732
2003-01-24,29.375,-1.875,0.66540223
2003-01-25,29.375,-1.875,0.009000191
2003-01-26,29.375,-1.875,0.348408
2003-01-27,29.375,-1.875,0.004800271
2003-01-28,29.375,-1.875,3.9886446
2003-01-29,29.375,-1.875,8.702865
2003-01-30,29.375,-1.875,1.0159912
2003-01-31,29.375,-1.875,0.022399545
2003-02-01,29.375,-1.875,0.01740025
2003-02-02,29.375,-1.875,0.0
2003-02-03,29.375,-1.875,0.0
2003-02-04,29.375,-1.875,0.0
2003-02-05,29.375,-1.875,1.8139243
2003-02-06,29.375,-1.875,0.7604364
2003-02-07,29.375,-1.875,10.43779
2003-02-08,29.375,-1.875,0.34739524
2003-02-09,29.375,-1.875,3.3616705
2003-02-10,29.375,-1.875,2.4999204
2003-02-11,29.375,-1.875,7.1598253
2003-02-12,29.375,-1.875,4.2920117
2003-02-13,29.375,-1.875,4.723351
2003-02-14,29.375,-1.875,5.5067616
2003-02-15,29.375,-1.875,5.315789
2003-02-16,29.375,-1.875,5.9766493
2003-02-17,29.375,-1.875,3.6903458
2003-02-18,29.375,-1.875,12.918226
2003-02-19,29.375,-1.875,0.0
2003-02-20,29.375,-1.875,0.0
2003-02-21,29.375,-1.875,0.2998007
2003-02-22,29.375,-1.875,0.7676092
2003-02-23,29.375,-1.875,0.020800602
2003-02-24,29.375,-1.875,0.031999186
2003-02-25,29.375,-1.875,1.1542456
2003-02-26,29.375,-1.875,15.2861185
2003-02-27,29.375,-1.875,2.3235648
2003-02-28,29.375,-1.875,10.112862
2003-03-01,29.375,-1.875,0.40059206
2003-03-02,29.375,-1.875,2.8004632
2003-03-03,29.375,-1.875,1.3398371
2003-03-04,29.375,-1.875,0.11920233
2003-03-05,29.375,-1.875,0.0
2003-03-06,29.375,-1.875,1.9541903
2003-03-07,29.375,-1.875,2.0740225
2003-03-08,29.375,-1.875,4.094758
2003-03-09,29.375,-1.875,1.8071835
2003-03-10,29.375,-1.875,4.5505924
2003-03-11,29.375,-1.875,0.21199301
2003-03-12,29.375,-1.875,7.909718
2003-03-13,29.375,-1.875,0.730005
2003-03-14,29.375,-1.875,0.02200057
2003-03-15,29.375,-1.875,2.9708023
2003-03-16,29.375,-1.875,1.8723778
2003-03-17,29.375,-1.875,0.20919794
2003-03-18,29.375,-1.875,1.4683976
2003-03-19,29.375,-1.875,0.02980126
2003-03-20,29.375,-1.875,0.49918044
2003-03-21,29.375,-1.875,3.345827
2003-03-22,29.375,-1.875,5.710515
2003-03-23,29.375,-1.875,14.600903
2003-03-24,29.375,-1.875,20.13265
2003-03-25,29.375,-1.875,6.9259605
2003-03-26,29.375,-1.875,1.4358455
2003-03-27,29.375,-1.875,8.075253
2003-03-28,29.375,-1.875,6.149997
2003-03-29,29.375,-1.875,0.9162044
2003-03-30,29.375,-1.875,2.0873837
2003-03-31,29.375,-1.875,14.958381
2003-04-01,29.375,-1.875,13.998637
2003-04-02,29.375,-1.875,3.7555943
2003-04-03,29.375,-1.875,1.952215
2003-04-04,29.375,-1.875,2.4513958
2003-04-05,29.375,-1.875,2.0743682
2003-04-06,29.375,-1.875,4.8496265
2003-04-07,29.375,-1.875,0.4179942
2003-04-08,29.375,-1.875,2.568206
2003-04-09,29.375,-1.875,1.0593858
2003-04-10,29.375,-1.875,0.76437587
2003-04-11,29.375,-1.875,4.561325
2003-04-12,29.375,-1.875,2.1371374
2003-04-13,29.375,-1.875,8.913588
2003-04-14,29.375,-1.875,8.142855
2003-04-15,29.375,-1.875,2.994224
2003-04-16,29.375,-1.875,10.59351
2003-04-17,29.375,-1.875,8.818443
2003-04-18,29.375,-1.875,13.885322
2003-04-19,29.375,-1.875,1.3056304
2003-04-20,29.375,-1.875,14.232565
2003-04-21,29.375,-1.875,11.975676
2003-04-22,29.375,-1.875,11.612662
2003-04-23,29.375,-1.875,11.491869
2003-04-24,29.375,-1.875,1.9852122
2003-04-25,29.375,-1.875,5.4328413
2003-04-26,29.375,-1.875,4.7686033
2003-04-27,29.375,-1.875,16.685387
2003-04-28,29.375,-1.875,1.3847927
2003-04-29,29.375,-1.875,2.403158
2003-04-30,29.375,-1.875,4.7701936
2003-05-01,29.375,-1.875,20.313663
2003-05-02,29.375,-1.875,7.7537403
2003-05-03,29.375,-1.875,7.7384424
2003-05-04,29.375,-1.875,5.806498
2003-05-05,29.375,-1.875,10.019536
2003-05-06,29.375,-1.875,5.189666
2003-05-07,29.375,-1.875,1.6667722
2003-05-08,29.375,-1.875,1.6995603
2003-05-09,29.375,-1.875,4.731418
2003-05-10,29.375,-1.875,17.95073
2003-05-11,29.375,-1.875,17.375154
2003-05-12,29.375,-1.875,3.0815337
2003-05-13,29.375,-1.875,11.732329
2003-05-14,29.375,-1.875,2.0592206
2003-05-15,29.375,-1.875,5.764305
2003-05-16,29.375,-1.875,1.3569844
2003-05-17,29.375,-1.875,0.13120344
2003-05-18,29.375,-1.875,0.047801778
2003-05-19,29.375,-1.875,0.36379942
2003-05-20,29.375,-1.875,0.21439573
2003-05-21,29.375,-1.875,0.157801
2003-05-22,29.375,-1.875,4.626588
2003-05-23,29.375,-1.875,1.4506302
2003-05-24,29.375,-1.875,0.25300607
2003-05-25,29.375,-1.875,1.463615
2003-05-26,29.375,-1.875,2.0088477
2003-05-27,29.375,-1.875,5.0340176
2003-05-28,29.375,-1.875,6.5251884
2003-05-29,29.375,-1.875,0.07040284
2003-05-30,29.375,-1.875,0.18859948
2003-05-31,29.375,-1.875,0.022000276
2003-06-01,29.375,-1.875,0.030400451
2003-06-02,29.375,-1.875,0.0016000902
2003-06-03,29.375,-1.875,0.018201025
2003-06-04,29.375,-1.875,3.4224305
2003-06-05,29.375,-1.875,7.4732647
2003-06-06,29.375,-1.875,1.1991831
2003-06-07,29.375,-1.875,0.0597992
2003-06-08,29.375,-1.875,1.1587739
2003-06-09,29.375,-1.875,0.047201797
2003-06-10,29.375,-1.875,3.425446
2003-06-11,29.375,-1.875,0.1995987
2003-06-12,29.375,-1.875,0.058400758
2003-06-13,29.375,-1.875,0.0
2003-06-14,29.375,-1.875,0.031199628
2003-06-15,29.375,-1.875,0.04360246
2003-06-16,29.375,-1.875,0.11800218
2003-06-17,29.375,-1.875,0.010799535
2003-06-18,29.375,-1.875,0.068799525
2003-06-19,29.375,-1.875,0.12280133
2003-06-20,29.375,-1.875,0.052800704
2003-06-21,29.375,-1.875,0.0
2003-06-22,29.375,-1.875,0.037600532
2003-06-23,29.375,-1.875,0.0050000395
2003-06-24,29.375,-1.875,0.039200425
2003-06-25,29.375,-1.875,2.295197
2003-06-26,29.375,-1.875,1.5542098
2003-06-27,29.375,-1.875,3.4677894
2003-06-28,29.375,-1.875,7.563916
2003-06-29,29.375,-1.875,3.861411
2003-06-30,29.375,-1.875,0.027601555
2003-07-01,29.375,-1.875,0.68083835
2003-07-02,29.375,-1.875,0.017400846
2003-07-03,29.375,-1.875,0.035799693
2003-07-04,29.375,-1.875,0.31740755
2003-07-05,29.375,-1.875,6.1366944
2003-07-06,29.375,-1.875,1.4507512
2003-07-07,29.375,-1.875,0.0
2003-07-08,29.375,-1.875,0.0
2003-07-09,29.375,-1.875,0.035199016
2003-07-10,29.375,-1.875,0.007200406
2003-07-11,29.375,-1.875,0.0012000676
2003-07-12,29.375,-1.875,0.0
2003-07-13,29.375,-1.875,0.0
2003-07-14,29.375,-1.875,0.0
2003-07-15,29.375,-1.875,0.0
2003-07-16,29.375,-1.875,0.030601725
2003-07-17,29.375,-1.875,0.044799276
2003-07-18,29.375,-1.875,0.0
2003-07-19,29.375,-1.875,0.0
2003-07-20,29.375,-1.875,1.041018
2003-07-21,29.375,-1.875,0.13420756
2003-07-22,29.375,-1.875,0.0095998645
2003-07-23,29.375,-1.875,0.022800308
2003-07-24,29.375,-1.875,0.0
2003-07-25,29.375,-1.875,0.0
2003-07-26,29.375,-1.875,0.0
2003-07-27,29.375,-1.875,0.0
2003-07-28,29.375,-1.875,0.0
2003-07-29,29.375,-1.875,0.0
2003-07-30,29.375,-1.875,0.0
2003-07-31,29.375,-1.875,4.467211
2003-08-01,29.375,-1.875,0.024200935
2003-08-02,29.375,-1.875,0.0
2003-08-03,29.375,-1.875,0.0
2003-08-04,29.375,-1.875,0.0
2003-08-05,29.375,-1.875,4.2016563
2003-08-06,29.375,-1.875,0.0026001465
2003-08-07,29.375,-1.875,0.0
2003-08-08,29.375,-1.875,0.0
2003-08-09,29.375,-1.875,0.0
2003-08-10,29.375,-1.875,0.02519967
2003-08-11,29.375,-1.875,0.05139906
2003-08-12,29.375,-1.875,0.0
2003-08-13,29.375,-1.875,0.6158181
2003-08-14,29.375,-1.875,3.3332186
2003-08-15,29.375,-1.875,0.74762124
2003-08-16,29.375,-1.875,0.0
2003-08-17,29.375,-1.875,0.106003694
2003-08-18,29.375,-1.875,0.031599913
2003-08-19,29.375,-1.875,0.49442038
2003-08-20,29.375,-1.875,8.683456
2003-08-21,29.375,-1.875,1.2392335
2003-08-22,29.375,-1.875,6.294272
2003-08-23,29.375,-1.875,0.0
2003-08-24,29.375,-1.875,0.0
2003-08-25,29.375,-1.875,0.39238966
2003-08-26,29.375,-1.875,1.1063999
2003-08-27,29.375,-1.875,11.949419
2003-08-28,29.375,-1.875,6.9963765
2003-08-29,29.375,-1.875,0.0075999117
2003-08-30,29.375,-1.875,0.0
2003-08-31,29.375,-1.875,1.2688262
2003-09-01,29.375,-1.875,0.21860291
2003-09-02,29.375,-1.875,1.3670061
2003-09-03,29.375,-1.875,8.299011
2003-09-04,29.375,-1.875,7.4833326
2003-09-05,29.375,-1.875,4.1559033
2003-09-06,29.375,-1.875,25.744844
2003-09-07,29.375,-1.875,0.46041483
2003-09-08,29.375,-1.875,1.5740303
2003-09-09,29.375,-1.875,1.8633853
2003-09-10,29.375,-1.875,18.819473
2003-09-11,29.375,-1.875,12.576868
2003-09-12,29.375,-1.875,1.0029896
2003-09-13,29.375,-1.875,1.9899869
2003-09-14,29.375,-1.875,6.740055
2003-09-15,29.375,-1.875,10.234855
2003-09-16,29.375,-1.875,3.542547
2003-09-17,29.375,-1.875,5.6191916
2003-09-18,29.375,-1.875,0.78902054
2003-09-19,29.375,-1.875,12.454685
2003-09-20,29.375,-1.875,0.8217891
2003-09-21,29.375,-1.875,1.6603799
2003-09-22,29.375,-1.875,4.0122337
2003-09-23,29.375,-1.875,1.6775885
2003-09-24,29.375,-1.875,5.381522
2003-09-25,29.375,-1.875,1.3202064
2003-09-26,29.375,-1.875,0.1232005
2003-09-27,29.375,-1.875,0.6838019
2003-09-28,29.375,-1.875,1.0242218
2003-09-29,29.375,-1.875,2.2302113
2003-09-30,29.375,-1.875,0.099805616
2003-10-01,29.375,-1.875,2.4030604
2003-10-02,29.375,-1.875,18.30945
2003-10-03,29.375,-1.875,9.095089
2003-10-04,29.375,-1.875,6.604592
2003-10-05,29.375,-1.875,1.1450039
2003-10-06,29.375,-1.875,10.612581
2003-10-07,29.375,-1.875,16.198982
2003-10-08,29.375,-1.875,4.7233777
2003-10-09,29.375,-1.875,0.17459804
2003-10-10,29.375,-1.875,2.7091565
2003-10-11,29.375,-1.875,0.0
2003-10-12,29.375,-1.875,0.16800067
2003-10-13,29.375,-1.875,0.35540545
2003-10-14,29.375,-1.875,24.51318
2003-10-15,29.375,-1.875,3.7339938
2003-10-16,29.375,-1.875,9.135425
2003-10-17,29.375,-1.875,1.7458608
2003-10-18,29.375,-1.875,1.9008178
2003-10-19,29.375,-1.875,19.747675
2003-10-20,29.375,-1.875,3.5268652
2003-10-21,29.375,-1.875,0.39561334
2003-10-22,29.375,-1.875,1.1364086
2003-10-23,29.375,-1.875,2.327734
2003-10-24,29.375,-1.875,4.7967014
2003-10-25,29.375,-1.875,2.9088466
2003-10-26,29.375,-1.875,5.4186583
2003-10-27,29.375,-1.875,8.033124
2003-10-28,29.375,-1.875,1.2419797
2003-10-29,29.375,-1.875,21.421846
2003-10-30,29.375,-1.875,1.436995
2003-10-31,29.375,-1.875,2.062597
2003-11-01,29.375,-1.875,7.5249395
2003-11-02,29.375,-1.875,9.561404
2003-11-03,29.375,-1.875,10.096551
2003-11-04,29.375,-1.875,12.639822
2003-11-05,29.375,-1.875,5.2532673
2003-11-06,29.375,-1.875,2.940966
2003-11-07,29.375,-1.875,0.2652111
2003-11-08,29.375,-1.875,2.1031785
2003-11-09,29.375,-1.875,0.45119402
2003-11-10,29.375,-1.875,7.500475
2003-11-11,29.375,-1.875,1.7211515
2003-11-12,29.375,-1.875,0.07579723
2003-11-13,29.375,-1.875,3.9940002
2003-11-14,29.375,-1.875,8.327986
2003-11-15,29.375,-1.875,0.95580053
2003-11-16,29.375,-1.875,1.964455
2003-11-17,29.375,-1.875,0.03219863
2003-11-18,29.375,-1.875,0.40439412
2003-11-19,29.375,-1.875,0.033399228
2003-11-20,29.375,-1.875,2.6477823
2003-11-21,29.375,-1.875,3.5766077
2003-11-22,29.375,-1.875,1.7625679
2003-11-23,29.375,-1.875,4.216806
2003-11-24,29.375,-1.875,3.318594
2003-11-25,29.375,-1.875,0.6215986
2003-11-26,29.375,-1.875,2.1136057
2003-11-27,29.375,-1.875,3.4745522
2003-11-28,29.375,-1.875,2.7039971
2003-11-29,29.375,-1.875,0.38539708
2003-11-30,29.375,-1.875,4.326965
2003-12-01,29.375,-1.875,6.2967677
2003-12-02,29.375,-1.875,5.9726205
2003-12-03,29.375,-1.875,1.0387957
2003-12-04,29.375,-1.875,0.51079345
2003-12-05,29.375,-1.875,0.46959347
2003-12-06,29.375,-1.875,11.23554
2003-12-07,29.375,-1.875,1.7646
2003-12-08,29.375,-1.875,0.9634187
2003-12-09,29.375,-1.875,4.3542056
2003-12-10,29.375,-1.875,10.903858
2003-12-11,29.375,-1.875,5.870137
2003-12-12,29.375,-1.875,3.9096682
2003-12-13,29.375,-1.875,12.631578
2003-12-14,29.375,-1.875,1.0073998
2003-12-15,29.375,-1.875,0.30700347
2003-12-16,29.375,-1.875,0.19559635
2003-12-17,29.375,-1.875,0.15380126
2003-12-18,29.375,-1.875,0.5444002
2003-12-19,29.375,-1.875,11.62888
2003-12-20,29.375,-1.875,2.2340398
2003-12-21,29.375,-1.875,0.2635983
2003-12-22,29.375,-1.875,0.34081176
2003-12-23,29.375,-1.875,0.13380054
2003-12-24,29.375,-1.875,2.024972
2003-12-25,29.375,-1.875,0.0
2003-12-26,29.375,-1.875,0.037600823
2003-12-27,29.375,-1.875,0.008799853
2003-12-28,29.375,-1.875,0.1171997
2003-12-29,29.375,-1.875,0.4150082
2003-12-30,29.375,-1.875,0.013200079
2003-12-31,29.375,-1.875,0.016800247
2004-01-01,29.375,-1.875,0.5146091
2004-01-02,29.375,-1.875,7.51772
2004-01-03,29.375,-1.875,0.55139536
2004-01-04,29.375,-1.875,1.2943914
2004-01-05,29.375,-1.875,1.935613
2004-01-06,29.375,-1.875,0.007199849
2004-01-07,29.375,-1.875,0.80118126
2004-01-08,29.375,-1.875,0.5498017
2004-01-09,29.375,-1.875,0.096000135
2004-01-10,29.375,-1.875,0.12920171
2004-01-11,29.375,-1.875,0.9068001
2004-01-12,29.375,-1.875,7.9561954
2004-01-13,29.375,-1.875,9.627164
2004-01-14,29.375,-1.875,17.18575
2004-01-15,29.375,-1.875,8.582077
2004-01-16,29.375,-1.875,5.3797126
2004-01-17,29.375,-1.875,3.6287673
2004-01-18,29.375,-1.875,16.850191
2004-01-19,29.375,-1.875,2.5382586
2004-01-20,29.375,-1.875,0.72720534
2004-01-21,29.375,-1.875,2.688259
2004-01-22,29.375,-1.875,1.9755628
2004-01-23,29.375,-1.875,0.522189
2004-01-24,29.375,-1.875,3.612227
2004-01-25,29.375,-1.875,15.562426
2004-01-26,29.375,-1.875,1.253004
2004-01-27,29.375,-1.875,0.016399618
2004-01-28,29.375,-1.875,0.096199155
2004-01-29,29.375,-1.875,0.2616055
2004-01-30,29.375,-1.875,0.15400308
2004-01-31,29.375,-1.875,5.0503654
2004-02-01,29.375,-1.875,1.9995891
2004-02-02,29.375,-1.875,0.2916005
2004-02-03,29.375,-1.875,0.59541965
2004-02-04,29.375,-1.875,0.57541096
2004-02-05,29.375,-1.875,0.077598445
2004-02-06,29.375,-1.875,0.0
2004-02-07,29.375,-1.875,0.012800721
2004-02-08,29.375,-1.875,0.17940815
2004-02-09,29.375,-1.875,0.18459554
2004-02-10,29.375,-1.875,0.0047999984
2004-02-11,29.375,-1.875,0.05779957
2004-02-12,29.375,-1.875,0.44199002
2004-02-13,29.375,-1.875,0.0
2004-02-14,29.375,-1.875,0.21900141
2004-02-15,29.375,-1.875,5.4297915
2004-02-16,29.375,-1.875,9.781756
2004-02-17,29.375,-1.875,0.042000636
2004-02-18,29.375,-1.875,3.2986004
2004-02-19,29.375,-1.875,0.46159703
2004-02-20,29.375,-1.875,6.780205
2004-02-21,29.375,-1.875,2.44912
2004-02-22,29.375,-1.875,8.819827
2004-02-23,29.375,-1.875,0.8853952
2004-02-24,29.375,-1.875,5.1553655
2004-02-25,29.375,-1.875,2.052571
2004-02-26,29.375,-1.875,12.746754
2004-02-27,29.375,-1.875,4.053794
2004-02-28,29.375,-1.875,2.4472122
2004-02-29,29.375,-1.875,11.854973
2004-03-01,29.375,-1.875,12.064573
2004-03-02,29.375,-1.875,0.957222
2004-03-03,29.375,-1.875,0.0
2004-03-04,29.375,-1.875,0.15599598
2004-03-05,29.375,-1.875,0.74982244
2004-03-06,29.375,-1.875,1.8143882
2004-03-07,29.375,-1.875,3.416025
2004-03-08,29.375,-1.875,11.6996975
2004-03-09,29.375,-1.875,1.6161696
2004-03-10,29.375,-1.875,4.3309407
2004-03-11,29.375,-1.875,9.554506
2004-03-12,29.375,-1.875,0.26239341
2004-03-13,29.375,-1.875,7.746361
2004-03-14,29.375,-1.875,4.988
2004-03-15,29.375,-1.875,3.3488343
2004-03-16,29.375,-1.875,0.0
2004-03-17,29.375,-1.875,0.0063997703
2004-03-18,29.375,-1.875,2.3935816
2004-03-19,29.375,-1.875,0.019199753
2004-03-20,29.375,-1.875,0.8240182
2004-03-21,29.375,-1.875,2.7381196
2004-03-22,29.375,-1.875,0.075196765
2004-03-23,29.375,-1.875,0.037002087
2004-03-24,29.375,-1.875,3.178976
2004-03-25,29.375,-1.875,9.940026
2004-03-26,29.375,-1.875,7.2612133
2004-03-27,29.375,-1.875,2.6057837
2004-03-28,29.375,-1.875,1.1187873
2004-03-29,29.375,-1.875,2.8210535
2004-03-30,29.375,-1.875,16.215454
2004-03-31,29.375,-1.875,13.577957
2004-04-01,29.375,-1.875,2.89401
2004-04-02,29.375,-1.875,1.014198
2004-04-03,29.375,-1.875,3.8948488
2004-04-04,29.375,-1.875,9.517354
2004-04-05,29.375,-1.875,24.76538
2004-04-06,29.375,-1.875,10.360415
2004-04-07,29.375,-1.875,4.7598834
2004-04-08,29.375,-1.875,0.674402
2004-04-09,29.375,-1.875,3.5742373
2004-04-10,29.375,-1.875,3.699499
2004-04-11,29.375,-1.875,5.31642
2004-04-12,29.375,-1.875,9.426732
2004-04-13,29.375,-1.875,18.184517
2004-04-14,29.375,-1.875,8.306651
2004-04-15,29.375,-1.875,5.30762
2004-04-16,29.375,-1.875,0.18259327
2004-04-17,29.375,-1.875,1.367365
2004-04-18,29.375,-1.875,8.276209
2004-04-19,29.375,-1.875,2.2190301
2004-04-20,29.375,-1.875,0.3300045
2004-04-21,29.375,-1.875,0.6684257
2004-04-22,29.375,-1.875,2.375818
2004-04-23,29.375,-1.875,3.178836
2004-04-24,29.375,-1.875,7.321813
2004-04-25,29.375,-1.875,1.1258274
2004-04-26,29.375,-1.875,4.105441
2004-04-27,29.375,-1.875,0.114402756
2004-04-28,29.375,-1.875,3.6186795
2004-04-29,29.375,-1.875,7.1040583
2004-04-30,29.375,-1.875,1.6426195
2004-05-01,29.375,-1.875,1.0553722
2004-05-02,29.375,-1.875,8.835239
2004-05-03,29.375,-1.875,2.5280337
2004-05-04,29.375,-1.875,0.77422684
2004-05-05,29.375,-1.875,7.2921157
2004-05-06,29.375,-1.875,3.1185944
2004-05-07,29.375,-1.875,2.6122313
2004-05-08,29.375,-1.875,2.407231
2004-05-09,29.375,-1.875,0.49180552
2004-05-10,29.375,-1.875,0.84760123
2004-05-11,29.375,-1.875,3.0562105
2004-05-12,29.375,-1.875,16.685774
2004-05-13,29.375,-1.875,26.171589
2004-05-14,29.375,-1.875,0.31440392
2004-05-15,29.375,-1.875,0.068002045
2004-05-16,29.375,-1.875,0.47222173
2004-05-17,29.375,-1.875,0.0020000297
2004-05-18,29.375,-1.875,0.0
2004-05-19,29.375,-1.875,3.243073
2004-05-20,29.375,-1.875,0.20040831
2004-05-21,29.375,-1.875,0.03640124
2004-05-22,29.375,-1.875,0.0
2004-05-23,29.375,-1.875,0.0008000451
2004-05-24,29.375,-1.875,0.00040002255
2004-05-25,29.375,-1.875,0.0008000451
2004-05-26,29.375,-1.875,0.0060003386
2004-05-27,29.375,-1.875,0.0076004285
2004-05-28,29.375,-1.875,0.05700244
2004-05-29,29.375,-1.875,3.3156807
2004-05-30,29.375,-1.875,10.193138
2004-05-31,29.375,-1.875,0.15159479
2004-06-01,29.375,-1.875,0.014400213
2004-06-02,29.375,-1.875,4.655764
2004-06-03,29.375,-1.875,0.019200284
2004-06-04,29.375,-1.875,0.10600112
2004-06-05,29.375,-1.875,0.05599759
2004-06-06,29.375,-1.875,0.10800159
2004-06-07,29.375,-1.875,0.0024001352
2004-06-08,29.375,-1.875,0.08719858
2004-06-09,29.375,-1.875,0.0071998294
2004-06-10,29.375,-1.875,0.0
2004-06-11,29.375,-1.875,0.0024001352
2004-06-12,29.375,-1.875,0.0024001352
2004-06-13,29.375,-1.875,0.0024001352
2004-06-14,29.375,-1.875,0.0
2004-06-15,29.375,-1.875,0.97965187
2004-06-16,29.375,-1.875,0.6841905
2004-06-17,29.375,-1.875,0.022801286
2004-06-18,29.375,-1.875,0.039602235
2004-06-19,29.375,-1.875,0.0039999867
2004-06-20,29.375,-1.875,0.0072004055
2004-06-21,29.375,-1.875,0.10680124
2004-06-22,29.375,-1.875,0.016800946
2004-06-23,29.375,-1.875,0.053599767
2004-06-24,29.375,-1.875,0.036000416
2004-06-25,29.375,-1.875,0.053197708
2004-06-26,29.375,-1.875,0.06639713
2004-06-27,29.375,-1.875,0.0018001014
2004-06-28,29.375,-1.875,0.004799793
2004-06-29,29.375,-1.875,0.0
2004-06-30,29.375,-1.875,0.0
2004-07-01,29.375,-1.875,0.0
2004-07-02,29.375,-1.875,0.0020000795
2004-07-03,29.375,-1.875,0.0
2004-07-04,29.375,-1.875,0.0
2004-07-05,29.375,-1.875,0.0
2004-07-06,29.375,-1.875,0.0
2004-07-07,29.375,-1.875,0.0
2004-07-08,29.375,-1.875,0.0
2004-07-09,29.375,-1.875,0.0
2004-07-10,29.375,-1.875,0.00020001127
2004-07-11,29.375,-1.875,0.0
2004-07-12,29.375,-1.875,0.008000119
2004-07-13,29.375,-1.875,0.01679974
2004-07-14,29.375,-1.875,0.0024000355
2004-07-15,29.375,-1.875,0.0
2004-07-16,29.375,-1.875,0.0016000238
2004-07-17,29.375,-1.875,0.43502086
2004-07-18,29.375,-1.875,0.02960002
2004-07-19,29.375,-1.875,0.0
2004-07-20,29.375,-1.875,0.004799793
2004-07-21,29.375,-1.875,0.29480454
2004-07-22,29.375,-1.875,0.0008000451
2004-07-23,29.375,-1.875,0.76980495
2004-07-24,29.375,-1.875,0.0
2004-07-25,29.375,-1.875,5.278949
2004-07-26,29.375,-1.875,2.232983
2004-07-27,29.375,-1.875,2.7419999
2004-07-28,29.375,-1.875,0.8728093
2004-07-29,29.375,-1.875,0.0
2004-07-30,29.375,-1.875,1.3026359
2004-07-31,29.375,-1.875,0.5419995
2004-08-01,29.375,-1.875,1.023796
2004-08-02,29.375,-1.875,0.17100123
2004-08-03,29.375,-1.875,0.0
2004-08-04,29.375,-1.875,0.0
2004-08-05,29.375,-1.875,0.0
2004-08-06,29.375,-1.875,0.0
2004-08-07,29.375,-1.875,0.0077998624
2004-08-08,29.375,-1.875,0.0032001804
2004-08-09,29.375,-1.875,2.0284526
2004-08-10,29.375,-1.875,17.646467
2004-08-11,29.375,-1.875,5.486269
2004-08-12,29.375,-1.875,3.2724574
2004-08-13,29.375,-1.875,1.8032491
2004-08-14,29.375,-1.875,0.003199862
2004-08-15,29.375,-1.875,0.07700206
2004-08-16,29.375,-1.875,4.2621527
2004-08-17,29.375,-1.875,7.677612
2004-08-18,29.375,-1.875,0.30800995
2004-08-19,29.375,-1.875,0.0
2004-08-20,29.375,-1.875,0.012799818
2004-08-21,29.375,-1.875,0.006399909
2004-08-22,29.375,-1.875,0.09100146
2004-08-23,29.375,-1.875,0.12240374
2004-08-24,29.375,-1.875,0.0
2004-08-25,29.375,-1.875,1.8454057
2004-08-26,29.375,-1.875,0.05980335
2004-08-27,29.375,-1.875,0.41580543
2004-08-28,29.375,-1.875,0.8150061
2004-08-29,29.375,-1.875,0.00040000596
2004-08-30,29.375,-1.875,0.012600026
2004-08-31,29.375,-1.875,0.015199855
2004-09-01,29.375,-1.875,0.71820724
2004-09-02,29.375,-1.875,18.67327
2004-09-03,29.375,-1.875,10.524612
2004-09-04,29.375,-1.875,3.4292433
2004-09-05,29.375,-1.875,1.5500233
2004-09-06,29.375,-1.875,3.6446397
2004-09-07,29.375,-1.875,17.884254
2004-09-08,29.375,-1.875,1.1365966
2004-09-09,29.375,-1.875,0.4519805
2004-09-10,29.375,-1.875,0.025998881
2004-09-11,29.375,-1.875,0.0
2004-09-12,29.375,-1.875,0.016799925
2004-09-13,29.375,-1.875,0.0
2004-09-14,29.375,-1.875,0.03519955
2004-09-15,29.375,-1.875,0.10320346
2004-09-16,29.375,-1.875,0.046801303
2004-09-17,29.375,-1.875,0.7292124
2004-09-18,29.375,-1.875,0.0084001245
2004-09-19,29.375,-1.875,11.920911
2004-09-20,29.375,-1.875,18.104507
2004-09-21,29.375,-1.875,0.37139988
2004-09-22,29.375,-1.875,0.008400474
2004-09-23,29.375,-1.875,0.0
2004-09-24,29.375,-1.875,17.65722
2004-09-25,29.375,-1.875,18.619139
2004-09-26,29.375,-1.875,8.6994295
2004-09-27,29.375,-1.875,4.011207
2004-09-28,29.375,-1.875,15.719091
2004-09-29,29.375,-1.875,5.7652826
2004-09-30,29.375,-1.875,2.2619786
2004-10-01,29.375,-1.875,9.137047
2004-10-02,29.375,-1.875,16.182014
2004-10-03,29.375,-1.875,0.31080735
2004-10-04,29.375,-1.875,2.6970248
2004-10-05,29.375,-1.875,1.3858291
2004-10-06,29.375,-1.875,2.7042909
2004-10-07,29.375,-1.875,0.0
2004-10-08,29.375,-1.875,0.0
2004-10-09,29.375,-1.875,1.2932237
2004-10-10,29.375,-1.875,0.18059547
2004-10-11,29.375,-1.875,1.3846433
2004-10-12,29.375,-1.875,6.5442195
2004-10-13,29.375,-1.875,0.15739687
2004-10-14,29.375,-1.875,0.24479574
2004-10-15,29.375,-1.875,5.364088
2004-10-16,29.375,-1.875,0.09860314
2004-10-17,29.375,-1.875,0.034801207
2004-10-18,29.375,-1.875,0.28781068
2004-10-19,29.375,-1.875,0.0
2004-10-20,29.375,-1.875,0.32880598
2004-10-21,29.375,-1.875,0.4399913
2004-10-22,29.375,-1.875,14.66284
2004-10-23,29.375,-1.875,0.72658825
2004-10-24,29.375,-1.875,2.2470129
2004-10-25,29.375,-1.875,4.6141834
2004-10-26,29.375,-1.875,7.7407904
2004-10-27,29.375,-1.875,4.8252654
2004-10-28,29.375,-1.875,1.9351641
2004-10-29,29.375,-1.875,3.047043
2004-10-30,29.375,-1.875,8.37094
2004-10-31,29.375,-1.875,3.4910035
2004-11-01,29.375,-1.875,5.0947413
2004-11-02,29.375,-1.875,15.27032
2004-11-03,29.375,-1.875,5.437363
2004-11-04,29.375,-1.875,1.6809566
2004-11-05,29.375,-1.875,2.649739
2004-11-06,29.375,-1.875,19.160547
2004-11-07,29.375,-1.875,1.3967792
2004-11-08,29.375,-1.875,5.3377953
2004-11-09,29.375,-1.875,27.966593
2004-11-10,29.375,-1.875,15.750758
2004-11-11,29.375,-1.875,4.0900097
2004-11-12,29.375,-1.875,5.3615203
2004-11-13,29.375,-1.875,1.875418
2004-11-14,29.375,-1.875,9.337969
2004-11-15,29.375,-1.875,0.93660504
2004-11-16,29.375,-1.875,6.2664375
2004-11-17,29.375,-1.875,15.478433
2004-11-18,29.375,-1.875,9.32853
2004-11-19,29.375,-1.875,4.0465813
2004-11-20,29.375,-1.875,0.6820302
2004-11-21,29.375,-1.875,1.4380207
2004-11-22,29.375,-1.875,4.6571894
2004-11-23,29.375,-1.875,20.042648
2004-11-24,29.375,-1.875,7.49776
2004-11-25,29.375,-1.875,7.163109
2004-11-26,29.375,-1.875,4.890967
2004-11-27,29.375,-1.875,18.557104
2004-11-28,29.375,-1.875,4.3551655
2004-11-29,29.375,-1.875,3.6109488
2004-11-30,29.375,-1.875,4.4632354
2004-12-01,29.375,-1.875,2.418971
2004-12-02,29.375,-1.875,0.5782077
2004-12-03,29.375,-1.875,4.5646214
2004-12-04,29.375,-1.875,4.0506325
2004-12-05,29.375,-1.875,0.6182191
2004-12-06,29.375,-1.875,3.5845706
2004-12-07,29.375,-1.875,0.9495927
2004-12-08,29.375,-1.875,1.4524162
2004-12-09,29.375,-1.875,0.7241894
2004-12-10,29.375,-1.875,1.1712155
2004-12-11,29.375,-1.875,10.877806
2004-12-12,29.375,-1.875,5.9320087
2004-12-13,29.375,-1.875,4.975829
2004-12-14,29.375,-1.875,0.55019724
2004-12-15,29.375,-1.875,3.284204
2004-12-16,29.375,-1.875,13.468024
2004-12-17,29.375,-1.875,0.66239965
2004-12-18,29.375,-1.875,1.6865976
2004-12-19,29.375,-1.875,0.9596129
2004-12-20,29.375,-1.875,8.361003
2004-12-21,29.375,-1.875,1.2576001
2004-12-22,29.375,-1.875,0.2908041
2004-12-23,29.375,-1.875,8.080606
2004-12-24,29.375,-1.875,10.863271
2004-12-25,29.375,-1.875,2.8315554
2004-12-26,29.375,-1.875,0.030800985
2004-12-27,29.375,-1.875,1.1607962
2004-12-28,29.375,-1.875,13.3442
2004-12-29,29.375,-1.875,3.6722465
2004-12-30,29.375,-1.875,4.9594693
2004-12-31,29.375,-1.875,22.369743
2005-01-01,29.375,-1.875,4.463566
2005-01-02,29.375,-1.875,2.1039593
2005-01-03,29.375,-1.875,2.214168
2005-01-04,29.375,-1.875,3.164293
2005-01-05,29.375,-1.875,2.4231765
2005-01-06,29.375,-1.875,0.6253871
2005-01-07,29.375,-1.875,10.321943
2005-01-08,29.375,-1.875,2.3047874
2005-01-09,29.375,-1.875,0.009999848
2005-01-10,29.375,-1.875,0.005600315
2005-01-11,29.375,-1.875,0.016400285
2005-01-12,29.375,-1.875,5.7885556
2005-01-13,29.375,-1.875,2.98236
2005-01-14,29.375,-1.875,1.2020032
2005-01-15,29.375,-1.875,5.6283355
2005-01-16,29.375,-1.875,0.07819996
2005-01-17,29.375,-1.875,4.030603
2005-01-18,29.375,-1.875,0.0008000119
2005-01-19,29.375,-1.875,0.019200284
2005-01-20,29.375,-1.875,0.010400469
2005-01-21,29.375,-1.875,9.107715
2005-01-22,29.375,-1.875,0.086801134
2005-01-23,29.375,-1.875,0.07180032
2005-01-24,29.375,-1.875,9.400554
2005-01-25,29.375,-1.875,0.63119537
2005-01-26,29.375,-1.875,5.651687
2005-01-27,29.375,-1.875,7.6621428
2005-01-28,29.375,-1.875,13.561799
2005-01-29,29.375,-1.875,0.71999025
2005-01-30,29.375,-1.875,9.278755
2005-01-31,29.375,-1.875,6.6627464
2005-02-01,29.375,-1.875,7.619282
2005-02-02,29.375,-1.875,12.401802
2005-02-03,29.375,-1.875,0.64840394
2005-02-04,29.375,-1.875,0.040800586
2005-02-05,29.375,-1.875,0.09859649
2005-02-06,29.375,-1.875,5.498461
2005-02-07,29.375,-1.875,27.124323
2005-02-08,29.375,-1.875,7.214341
2005-02-09,29.375,-1.875,1.2350297
2005-02-10,29.375,-1.875,0.0
2005-02-11,29.375,-1.875,0.0
2005-02-12,29.375,-1.875,1.8447797
2005-02-13,29.375,-1.875,0.023600357
2005-02-14,29.375,-1.875,0.23219317
2005-02-15,29.375,-1.875,1.1159939
2005-02-16,29.375,-1.875,0.18079647
2005-02-17,29.375,-1.875,0.24399003
2005-02-18,29.375,-1.875,0.02800027
2005-02-19,29.375,-1.875,0.025001079
2005-02-20,29.375,-1.875,0.0
2005-02-21,29.375,-1.875,0.016600259
2005-02-22,29.375,-1.875,0.036200546
2005-02-23,29.375,-1.875,0.052198134
2005-02-24,29.375,-1.875,0.02400039
2005-02-25,29.375,-1.875,14.034956
2005-02-26,29.375,-1.875,11.605741
2005-02-27,29.375,-1.875,3.64118
2005-02-28,29.375,-1.875,1.2976124
2005-03-01,29.375,-1.875,5.768182
2005-03-02,29.375,-1.875,3.1550124
2005-03-03,29.375,-1.875,15.942436
2005-03-04,29.375,-1.875,0.33421227
2005-03-05,29.375,-1.875,0.3372098
2005-03-06,29.375,-1.875,4.273331
2005-03-07,29.375,-1.875,4.460125
2005-03-08,29.375,-1.875,1.1950028
2005-03-09,29.375,-1.875,1.4327961
2005-03-10,29.375,-1.875,0.6705738
2005-03-11,29.375,-1.875,0.020000348
2005-03-12,29.375,-1.875,1.124575
2005-03-13,29.375,-1.875,6.291018
2005-03-14,29.375,-1.875,16.580112
2005-03-15,29.375,-1.875,1.6004165
2005-03-16,29.375,-1.875,7.6634483
2005-03-17,29.375,-1.875,2.0735884
2005-03-18,29.375,-1.875,10.273674
2005-03-19,29.375,-1.875,2.9457867
2005-03-20,29.375,-1.875,9.614941
2005-03-21,29.375,-1.875,16.44418
2005-03-22,29.375,-1.875,9.625418
2005-03-23,29.375,-1.875,8.280622
2005-03-24,29.375,-1.875,10.032555
2005-03-25,29.375,-1.875,9.551373
2005-03-26,29.375,-1.875,2.5114136
2005-03-27,29.375,-1.875,5.133211
2005-03-28,29.375,-1.875,0.18100178
2005-03-29,29.375,-1.875,0.6579832
2005-03-30,29.375,-1.875,0.29640305
2005-03-31,29.375,-1.875,1.5720026
2005-04-01,29.375,-1.875,0.051200006
2005-04-02,29.375,-1.875,0.961231
2005-04-03,29.375,-1.875,0.0
2005-04-04,29.375,-1.875,2.7048454
2005-04-05,29.375,-1.875,6.1746325
2005-04-06,29.375,-1.875,3.9618187
2005-04-07,29.375,-1.875,5.0222783
2005-04-08,29.375,-1.875,12.817465
2005-04-09,29.375,-1.875,7.717827
2005-04-10,29.375,-1.875,8.814764
2005-04-11,29.375,-1.875,6.380139
2005-04-12,29.375,-1.875,0.6631944
2005-04-13,29.375,-1.875,15.438977
2005-04-14,29.375,-1.875,8.998381
2005-04-15,29.375,-1.875,2.1567156
2005-04-16,29.375,-1.875,0.00040002255
2005-04-17,29.375,-1.875,4.0208287
2005-04-18,29.375,-1.875,2.9501765
2005-04-19,29.375,-1.875,1.4436059
2005-04-20,29.375,-1.875,0.46701354
2005-04-21,29.375,-1.875,0.11900174
2005-04-22,29.375,-1.875,0.7823974
2005-04-23,29.375,-1.875,3.9476619
2005-04-24,29.375,-1.875,1.9153911
2005-04-25,29.375,-1.875,0.6383974
2005-04-26,29.375,-1.875,3.2852216
2005-04-27,29.375,-1.875,5.7119017
2005-04-28,29.375,-1.875,34.593777
2005-04-29,29.375,-1.875,9.500644
2005-04-30,29.375,-1.875,2.2245758
2005-05-01,29.375,-1.875,5.307299
2005-05-02,29.375,-1.875,24.422047
2005-05-03,29.375,-1.875,2.4330168
2005-05-04,29.375,-1.875,3.6049898
2005-05-05,29.375,-1.875,6.624598
2005-05-06,29.375,-1.875,19.69213
2005-05-07,29.375,-1.875,4.7436523
2005-05-08,29.375,-1.875,5.3807764
2005-05-09,29.375,-1.875,3.1706166
2005-05-10,29.375,-1.875,2.4676018
2005-05-11,29.375,-1.875,1.4582179
2005-05-12,29.375,-1.875,0.36921215
2005-05-13,29.375,-1.875,1.6290442
2005-05-14,29.375,-1.875,0.088002235
2005-05-15,29.375,-1.875,0.25979477
2005-05-16,29.375,-1.875,1.7536062
2005-05-17,29.375,-1.875,3.2377505
2005-05-18,29.375,-1.875,1.6529963
2005-05-19,29.375,-1.875,3.6237977
2005-05-20,29.375,-1.875,0.29159394
2005-05-21,29.375,-1.875,3.8426886
2005-05-22,29.375,-1.875,4.4939904
2005-05-23,29.375,-1.875,0.5570021
2005-05-24,29.375,-1.875,0.004799793
2005-05-25,29.375,-1.875,0.16220765
2005-05-26,29.375,-1.875,1.7641817
2005-05-27,29.375,-1.875,3.329752
2005-05-28,29.375,-1.875,1.2280053
2005-05-29,29.375,-1.875,1.7849555
2005-05-30,29.375,-1.875,2.7733722
2005-05-31,29.375,-1.875,0.12400536
2005-06-01,29.375,-1.875,0.07340254
2005-06-02,29.375,-1.875,0.16380478
2005-06-03,29.375,-1.875,2.025014
2005-06-04,29.375,-1.875,0.03519992
2005-06-05,29.375,-1.875,0.13179792
2005-06-06,29.375,-1.875,3.269196
2005-06-07,29.375,-1.875,0.021600934
2005-06-08,29.375,-1.875,0.015399396
2005-06-09,29.375,-1.875,1.271585
2005-06-10,29.375,-1.875,0.0801984
2005-06-11,29.375,-1.875,0.17840256
2005-06-12,29.375,-1.875,0.002799972
2005-06-13,29.375,-1.875,0.06799925
2005-06-14,29.375,-1.875,0.0
2005-06-15,29.375,-1.875,0.016000098
2005-06-16,29.375,-1.875,0.0
2005-06-17,29.375,-1.875,0.15240227
2005-06-18,29.375,-1.875,0.018400202
2005-06-19,29.375,-1.875,0.12879977
2005-06-20,29.375,-1.875,13.06996
2005-06-21,29.375,-1.875,2.992374
2005-06-22,29.375,-1.875,0.5004045
2005-06-23,29.375,-1.875,0.4613955
2005-06-24,29.375,-1.875,0.0074001085
2005-06-25,29.375,-1.875,0.02599923
2005-06-26,29.375,-1.875,0.011200074
2005-06-27,29.375,-1.875,0.008200396
2005-06-28,29.375,-1.875,0.043601926
2005-06-29,29.375,-1.875,0.015000712
2005-06-30,29.375,-1.875,0.0
2005-07-01,29.375,-1.875,0.11920011
2005-07-02,29.375,-1.875,0.0
2005-07-03,29.375,-1.875,0.004800071
2005-07-04,29.375,-1.875,0.0119998995
2005-07-05,29.375,-1.875,0.0024001352
2005-07-06,29.375,-1.875,0.106003545
2005-07-07,29.375,-1.875,0.025201023
2005-07-08,29.375,-1.875,0.028800827
2005-07-09,29.375,-1.875,0.0
2005-07-10,29.375,-1.875,0.0023998965
2005-07-11,29.375,-1.875,0.08879617
2005-07-12,29.375,-1.875,0.0
2005-07-13,29.375,-1.875,0.0
2005-07-14,29.375,-1.875,0.0
2005-07-15,29.375,-1.875,0.0
2005-07-16,29.375,-1.875,0.022000907
2005-07-17,29.375,-1.875,1.6930101
2005-07-18,29.375,-1.875,0.017199978
2005-07-19,29.375,-1.875,0.0747994
2005-07-20,29.375,-1.875,0.0
2005-07-21,29.375,-1.875,0.0
2005-07-22,29.375,-1.875,0.0
2005-07-23,29.375,-1.875,0.0
2005-07-24,29.375,-1.875,0.0008000451
2005-07-25,29.375,-1.875,0.0047999322
2005-07-26,29.375,-1.875,0.0023998965
2005-07-27,29.375,-1.875,0.06380129
2005-07-28,29.375,-1.875,0.21880871
2005-07-29,29.375,-1.875,0.10959824
2005-07-30,29.375,-1.875,0.528014
2005-07-31,29.375,-1.875,0.032400478
2005-08-01,29.375,-1.875,0.00160009
2005-08-02,29.375,-1.875,0.00039998276
2005-08-03,29.375,-1.875,0.001599931
2005-08-04,29.375,-1.875,0.0
2005-08-05,29.375,-1.875,0.0
2005-08-06,29.375,-1.875,0.021399964
2005-08-07,29.375,-1.875,0.31260312
2005-08-08,29.375,-1.875,1.1246009
2005-08-09,29.375,-1.875,0.0
2005-08-10,29.375,-1.875,0.6318268
2005-08-11,29.375,-1.875,0.15279843
2005-08-12,29.375,-1.875,3.866418
2005-08-13,29.375,-1.875,2.7810168
2005-08-14,29.375,-1.875,3.048377
2005-08-15,29.375,-1.875,16.47893
2005-08-16,29.375,-1.875,2.6634126
2005-08-17,29.375,-1.875,13.181025
2005-08-18,29.375,-1.875,15.553905
2005-08-19,29.375,-1.875,3.075841
2005-08-20,29.375,-1.875,8.429567
2005-08-21,29.375,-1.875,0.36079234
2005-08-22,29.375,-1.875,0.54361475
2005-08-23,29.375,-1.875,0.0056000827
2005-08-24,29.375,-1.875,0.0012000676
2005-08-25,29.375,-1.875,0.0008000451
2005-08-26,29.375,-1.875,0.02280082
2005-08-27,29.375,-1.875,3.9151828
2005-08-28,29.375,-1.875,0.32359853
2005-08-29,29.375,-1.875,0.01960044
2005-08-30,29.375,-1.875,0.0
2005-08-31,29.375,-1.875,0.0
2005-09-01,29.375,-1.875,0.015400867
2005-09-02,29.375,-1.875,0.016600935
2005-09-03,29.375,-1.875,1.2909766
2005-09-04,29.375,-1.875,8.716476
2005-09-05,29.375,-1.875,9.507828
2005-09-06,29.375,-1.875,4.8923826
2005-09-07,29.375,-1.875,0.25960034
2005-09-08,29.375,-1.875,0.49120662
2005-09-09,29.375,-1.875,0.3274028
2005-09-10,29.375,-1.875,1.1435996
2005-09-11,29.375,-1.875,0.19800207
2005-09-12,29.375,-1.875,0.22880338
2005-09-13,29.375,-1.875,1.2818009
2005-09-14,29.375,-1.875,0.022399034
2005-09-15,29.375,-1.875,0.21679638
2005-09-16,29.375,-1.875,21.184917
2005-09-17,29.375,-1.875,4.7903776
2005-09-18,29.375,-1.875,6.798459
2005-09-19,29.375,-1.875,4.715662
2005-09-20,29.375,-1.875,20.132616
2005-09-21,29.375,-1.875,19.783834
2005-09-22,29.375,-1.875,4.7561517
2005-09-23,29.375,-1.875,0.5486219
2005-09-24,29.375,-1.875,0.025800182
2005-09-25,29.375,-1.875,0.74640846
2005-09-26,29.375,-1.875,1.8418146
2005-09-27,29.375,-1.875,8.954533
2005-09-28,29.375,-1.875,0.0050001154
2005-09-29,29.375,-1.875,0.0
2005-09-30,29.375,-1.875,13.784794
2005-10-01,29.375,-1.875,0.7553982
2005-10-02,29.375,-1.875,0.21579465
2005-10-03,29.375,-1.875,6.691539
2005-10-04,29.375,-1.875,3.536576
2005-10-05,29.375,-1.875,1.087787
2005-10-06,29.375,-1.875,2.440838
2005-10-07,29.375,-1.875,0.9360152
2005-10-08,29.375,-1.875,0.63683516
2005-10-09,29.375,-1.875,0.01320012
2005-10-10,29.375,-1.875,0.046398416
2005-10-11,29.375,-1.875,2.144386
2005-10-12,29.375,-1.875,10.025739
2005-10-13,29.375,-1.875,12.811202
2005-10-14,29.375,-1.875,26.78015
2005-10-15,29.375,-1.875,1.8250046
2005-10-16,29.375,-1.875,7.2339926
2005-10-17,29.375,-1.875,1.319413
2005-10-18,29.375,-1.875,2.0793362
2005-10-19,29.375,-1.875,4.6384177
2005-10-20,29.375,-1.875,11.989923
2005-10-21,29.375,-1.875,3.9984045
2005-10-22,29.375,-1.875,1.0730084
2005-10-23,29.375,-1.875,1.5262141
2005-10-24,29.375,-1.875,3.324603
2005-10-25,29.375,-1.875,2.8600352
2005-10-26,29.375,-1.875,1.714833
2005-10-27,29.375,-1.875,3.8289902
2005-10-28,29.375,-1.875,2.05379
2005-10-29,29.375,-1.875,0.022400167
2005-10-30,29.375,-1.875,0.058401894
2005-10-31,29.375,-1.875,4.3309565
2005-11-01,29.375,-1.875,1.2041667
2005-11-02,29.375,-1.875,0.84423727
2005-11-03,29.375,-1.875,3.4136937
2005-11-04,29.375,-1.875,4.3699746
2005-11-05,29.375,-1.875,1.5844053
2005-11-06,29.375,-1.875,2.6942375
2005-11-07,29.375,-1.875,0.39681077
2005-11-08,29.375,-1.875,2.6051748
2005-11-09,29.375,-1.875,0.26540837
2005-11-10,29.375,-1.875,1.2048239
2005-11-11,29.375,-1.875,0.62922746
2005-11-12,29.375,-1.875,7.221553
2005-11-13,29.375,-1.875,2.96382
2005-11-14,29.375,-1.875,3.646766
2005-11-15,29.375,-1.875,6.6181307
2005-11-16,29.375,-1.875,6.485362
2005-11-17,29.375,-1.875,2.2895525
2005-11-18,29.375,-1.875,2.6887426
2005-11-19,29.375,-1.875,0.714996
2005-11-20,29.375,-1.875,0.7883886
2005-11-21,29.375,-1.875,1.5136167
2005-11-22,29.375,-1.875,0.5840019
2005-11-23,29.375,-1.875,3.5530303
2005-11-24,29.375,-1.875,5.372016
2005-11-25,29.375,-1.875,2.78076
2005-11-26,29.375,-1.875,0.8166182
2005-11-27,29.375,-1.875,0.6595919
2005-11-28,29.375,-1.875,0.43759298
2005-11-29,29.375,-1.875,2.6086206
2005-11-30,29.375,-1.875,4.1271834
2005-12-01,29.375,-1.875,1.1520319
2005-12-02,29.375,-1.875,10.303616
2005-12-03,29.375,-1.875,1.649614
2005-12-04,29.375,-1.875,14.946709
2005-12-05,29.375,-1.875,1.2254027
2005-12-06,29.375,-1.875,6.303593
2005-12-07,29.375,-1.875,10.998403
2005-12-08,29.375,-1.875,7.3386335
2005-12-09,29.375,-1.875,0.15000224
2005-12-10,29.375,-1.875,1.0887634
2005-12-11,29.375,-1.875,0.9314145
2005-12-12,29.375,-1.875,1.6558189
2005-12-13,29.375,-1.875,1.0464189
2005-12-14,29.375,-1.875,0.040799703
2005-12-15,29.375,-1.875,0.07680012
2005-12-16,29.375,-1.875,0.0
2005-12-17,29.375,-1.875,0.0
2005-12-18,29.375,-1.875,0.023601066
2005-12-19,29.375,-1.875,0.047401465
2005-12-20,29.375,-1.875,0.073200084
2005-12-21,29.375,-1.875,0.113198265
2005-12-22,29.375,-1.875,0.05880118
2005-12-23,29.375,-1.875,4.8276167
2005-12-24,29.375,-1.875,2.0717602
2005-12-25,29.375,-1.875,1.3565787
2005-12-26,29.375,-1.875,1.6967814
2005-12-27,29.375,-1.875,1.6712075
2005-12-28,29.375,-1.875,0.028800476
2005-12-29,29.375,-1.875,1.243782
2005-12-30,29.375,-1.875,0.0024000355
2005-12-31,29.375,-1.875,0.038798608
2006-01-01,29.375,-1.875,1.3999759
2006-01-02,29.375,-1.875,2.4785979
2006-01-03,29.375,-1.875,0.051999666
2006-01-04,29.375,-1.875,0.0904026
2006-01-05,29.375,-1.875,0.07660122
2006-01-06,29.375,-1.875,0.41099134
2006-01-07,29.375,-1.875,3.87527
2006-01-08,29.375,-1.875,1.1839496
2006-01-09,29.375,-1.875,0.22600374
2006-01-10,29.375,-1.875,4.68617
2006-01-11,29.375,-1.875,22.059937
2006-01-12,29.375,-1.875,8.587127
2006-01-13,29.375,-1.875,2.2133532
2006-01-14,29.375,-1.875,5.0542665
2006-01-15,29.375,-1.875,4.700662
2006-01-16,29.375,-1.875,1.9872459
2006-01-17,29.375,-1.875,0.5763909
2006-01-18,29.375,-1.875,2.585975
2006-01-19,29.375,-1.875,0.0
2006-01-20,29.375,-1.875,3.875956
2006-01-21,29.375,-1.875,0.6603905
2006-01-22,29.375,-1.875,0.4732134
2006-01-23,29.375,-1.875,0.0040000593
2006-01-24,29.375,-1.875,0.06079905
2006-01-25,29.375,-1.875,0.0039998274
2006-01-26,29.375,-1.875,0.10400168
2006-01-27,29.375,-1.875,0.45660916
2006-01-28,29.375,-1.875,0.578427
2006-01-29,29.375,-1.875,6.129616
2006-01-30,29.375,-1.875,0.14840272
2006-01-31,29.375,-1.875,15.593693
2006-02-01,29.375,-1.875,0.642803
2006-02-02,29.375,-1.875,0.7294231
2006-02-03,29.375,-1.875,2.3863382
2006-02-04,29.375,-1.875,3.7267659
2006-02-05,29.375,-1.875,0.0011999483
2006-02-06,29.375,-1.875,0.0
2006-02-07,29.375,-1.875,0.0
2006-02-08,29.375,-1.875,0.067997806
2006-02-09,29.375,-1.875,0.016000297
2006-02-10,29.375,-1.875,0.5795981
2006-02-11,29.375,-1.875,0.39040563
2006-02-12,29.375,-1.875,4.552699
2006-02-13,29.375,-1.875,1.4452289
2006-02-14,29.375,-1.875,1.1989892
2006-02-15,29.375,-1.875,3.5804565
2006-02-16,29.375,-1.875,7.433263
2006-02-17,29.375,-1.875,8.363266
2006-02-18,29.375,-1.875,17.327147
2006-02-19,29.375,-1.875,7.3193636
2006-02-20,29.375,-1.875,1.1122587
2006-02-21,29.375,-1.875,17.640127
2006-02-22,29.375,-1.875,4.5898337
2006-02-23,29.375,-1.875,0.35319576
2006-02-24,29.375,-1.875,0.746602
2006-02-25,29.375,-1.875,9.070021
2006-02-26,29.375,-1.875,0.17420448
2006-02-27,29.375,-1.875,5.2575574
2006-02-28,29.375,-1.875,7.4674206
2006-03-01,29.375,-1.875,2.177184
2006-03-02,29.375,-1.875,0.019800542
2006-03-03,29.375,-1.875,2.5205917
2006-03-04,29.375,-1.875,1.5311618
2006-03-05,29.375,-1.875,1.5606008
2006-03-06,29.375,-1.875,3.2629185
2006-03-07,29.375,-1.875,4.248599
2006-03-08,29.375,-1.875,12.84791
2006-03-09,29.375,-1.875,4.3691926
2006-03-10,29.375,-1.875,2.4349875
2006-03-11,29.375,-1.875,0.02040085
2006-03-12,29.375,-1.875,10.542393
2006-03-13,29.375,-1.875,2.4105313
2006-03-14,29.375,-1.875,0.1252021
2006-03-15,29.375,-1.875,10.287748
2006-03-16,29.375,-1.875,13.853484
2006-03-17,29.375,-1.875,2.389203
2006-03-18,29.375,-1.875,1.6110364
2006-03-19,29.375,-1.875,1.7806231
2006-03-20,29.375,-1.875,0.2640037
2006-03-21,29.375,-1.875,2.1603656
2006-03-22,29.375,-1.875,6.3161874
2006-03-23,29.375,-1.875,6.0182366
2006-03-24,29.375,-1.875,0.15799806
2006-03-25,29.375,-1.875,1.2749927
2006-03-26,29.375,-1.875,12.523083
2006-03-27,29.375,-1.875,13.418369
2006-03-28,29.375,-1.875,0.5575879
2006-03-29,29.375,-1.875,6.6246486
2006-03-30,29.375,-1.875,0.8010075
2006-03-31,29.375,-1.875,1.503581
2006-04-01,29.375,-1.875,1.7393849
2006-04-02,29.375,-1.875,17.721205
2006-04-03,29.375,-1.875,19.284624
2006-04-04,29.375,-1.875,22.967033
2006-04-05,29.375,-1.875,7.07642
2006-04-06,29.375,-1.875,13.290028
2006-04-07,29.375,-1.875,5.4046497
2006-04-08,29.375,-1.875,3.3378897
2006-04-09,29.375,-1.875,11.1040125
2006-04-10,29.375,-1.875,8.552354
2006-04-11,29.375,-1.875,2.1960142
2006-04-12,29.375,-1.875,0.09520054
2006-04-13,29.375,-1.875,9.443695
2006-04-14,29.375,-1.875,5.8053737
2006-04-15,29.375,-1.875,4.455202
2006-04-16,29.375,-1.875,7.755393
2006-04-17,29.375,-1.875,3.125849
2006-04-18,29.375,-1.875,6.768979
2006-04-19,29.375,-1.875,0.69879854
2006-04-20,29.375,-1.875,7.903272
2006-04-21,29.375,-1.875,4.5729866
2006-04-22,29.375,-1.875,0.89622474
2006-04-23,29.375,-1.875,9.6155815
2006-04-24,29.375,-1.875,0.36400825
2006-04-25,29.375,-1.875,1.6002133
2006-04-26,29.375,-1.875,0.9546147
2006-04-27,29.375,-1.875,1.7271478
2006-04-28,29.375,-1.875,0.030399047
2006-04-29,29.375,-1.875,0.0
2006-04-30,29.375,-1.875,1.5128231
2006-05-01,29.375,-1.875,9.40915
2006-05-02,29.375,-1.875,11.7139
2006-05-03,29.375,-1.875,1.0498397
2006-05-04,29.375,-1.875,7.6037674
2006-05-05,29.375,-1.875,9.448168
2006-05-06,29.375,-1.875,1.861996
2006-05-07,29.375,-1.875,0.7372146
2006-05-08,29.375,-1.875,2.108819
2006-05-09,29.375,-1.875,9.43216
2006-05-10,29.375,-1.875,9.571145
2006-05-11,29.375,-1.875,26.528133
2006-05-12,29.375,-1.875,23.595758
2006-05-13,29.375,-1.875,7.8853855
2006-05-14,29.375,-1.875,12.849683
2006-05-15,29.375,-1.875,16.551802
2006-05-16,29.375,-1.875,9.722043
2006-05-17,29.375,-1.875,13.201832
2006-05-18,29.375,-1.875,16.849606
2006-05-19,29.375,-1.875,1.6894045
2006-05-20,29.375,-1.875,1.5473938
2006-05-21,29.375,-1.875,3.2049944
2006-05-22,29.375,-1.875,0.7315965
2006-05-23,29.375,-1.875,0.11860107
2006-05-24,29.375,-1.875,0.0
2006-05-25,29.375,-1.875,1.3568165
2006-05-26,29.375,-1.875,0.79560804
2006-05-27,29.375,-1.875,0.5306151
2006-05-28,29.375,-1.875,0.16200563
2006-05-29,29.375,-1.875,0.17760338
2006-05-30,29.375,-1.875,0.034400992
2006-05-31,29.375,-1.875,0.0
2006-06-01,29.375,-1.875,0.1346063
2006-06-02,29.375,-1.875,0.50479287
2006-06-03,29.375,-1.875,0.025599685
2006-06-04,29.375,-1.875,1.0554081
2006-06-05,29.375,-1.875,1.2910153
2006-06-06,29.375,-1.875,1.1583924
2006-06-07,29.375,-1.875,0.11120275
2006-06-08,29.375,-1.875,0.11540501
2006-06-09,29.375,-1.875,0.0
2006-06-10,29.375,-1.875,0.0095998645
2006-06-11,29.375,-1.875,0.08639628
2006-06-12,29.375,-1.875,11.3994255
2006-06-13,29.375,-1.875,0.0
2006-06-14,29.375,-1.875,0.0
2006-06-15,29.375,-1.875,0.08280122
2006-06-16,29.375,-1.875,0.0
2006-06-17,29.375,-1.875,0.0
2006-06-18,29.375,-1.875,0.0
2006-06-19,29.375,-1.875,1.2156068
2006-06-20,29.375,-1.875,0.19061075
2006-06-21,29.375,-1.875,0.052001867
2006-06-22,29.375,-1.875,0.15119836
2006-06-23,29.375,-1.875,0.0
2006-06-24,29.375,-1.875,0.0
2006-06-25,29.375,-1.875,0.06000057
2006-06-26,29.375,-1.875,1.4820422
2006-06-27,29.375,-1.875,0.27140182
2006-06-28,29.375,-1.875,0.28598768
2006-06-29,29.375,-1.875,0.0
2006-06-30,29.375,-1.875,0.0
2006-07-01,29.375,-1.875,0.0
2006-07-02,29.375,-1.875,0.007999973
2006-07-03,29.375,-1.875,0.0
2006-07-04,29.375,-1.875,0.0016000902
2006-07-05,29.375,-1.875,0.018400706
2006-07-06,29.375,-1.875,0.0
2006-07-07,29.375,-1.875,0.08360187
2006-07-08,29.375,-1.875,0.09920177
2006-07-09,29.375,-1.875,0.0071998294
2006-07-10,29.375,-1.875,0.0
2006-07-11,29.375,-1.875,0.0
2006-07-12,29.375,-1.875,0.0008000451
2006-07-13,29.375,-1.875,0.003199862
2006-07-14,29.375,-1.875,0.027200438
2006-07-15,29.375,-1.875,0.0
2006-07-16,29.375,-1.875,0.019999957
2006-07-17,29.375,-1.875,1.9106219
2006-07-18,29.375,-1.875,0.0
2006-07-19,29.375,-1.875,0.044002477
2006-07-20,29.375,-1.875,2.332594
2006-07-21,29.375,-1.875,8.88616
2006-07-22,29.375,-1.875,3.7559922
2006-07-23,29.375,-1.875,10.550535
2006-07-24,29.375,-1.875,3.0360332
2006-07-25,29.375,-1.875,0.0024001352
2006-07-26,29.375,-1.875,0.0
2006-07-27,29.375,-1.875,0.0
2006-07-28,29.375,-1.875,0.0
2006-07-29,29.375,-1.875,0.0
2006-07-30,29.375,-1.875,0.0008000451
2006-07-31,29.375,-1.875,0.0
2006-08-01,29.375,-1.875,0.1528033
2006-08-02,29.375,-1.875,4.2458506
2006-08-03,29.375,-1.875,28.767292
2006-08-04,29.375,-1.875,4.135991
2006-08-05,29.375,-1.875,9.6748495
2006-08-06,29.375,-1.875,1.3982236
2006-08-07,29.375,-1.875,1.9625881
2006-08-08,29.375,-1.875,0.18840182
2006-08-09,29.375,-1.875,0.40139994
2006-08-10,29.375,-1.875,0.04520032
2006-08-11,29.375,-1.875,0.015200034
2006-08-12,29.375,-1.875,0.0
2006-08-13,29.375,-1.875,0.0
2006-08-14,29.375,-1.875,0.0
2006-08-15,29.375,-1.875,0.0
2006-08-16,29.375,-1.875,0.29099327
2006-08-17,29.375,-1.875,0.024399389
2006-08-18,29.375,-1.875,0.0024000355
2006-08-19,29.375,-1.875,0.0
2006-08-20,29.375,-1.875,0.0
2006-08-21,29.375,-1.875,0.0
2006-08-22,29.375,-1.875,0.007600429
2006-08-23,29.375,-1.875,0.0058002938
2006-08-24,29.375,-1.875,0.005999907
2006-08-25,29.375,-1.875,0.17240663
2006-08-26,29.375,-1.875,1.1037884
2006-08-27,29.375,-1.875,8.255929
2006-08-28,29.375,-1.875,0.16780373
2006-08-29,29.375,-1.875,0.84522104
2006-08-30,29.375,-1.875,6.61338
2006-08-31,29.375,-1.875,1.7499397
2006-09-01,29.375,-1.875,13.298544
2006-09-02,29.375,-1.875,1.3956044
2006-09-03,29.375,-1.875,0.21001074
2006-09-04,29.375,-1.875,0.02940078
2006-09-05,29.375,-1.875,0.006400095
2006-09-06,29.375,-1.875,0.0
2006-09-07,29.375,-1.875,0.010000563
2006-09-08,29.375,-1.875,0.0
2006-09-09,29.375,-1.875,0.00080000533
2006-09-10,29.375,-1.875,0.0
2006-09-11,29.375,-1.875,0.0
2006-09-12,29.375,-1.875,0.006399724
2006-09-13,29.375,-1.875,0.15660773
2006-09-14,29.375,-1.875,0.06639748
2006-09-15,29.375,-1.875,0.069003135
2006-09-16,29.375,-1.875,5.193823
2006-09-17,29.375,-1.875,21.529099
2006-09-18,29.375,-1.875,3.283543
2006-09-19,29.375,-1.875,6.382621
2006-09-20,29.375,-1.875,1.251781
2006-09-21,29.375,-1.875,7.1050262
2006-09-22,29.375,-1.875,0.86821157
2006-09-23,29.375,-1.875,0.0072001065
2006-09-24,29.375,-1.875,0.10180035
2006-09-25,29.375,-1.875,2.3500695
2006-09-26,29.375,-1.875,1.6353945
2006-09-27,29.375,-1.875,11.56451
2006-09-28,29.375,-1.875,0.057401698
2006-09-29,29.375,-1.875,1.1938288
2006-09-30,29.375,-1.875,5.5415697
2006-10-01,29.375,-1.875,2.1839476
2006-10-02,29.375,-1.875,4.7704096
2006-10-03,29.375,-1.875,0.013600767
2006-10-04,29.375,-1.875,0.34078684
2006-10-05,29.375,-1.875,1.6401737
2006-10-06,29.375,-1.875,0.32841337
2006-10-07,29.375,-1.875,0.27300102
2006-10-08,29.375,-1.875,0.025800217
2006-10-09,29.375,-1.875,3.086008
2006-10-10,29.375,-1.875,1.4068288
2006-10-11,29.375,-1.875,4.805221
2006-10-12,29.375,-1.875,0.77020466
2006-10-13,29.375,-1.875,0.114799306
2006-10-14,29.375,-1.875,0.024000356
2006-10-15,29.375,-1.875,1.3154002
2006-10-16,29.375,-1.875,2.6215863
2006-10-17,29.375,-1.875,18.432302
2006-10-18,29.375,-1.875,0.53820133
2006-10-19,29.375,-1.875,0.35480466
2006-10-20,29.375,-1.875,1.6584396
2006-10-21,29.375,-1.875,3.6834152
2006-10-22,29.375,-1.875,9.628181
2006-10-23,29.375,-1.875,5.08384
2006-10-24,29.375,-1.875,2.434816
2006-10-25,29.375,-1.875,11.21937
2006-10-26,29.375,-1.875,1.621051
2006-10-27,29.375,-1.875,0.49481308
2006-10-28,29.375,-1.875,1.1872025
2006-10-29,29.375,-1.875,0.13340273
2006-10-30,29.375,-1.875,3.4495733
2006-10-31,29.375,-1.875,2.374046
2006-11-01,29.375,-1.875,6.369906
2006-11-02,29.375,-1.875,4.901601
2006-11-03,29.375,-1.875,11.415317
2006-11-04,29.375,-1.875,9.665506
2006-11-05,29.375,-1.875,7.4666314
2006-11-06,29.375,-1.875,8.353926
2006-11-07,29.375,-1.875,8.229979
2006-11-08,29.375,-1.875,1.3946204
2006-11-09,29.375,-1.875,4.1793714
2006-11-10,29.375,-1.875,2.9062183
2006-11-11,29.375,-1.875,0.52160823
2006-11-12,29.375,-1.875,1.1372466
2006-11-13,29.375,-1.875,5.351095
2006-11-14,29.375,-1.875,4.342121
2006-11-15,29.375,-1.875,2.5336156
2006-11-16,29.375,-1.875,3.5295792
2006-11-17,29.375,-1.875,0.8610349
2006-11-18,29.375,-1.875,13.041367
2006-11-19,29.375,-1.875,3.5204217
2006-11-20,29.375,-1.875,1.7742137
2006-11-21,29.375,-1.875,12.795738
2006-11-22,29.375,-1.875,18.008036
2006-11-23,29.375,-1.875,3.0678184
2006-11-24,29.375,-1.875,8.927716
2006-11-25,29.375,-1.875,8.7119665
2006-11-26,29.375,-1.875,5.734069
2006-11-27,29.375,-1.875,7.951218
2006-11-28,29.375,-1.875,17.308245
2006-11-29,29.375,-1.875,5.337211
2006-11-30,29.375,-1.875,1.1705813
2006-12-01,29.375,-1.875,10.05293
2006-12-02,29.375,-1.875,5.707586
2006-12-03,29.375,-1.875,10.086258
2006-12-04,29.375,-1.875,0.01840009
2006-12-05,29.375,-1.875,0.5935751
2006-12-06,29.375,-1.875,0.6812049
2006-12-07,29.375,-1.875,2.075824
2006-12-08,29.375,-1.875,2.6353905
2006-12-09,29.375,-1.875,4.994437
2006-12-10,29.375,-1.875,0.0
2006-12-11,29.375,-1.875,0.0
2006-12-12,29.375,-1.875,2.0010405
2006-12-13,29.375,-1.875,13.732765
2006-12-14,29.375,-1.875,4.8198023
2006-12-15,29.375,-1.875,0.33180878
2006-12-16,29.375,-1.875,10.033994
2006-12-17,29.375,-1.875,4.399141
2006-12-18,29.375,-1.875,1.200192
2006-12-19,29.375,-1.875,0.67380416
2006-12-20,29.375,-1.875,2.2132041
2006-12-21,29.375,-1.875,3.5215583
2006-12-22,29.375,-1.875,6.847424
2006-12-23,29.375,-1.875,6.1454134
2006-12-24,29.375,-1.875,6.9301515
2006-12-25,29.375,-1.875,2.3518155
2006-12-26,29.375,-1.875,3.2885761
2006-12-27,29.375,-1.875,7.768379
2006-12-28,29.375,-1.875,2.3407815
2006-12-29,29.375,-1.875,9.60516
2006-12-30,29.375,-1.875,4.7115183
2006-12-31,29.375,-1.875,15.05867
2007-01-01,29.375,-1.875,5.9419646
2007-01-02,29.375,-1.875,0.5187881
2007-01-03,29.375,-1.875,0.39140874
2007-01-04,29.375,-1.875,2.1509306
2007-01-05,29.375,-1.875,0.39339194
2007-01-06,29.375,-1.875,0.10540512
2007-01-07,29.375,-1.875,8.800641
2007-01-08,29.375,-1.875,1.3920245
2007-01-09,29.375,-1.875,0.008000218
2007-01-10,29.375,-1.875,0.01680027
2007-01-11,29.375,-1.875,1.8375597
2007-01-12,29.375,-1.875,10.318176
2007-01-13,29.375,-1.875,17.12605
2007-01-14,29.375,-1.875,3.200175
2007-01-15,29.375,-1.875,1.4813955
2007-01-16,29.375,-1.875,2.1942196
2007-01-17,29.375,-1.875,0.18239523
2007-01-18,29.375,-1.875,5.573083
2007-01-19,29.375,-1.875,10.777255
2007-01-20,29.375,-1.875,6.463809
2007-01-21,29.375,-1.875,5.253995
2007-01-22,29.375,-1.875,4.8709016
2007-01-23,29.375,-1.875,1.4095945
2007-01-24,29.375,-1.875,1.7123331
2007-01-25,29.375,-1.875,2.0997906
2007-01-26,29.375,-1.875,7.587878
2007-01-27,29.375,-1.875,0.08559666
2007-01-28,29.375,-1.875,6.8146033
2007-01-29,29.375,-1.875,3.705786
2007-01-30,29.375,-1.875,9.553568
2007-01-31,29.375,-1.875,1.1498111
2007-02-01,29.375,-1.875,16.293055
2007-02-02,29.375,-1.875,4.0263157
2007-02-03,29.375,-1.875,3.4227781
2007-02-04,29.375,-1.875,8.805135
2007-02-05,29.375,-1.875,9.592967
2007-02-06,29.375,-1.875,4.780682
2007-02-07,29.375,-1.875,8.090568
2007-02-08,29.375,-1.875,10.385321
2007-02-09,29.375,-1.875,1.0438176
2007-02-10,29.375,-1.875,8.018421
2007-02-11,29.375,-1.875,2.800156
2007-02-12,29.375,-1.875,4.6051865
2007-02-13,29.375,-1.875,11.616306
2007-02-14,29.375,-1.875,23.525324
2007-02-15,29.375,-1.875,5.4083424
2007-02-16,29.375,-1.875,1.5786077
2007-02-17,29.375,-1.875,2.931009
2007-02-18,29.375,-1.875,3.4178135
2007-02-19,29.375,-1.875,0.0
2007-02-20,29.375,-1.875,0.0
2007-02-21,29.375,-1.875,0.08520044
2007-02-22,29.375,-1.875,0.106199674
2007-02-23,29.375,-1.875,3.99767
2007-02-24,29.375,-1.875,2.3431675
2007-02-25,29.375,-1.875,7.4443884
2007-02-26,29.375,-1.875,0.89599335
2007-02-27,29.375,-1.875,0.7664239
2007-02-28,29.375,-1.875,4.297008
2007-03-01,29.375,-1.875,20.98255
2007-03-02,29.375,-1.875,0.53040403
2007-03-03,29.375,-1.875,3.118455
2007-03-04,29.375,-1.875,0.30160314
2007-03-05,29.375,-1.875,0.54441047
2007-03-06,29.375,-1.875,0.0
2007-03-07,29.375,-1.875,0.0032000476
2007-03-08,29.375,-1.875,0.009400304
2007-03-09,29.375,-1.875,0.12800188
2007-03-10,29.375,-1.875,1.3210174
2007-03-11,29.375,-1.875,0.57181144
2007-03-12,29.375,-1.875,2.4405904
2007-03-13,29.375,-1.875,0.3524027
2007-03-14,29.375,-1.875,0.7441831
2007-03-15,29.375,-1.875,3.4731736
2007-03-16,29.375,-1.875,1.8449951
2007-03-17,29.375,-1.875,0.7708255
2007-03-18,29.375,-1.875,2.4394338
2007-03-19,29.375,-1.875,0.8524037
2007-03-20,29.375,-1.875,2.3423765
2007-03-21,29.375,-1.875,1.3151778
2007-03-22,29.375,-1.875,4.409691
2007-03-23,29.375,-1.875,0.04539847
2007-03-24,29.375,-1.875,0.8148028
2007-03-25,29.375,-1.875,2.011266
2007-03-26,29.375,-1.875,6.4432383
2007-03-27,29.375,-1.875,27.724752
2007-03-28,29.375,-1.875,0.55601877
2007-03-29,29.375,-1.875,0.13120253
2007-03-30,29.375,-1.875,0.880218
2007-03-31,29.375,-1.875,0.36040735
2007-04-01,29.375,-1.875,0.8486019
2007-04-02,29.375,-1.875,0.00719969
2007-04-03,29.375,-1.875,0.0570032
2007-04-04,29.375,-1.875,1.2607945
2007-04-05,29.375,-1.875,1.7445896
2007-04-06,29.375,-1.875,0.26558882
2007-04-07,29.375,-1.875,0.004799793
2007-04-08,29.375,-1.875,0.4472122
2007-04-09,29.375,-1.875,0.7822001
2007-04-10,29.375,-1.875,9.956981
2007-04-11,29.375,-1.875,23.216774
2007-04-12,29.375,-1.875,5.182646
2007-04-13,29.375,-1.875,20.53403
2007-04-14,29.375,-1.875,9.583806
2007-04-15,29.375,-1.875,2.2443786
2007-04-16,29.375,-1.875,0.46700293
2007-04-17,29.375,-1.875,2.059605
2007-04-18,29.375,-1.875,1.65794
2007-04-19,29.375,-1.875,9.076776
2007-04-20,29.375,-1.875,13.933164
2007-04-21,29.375,-1.875,0.49739936
2007-04-22,29.375,-1.875,1.2039967
2007-04-23,29.375,-1.875,8.437776
2007-04-24,29.375,-1.875,2.0327823
2007-04-25,29.375,-1.875,8.237807
2007-04-26,29.375,-1.875,13.175174
2007-04-27,29.375,-1.875,5.589008
2007-04-28,29.375,-1.875,8.4018
2007-04-29,29.375,-1.875,0.03839992
2007-04-30,29.375,-1.875,1.1060232
2007-05-01,29.375,-1.875,0.41861075
2007-05-02,29.375,-1.875,0.0
2007-05-03,29.375,-1.875,4.63816
2007-05-04,29.375,-1.875,8.982061
2007-05-05,29.375,-1.875,5.1655726
2007-05-06,29.375,-1.875,8.076996
2007-05-07,29.375,-1.875,3.1616397
2007-05-08,29.375,-1.875,0.0
2007-05-09,29.375,-1.875,4.34513
2007-05-10,29.375,-1.875,0.055600405
2007-05-11,29.375,-1.875,0.046202604
2007-05-12,29.375,-1.875,0.05279963
2007-05-13,29.375,-1.875,2.0624604
2007-05-14,29.375,-1.875,4.411591
2007-05-15,29.375,-1.875,8.751149
2007-05-16,29.375,-1.875,6.414756
2007-05-17,29.375,-1.875,2.396816
2007-05-18,29.375,-1.875,4.152571
2007-05-19,29.375,-1.875,1.0277976
2007-05-20,29.375,-1.875,1.0207944
2007-05-21,29.375,-1.875,2.723406
2007-05-22,29.375,-1.875,7.868907
2007-05-23,29.375,-1.875,4.1268334
2007-05-24,29.375,-1.875,3.8397522
2007-05-25,29.375,-1.875,5.7395773
2007-05-26,29.375,-1.875,18.018082
2007-05-27,29.375,-1.875,0.53120244
2007-05-28,29.375,-1.875,3.7408183
2007-05-29,29.375,-1.875,1.4215921
2007-05-30,29.375,-1.875,0.007999735
2007-05-31,29.375,-1.875,2.4894514
2007-06-01,29.375,-1.875,0.21920264
2007-06-02,29.375,-1.875,0.36020035
2007-06-03,29.375,-1.875,0.096800834
2007-06-04,29.375,-1.875,0.3203969
2007-06-05,29.375,-1.875,6.8364754
2007-06-06,29.375,-1.875,7.220782
2007-06-07,29.375,-1.875,18.173323
2007-06-08,29.375,-1.875,2.9075658
2007-06-09,29.375,-1.875,2.9203908
2007-06-10,29.375,-1.875,8.612716
2007-06-11,29.375,-1.875,0.83438784
2007-06-12,29.375,-1.875,0.24739966
2007-06-13,29.375,-1.875,0.52379465
2007-06-14,29.375,-1.875,0.23840052
2007-06-15,29.375,-1.875,1.2413833
2007-06-16,29.375,-1.875,0.961995
2007-06-17,29.375,-1.875,0.09359597
2007-06-18,29.375,-1.875,0.0
2007-06-19,29.375,-1.875,0.0
2007-06-20,29.375,-1.875,0.0
2007-06-21,29.375,-1.875,0.47018677
2007-06-22,29.375,-1.875,0.97678417
2007-06-23,29.375,-1.875,0.024800465
2007-06-24,29.375,-1.875,0.0
2007-06-25,29.375,-1.875,0.0
2007-06-26,29.375,-1.875,0.0
2007-06-27,29.375,-1.875,0.09279616
2007-06-28,29.375,-1.875,0.0
2007-06-29,29.375,-1.875,0.0
2007-06-30,29.375,-1.875,0.05279773
2007-07-01,29.375,-1.875,2.2491822
2007-07-02,29.375,-1.875,9.831685
2007-07-03,29.375,-1.875,6.320985
2007-07-04,29.375,-1.875,3.1924555
2007-07-05,29.375,-1.875,0.39518332
2007-07-06,29.375,-1.875,0.0
2007-07-07,29.375,-1.875,0.00020001127
2007-07-08,29.375,-1.875,0.045198176
2007-07-09,29.375,-1.875,0.0
2007-07-10,29.375,-1.875,0.0
2007-07-11,29.375,-1.875,0.018799767
2007-07-12,29.375,-1.875,0.384206
2007-07-13,29.375,-1.875,0.0
2007-07-14,29.375,-1.875,0.0
2007-07-15,29.375,-1.875,0.0
2007-07-16,29.375,-1.875,0.0
2007-07-17,29.375,-1.875,0.0
2007-07-18,29.375,-1.875,0.6428092
2007-07-19,29.375,-1.875,0.34680447
2007-07-20,29.375,-1.875,0.0010000563
2007-07-21,29.375,-1.875,0.0
2007-07-22,29.375,-1.875,0.0
2007-07-23,29.375,-1.875,0.0008000119
2007-07-24,29.375,-1.875,0.010200575
2007-07-25,29.375,-1.875,0.02840112
2007-07-26,29.375,-1.875,2.1060054
2007-07-27,29.375,-1.875,7.8792253
2007-07-28,29.375,-1.875,17.700594
2007-07-29,29.375,-1.875,10.092635
2007-07-30,29.375,-1.875,0.53298634
2007-07-31,29.375,-1.875,0.689205
2007-08-01,29.375,-1.875,0.14660609
2007-08-02,29.375,-1.875,0.29840526
2007-08-03,29.375,-1.875,0.0076000565
2007-08-04,29.375,-1.875,4.664242
2007-08-05,29.375,-1.875,4.0690312
2007-08-06,29.375,-1.875,0.0
2007-08-07,29.375,-1.875,0.0
2007-08-08,29.375,-1.875,0.22660725
2007-08-09,29.375,-1.875,0.0
2007-08-10,29.375,-1.875,0.005000282
2007-08-11,29.375,-1.875,0.2166122
2007-08-12,29.375,-1.875,0.0
2007-08-13,29.375,-1.875,0.05240126
2007-08-14,29.375,-1.875,1.3405536
2007-08-15,29.375,-1.875,2.5550165
2007-08-16,29.375,-1.875,9.734454
2007-08-17,29.375,-1.875,5.9447684
2007-08-18,29.375,-1.875,1.665581
2007-08-19,29.375,-1.875,0.26940465
2007-08-20,29.375,-1.875,0.07119982
2007-08-21,29.375,-1.875,0.0071999445
2007-08-22,29.375,-1.875,0.009199935
2007-08-23,29.375,-1.875,0.025599752
2007-08-24,29.375,-1.875,0.008600485
2007-08-25,29.375,-1.875,0.0
2007-08-26,29.375,-1.875,0.009799637
2007-08-27,29.375,-1.875,0.0
2007-08-28,29.375,-1.875,0.070398085
2007-08-29,29.375,-1.875,0.0
2007-08-30,29.375,-1.875,0.5893885
2007-08-31,29.375,-1.875,0.0008000119
2007-09-01,29.375,-1.875,0.24139763
2007-09-02,29.375,-1.875,1.2058237
2007-09-03,29.375,-1.875,1.7804383
2007-09-04,29.375,-1.875,8.09475
2007-09-05,29.375,-1.875,4.5574255
2007-09-06,29.375,-1.875,0.6931904
2007-09-07,29.375,-1.875,23.353397
2007-09-08,29.375,-1.875,0.8842246
2007-09-09,29.375,-1.875,2.3205826
2007-09-10,29.375,-1.875,0.9734079
2007-09-11,29.375,-1.875,0.35180938
2007-09-12,29.375,-1.875,13.080869
2007-09-13,29.375,-1.875,19.62258
2007-09-14,29.375,-1.875,10.843742
2007-09-15,29.375,-1.875,2.9825256
2007-09-16,29.375,-1.875,6.265797
2007-09-17,29.375,-1.875,22.179289
2007-09-18,29.375,-1.875,8.617189
2007-09-19,29.375,-1.875,0.17900953
2007-09-20,29.375,-1.875,0.0107997935
2007-09-21,29.375,-1.875,0.42240274
2007-09-22,29.375,-1.875,0.0
2007-09-23,29.375,-1.875,0.0
2007-09-24,29.375,-1.875,0.00020001127
2007-09-25,29.375,-1.875,0.0
2007-09-26,29.375,-1.875,0.005200293
2007-09-27,29.375,-1.875,0.01719964
2007-09-28,29.375,-1.875,0.0
2007-09-29,29.375,-1.875,0.003199862
2007-09-30,29.375,-1.875,6.8664856
2007-10-01,29.375,-1.875,19.920341
2007-10-02,29.375,-1.875,2.5116668
2007-10-03,29.375,-1.875,6.771803
2007-10-04,29.375,-1.875,0.12920038
2007-10-05,29.375,-1.875,0.0024001352
2007-10-06,29.375,-1.875,2.2264743
2007-10-07,29.375,-1.875,5.9277344
2007-10-08,29.375,-1.875,3.2103486
2007-10-09,29.375,-1.875,5.9028068
2007-10-10,29.375,-1.875,17.98521
2007-10-11,29.375,-1.875,6.74213
2007-10-12,29.375,-1.875,5.01121
2007-10-13,29.375,-1.875,0.07479907
2007-10-14,29.375,-1.875,1.8070415
2007-10-15,29.375,-1.875,11.959959
2007-10-16,29.375,-1.875,3.4933736
2007-10-17,29.375,-1.875,0.6849971
2007-10-18,29.375,-1.875,0.10119861
2007-10-19,29.375,-1.875,2.287435
2007-10-20,29.375,-1.875,0.5652071
2007-10-21,29.375,-1.875,0.7213903
2007-10-22,29.375,-1.875,3.631972
2007-10-23,29.375,-1.875,1.2426
2007-10-24,29.375,-1.875,1.0238109
2007-10-25,29.375,-1.875,0.6336179
2007-10-26,29.375,-1.875,4.1268373
2007-10-27,29.375,-1.875,3.557142
2007-10-28,29.375,-1.875,2.7022002
2007-10-29,29.375,-1.875,0.1648083
2007-10-30,29.375,-1.875,0.044202358
2007-10-31,29.375,-1.875,0.0
2007-11-01,29.375,-1.875,0.34699798
2007-11-02,29.375,-1.875,37.11051
2007-11-03,29.375,-1.875,17.603888
2007-11-04,29.375,-1.875,10.645604
2007-11-05,29.375,-1.875,5.2476797
2007-11-06,29.375,-1.875,7.22665
2007-11-07,29.375,-1.875,14.256604
2007-11-08,29.375,-1.875,0.27559888
2007-11-09,29.375,-1.875,0.08799637
2007-11-10,29.375,-1.875,5.0241423
2007-11-11,29.375,-1.875,6.5069137
2007-11-12,29.375,-1.875,3.4439456
2007-11-13,29.375,-1.875,4.671761
2007-11-14,29.375,-1.875,3.3576164
2007-11-15,29.375,-1.875,1.7095731
2007-11-16,29.375,-1.875,2.5660315
2007-11-17,29.375,-1.875,7.9274964
2007-11-18,29.375,-1.875,1.424619
2007-11-19,29.375,-1.875,5.627966
2007-11-20,29.375,-1.875,5.163525
2007-11-21,29.375,-1.875,0.23260483
2007-11-22,29.375,-1.875,2.249396
2007-11-23,29.375,-1.875,6.803755
2007-11-24,29.375,-1.875,4.404001
2007-11-25,29.375,-1.875,0.3396169
2007-11-26,29.375,-1.875,4.6219616
2007-11-27,29.375,-1.875,7.1460867
2007-11-28,29.375,-1.875,3.4312024
2007-11-29,29.375,-1.875,1.2854158
2007-11-30,29.375,-1.875,2.2546268
2007-12-01,29.375,-1.875,0.4552093
2007-12-02,29.375,-1.875,1.5375873
2007-12-03,29.375,-1.875,0.7027927
2007-12-04,29.375,-1.875,1.4612545
2007-12-05,29.375,-1.875,0.41059965
2007-12-06,29.375,-1.875,0.031000014
2007-12-07,29.375,-1.875,3.2135618
2007-12-08,29.375,-1.875,11.489183
2007-12-09,29.375,-1.875,4.583234
2007-12-10,29.375,-1.875,0.023400612
2007-12-11,29.375,-1.875,0.6569921
2007-12-12,29.375,-1.875,1.0628027
2007-12-13,29.375,-1.875,2.189445
2007-12-14,29.375,-1.875,3.16659
2007-12-15,29.375,-1.875,0.040799446
2007-12-16,29.375,-1.875,0.0
2007-12-17,29.375,-1.875,0.007999655
2007-12-18,29.375,-1.875,0.87400895
2007-12-19,29.375,-1.875,0.15900053
2007-12-20,29.375,-1.875,5.4514713
2007-12-21,29.375,-1.875,8.446304
2007-12-22,29.375,-1.875,0.47820315
2007-12-23,29.375,-1.875,0.62059474
2007-12-24,29.375,-1.875,0.9712087
2007-12-25,29.375,-1.875,1.0036181
2007-12-26,29.375,-1.875,3.2413588
2007-12-27,29.375,-1.875,1.236389
2007-12-28,29.375,-1.875,0.5381944
2007-12-29,29.375,-1.875,0.038601264
2007-12-30,29.375,-1.875,0.073998064
2007-12-31,29.375,-1.875,1.893023
2008-01-01,29.375,-1.875,0.0
2008-01-02,29.375,-1.875,0.5628039
2008-01-03,29.375,-1.875,0.055200823
2008-01-04,29.375,-1.875,0.02239991
2008-01-05,29.375,-1.875,1.2191497
2008-01-06,29.375,-1.875,0.056800243
2008-01-07,29.375,-1.875,0.18759924
2008-01-08,29.375,-1.875,0.12520505
2008-01-09,29.375,-1.875,1.7619832
2008-01-10,29.375,-1.875,0.2209955
2008-01-11,29.375,-1.875,0.13179606
2008-01-12,29.375,-1.875,0.04580084
2008-01-13,29.375,-1.875,1.5634
2008-01-14,29.375,-1.875,8.073318
2008-01-15,29.375,-1.875,1.6503832
2008-01-16,29.375,-1.875,1.1951898
2008-01-17,29.375,-1.875,8.115055
2008-01-18,29.375,-1.875,0.9529836
2008-01-19,29.375,-1.875,0.042399142
2008-01-20,29.375,-1.875,0.9522279
2008-01-21,29.375,-1.875,9.1953335
2008-01-22,29.375,-1.875,7.0658345
2008-01-23,29.375,-1.875,5.5108385
2008-01-24,29.375,-1.875,5.0805717
2008-01-25,29.375,-1.875,32.536457
2008-01-26,29.375,-1.875,28.828346
2008-01-27,29.375,-1.875,9.025653
2008-01-28,29.375,-1.875,0.4943868
2008-01-29,29.375,-1.875,2.1999912
2008-01-30,29.375,-1.875,1.3992118
2008-01-31,29.375,-1.875,0.4766167
2008-02-01,29.375,-1.875,0.31139603
2008-02-02,29.375,-1.875,0.25340423
2008-02-03,29.375,-1.875,0.10820297
2008-02-04,29.375,-1.875,5.5503263
2008-02-05,29.375,-1.875,8.605753
2008-02-06,29.375,-1.875,3.7923996
2008-02-07,29.375,-1.875,4.132251
2008-02-08,29.375,-1.875,10.321796
2008-02-09,29.375,-1.875,2.088389
2008-02-10,29.375,-1.875,8.552819
2008-02-11,29.375,-1.875,13.428898
2008-02-12,29.375,-1.875,4.6595397
2008-02-13,29.375,-1.875,3.9029803
2008-02-14,29.375,-1.875,2.561934
2008-02-15,29.375,-1.875,5.442453
2008-02-16,29.375,-1.875,2.713276
2008-02-17,29.375,-1.875,1.8875993
2008-02-18,29.375,-1.875,0.6992135
2008-02-19,29.375,-1.875,0.27879697
2008-02-20,29.375,-1.875,0.48859084
2008-02-21,29.375,-1.875,2.1444616
2008-02-22,29.375,-1.875,0.076000534
2008-02-23,29.375,-1.875,0.0008000119
2008-02-24,29.375,-1.875,5.8947196
2008-02-25,29.375,-1.875,12.550368
2008-02-26,29.375,-1.875,8.95828
2008-02-27,29.375,-1.875,4.060117
2008-02-28,29.375,-1.875,0.033199716
2008-02-29,29.375,-1.875,0.0064001284
2008-03-01,29.375,-1.875,3.5060163
2008-03-02,29.375,-1.875,1.6869771
2008-03-03,29.375,-1.875,4.1040864
2008-03-04,29.375,-1.875,5.848876
2008-03-05,29.375,-1.875,13.342257
2008-03-06,29.375,-1.875,0.05900053
2008-03-07,29.375,-1.875,4.4025984
2008-03-08,29.375,-1.875,2.2505913
2008-03-09,29.375,-1.875,9.653399
2008-03-10,29.375,-1.875,19.45066
2008-03-11,29.375,-1.875,4.9676013
2008-03-12,29.375,-1.875,1.9803951
2008-03-13,29.375,-1.875,9.570964
2008-03-14,29.375,-1.875,1.1457961
2008-03-15,29.375,-1.875,12.922223
2008-03-16,29.375,-1.875,0.020000018
2008-03-17,29.375,-1.875,13.016627
2008-03-18,29.375,-1.875,1.5325811
2008-03-19,29.375,-1.875,6.266386
2008-03-20,29.375,-1.875,4.9288144
2008-03-21,29.375,-1.875,11.770962
2008-03-22,29.375,-1.875,9.555406
2008-03-23,29.375,-1.875,7.2560005
2008-03-24,29.375,-1.875,0.44719982
2008-03-25,29.375,-1.875,8.477302
2008-03-26,29.375,-1.875,7.964643
2008-03-27,29.375,-1.875,17.354065
2008-03-28,29.375,-1.875,3.888173
2008-03-29,29.375,-1.875,8.381622
2008-03-30,29.375,-1.875,6.6137104
2008-03-31,29.375,-1.875,1.7764468
2008-04-01,29.375,-1.875,3.9509342
2008-04-02,29.375,-1.875,0.012800324
2008-04-03,29.375,-1.875,0.00020001127
2008-04-04,29.375,-1.875,0.058200736
2008-04-05,29.375,-1.875,0.17380601
2008-04-06,29.375,-1.875,1.2096328
2008-04-07,29.375,-1.875,0.0034000918
2008-04-08,29.375,-1.875,2.763039
2008-04-09,29.375,-1.875,3.16595
2008-04-10,29.375,-1.875,14.422109
2008-04-11,29.375,-1.875,2.5497117
2008-04-12,29.375,-1.875,10.466605
2008-04-13,29.375,-1.875,5.459853
2008-04-14,29.375,-1.875,10.823254
2008-04-15,29.375,-1.875,3.1653845
2008-04-16,29.375,-1.875,2.3216565
2008-04-17,29.375,-1.875,3.7085607
2008-04-18,29.375,-1.875,1.1196003
2008-04-19,29.375,-1.875,2.277622
2008-04-20,29.375,-1.875,2.0852315
2008-04-21,29.375,-1.875,6.9895544
2008-04-22,29.375,-1.875,2.3135679
2008-04-23,29.375,-1.875,4.707546
2008-04-24,29.375,-1.875,7.1823845
2008-04-25,29.375,-1.875,2.4619818
2008-04-26,29.375,-1.875,0.40181357
2008-04-27,29.375,-1.875,0.03379932
2008-04-28,29.375,-1.875,0.010399552
2008-04-29,29.375,-1.875,0.01000002
2008-04-30,29.375,-1.875,2.2892542
2008-05-01,29.375,-1.875,1.3197889
2008-05-02,29.375,-1.875,0.3628012
2008-05-03,29.375,-1.875,0.0014000457
2008-05-04,29.375,-1.875,1.553619
2008-05-05,29.375,-1.875,0.021801228
2008-05-06,29.375,-1.875,0.0
2008-05-07,29.375,-1.875,0.09959571
2008-05-08,29.375,-1.875,0.45078057
2008-05-09,29.375,-1.875,4.7214985
2008-05-10,29.375,-1.875,1.5725758
2008-05-11,29.375,-1.875,2.0022562
2008-05-12,29.375,-1.875,6.5438914
2008-05-13,29.375,-1.875,6.834792
2008-05-14,29.375,-1.875,16.540607
2008-05-15,29.375,-1.875,0.7874022
2008-05-16,29.375,-1.875,1.3837966
2008-05-17,29.375,-1.875,0.54440826
2008-05-18,29.375,-1.875,0.07460271
2008-05-19,29.375,-1.875,0.02120053
2008-05-20,29.375,-1.875,2.8692417
2008-05-21,29.375,-1.875,7.2060013
2008-05-22,29.375,-1.875,5.575326
2008-05-23,29.375,-1.875,3.5006258
2008-05-24,29.375,-1.875,2.257432
2008-05-25,29.375,-1.875,1.7441754
2008-05-26,29.375,-1.875,5.102249
2008-05-27,29.375,-1.875,2.2519438
2008-05-28,29.375,-1.875,0.7139803
2008-05-29,29.375,-1.875,2.3594234
2008-05-30,29.375,-1.875,1.9954267
2008-05-31,29.375,-1.875,0.32938668
2008-06-01,29.375,-1.875,9.085372
2008-06-02,29.375,-1.875,6.554639
2008-06-03,29.375,-1.875,6.9418774
2008-06-04,29.375,-1.875,6.15878
2008-06-05,29.375,-1.875,28.141758
2008-06-06,29.375,-1.875,6.3465915
2008-06-07,29.375,-1.875,8.590998
2008-06-08,29.375,-1.875,12.151442
2008-06-09,29.375,-1.875,3.1701775
2008-06-10,29.375,-1.875,3.6278563
2008-06-11,29.375,-1.875,1.2057952
2008-06-12,29.375,-1.875,0.19759734
2008-06-13,29.375,-1.875,0.0
2008-06-14,29.375,-1.875,0.0012000676
2008-06-15,29.375,-1.875,0.0
2008-06-16,29.375,-1.875,0.09120135
2008-06-17,29.375,-1.875,0.17080699
2008-06-18,29.375,-1.875,0.06960268
2008-06-19,29.375,-1.875,0.21641213
2008-06-20,29.375,-1.875,0.39158568
2008-06-21,29.375,-1.875,0.06600101
2008-06-22,29.375,-1.875,0.009599585
2008-06-23,29.375,-1.875,0.00040002255
2008-06-24,29.375,-1.875,0.0
2008-06-25,29.375,-1.875,0.17559537
2008-06-26,29.375,-1.875,0.0
2008-06-27,29.375,-1.875,0.0008000451
2008-06-28,29.375,-1.875,0.0
2008-06-29,29.375,-1.875,0.0
2008-06-30,29.375,-1.875,0.0023999761
2008-07-01,29.375,-1.875,0.043199252
2008-07-02,29.375,-1.875,0.012799448
2008-07-03,29.375,-1.875,0.8042027
2008-07-04,29.375,-1.875,2.389465
2008-07-05,29.375,-1.875,0.0995957
2008-07-06,29.375,-1.875,4.7437425
2008-07-07,29.375,-1.875,0.3838037
2008-07-08,29.375,-1.875,0.0
2008-07-09,29.375,-1.875,0.0
2008-07-10,29.375,-1.875,0.0020000297
2008-07-11,29.375,-1.875,0.011999484
2008-07-12,29.375,-1.875,2.1677706
2008-07-13,29.375,-1.875,0.001599931
2008-07-14,29.375,-1.875,0.35340297
2008-07-15,29.375,-1.875,0.046998728
2008-07-16,29.375,-1.875,0.0
2008-07-17,29.375,-1.875,0.27340448
2008-07-18,29.375,-1.875,0.0
2008-07-19,29.375,-1.875,0.45159686
2008-07-20,29.375,-1.875,2.6583848
2008-07-21,29.375,-1.875,0.067002796
2008-07-22,29.375,-1.875,0.0
2008-07-23,29.375,-1.875,1.5082568
2008-07-24,29.375,-1.875,2.6353583
2008-07-25,29.375,-1.875,0.305806
2008-07-26,29.375,-1.875,0.0007999655
2008-07-27,29.375,-1.875,0.0
2008-07-28,29.375,-1.875,0.6870028
2008-07-29,29.375,-1.875,0.88521135
2008-07-30,29.375,-1.875,0.0720001
2008-07-31,29.375,-1.875,0.028401103
2008-08-01,29.375,-1.875,0.19320017
2008-08-02,29.375,-1.875,0.0019999137
2008-08-03,29.375,-1.875,0.03800042
2008-08-04,29.375,-1.875,0.33960533
2008-08-05,29.375,-1.875,2.833764
2008-08-06,29.375,-1.875,11.0108795
2008-08-07,29.375,-1.875,3.1312327
2008-08-08,29.375,-1.875,0.6202291
2008-08-09,29.375,-1.875,0.27319023
2008-08-10,29.375,-1.875,0.0
2008-08-11,29.375,-1.875,0.0
2008-08-12,29.375,-1.875,0.0
2008-08-13,29.375,-1.875,0.057598356
2008-08-14,29.375,-1.875,0.022799294
2008-08-15,29.375,-1.875,0.09660444
2008-08-16,29.375,-1.875,0.0016000902
2008-08-17,29.375,-1.875,0.0
2008-08-18,29.375,-1.875,0.06319964
2008-08-19,29.375,-1.875,0.0071998294
2008-08-20,29.375,-1.875,0.07640059
2008-08-21,29.375,-1.875,0.7099922
2008-08-22,29.375,-1.875,1.3189999
2008-08-23,29.375,-1.875,0.034801364
2008-08-24,29.375,-1.875,0.17300583
2008-08-25,29.375,-1.875,0.29761136
2008-08-26,29.375,-1.875,8.126112
2008-08-27,29.375,-1.875,6.703458
2008-08-28,29.375,-1.875,4.546858
2008-08-29,29.375,-1.875,1.3502165
2008-08-30,29.375,-1.875,1.9510357
2008-08-31,29.375,-1.875,1.8532398
2008-09-01,29.375,-1.875,5.6385655
2008-09-02,29.375,-1.875,1.6408567
2008-09-03,29.375,-1.875,0.008800496
2008-09-04,29.375,-1.875,0.0
2008-09-05,29.375,-1.875,0.008800098
2008-09-06,29.375,-1.875,0.0
2008-09-07,29.375,-1.875,0.012800191
2008-09-08,29.375,-1.875,2.0908265
2008-09-09,29.375,-1.875,4.452532
2008-09-10,29.375,-1.875,3.772439
2008-09-11,29.375,-1.875,10.606653
2008-09-12,29.375,-1.875,4.0598264
2008-09-13,29.375,-1.875,1.0419929
2008-09-14,29.375,-1.875,0.0020001126
2008-09-15,29.375,-1.875,0.0077998033
2008-09-16,29.375,-1.875,0.060797453
2008-09-17,29.375,-1.875,0.26101205
2008-09-18,29.375,-1.875,3.4005136
2008-09-19,29.375,-1.875,0.48321694
2008-09-20,29.375,-1.875,5.645072
2008-09-21,29.375,-1.875,0.026998898
2008-09-22,29.375,-1.875,7.9828663
2008-09-23,29.375,-1.875,20.090183
2008-09-24,29.375,-1.875,7.428781
2008-09-25,29.375,-1.875,0.8668105
2008-09-26,29.375,-1.875,1.3132008
2008-09-27,29.375,-1.875,0.0075999307
2008-09-28,29.375,-1.875,3.8724768
2008-09-29,29.375,-1.875,5.4890356
2008-09-30,29.375,-1.875,0.67859066
2008-10-01,29.375,-1.875,1.6568285
2008-10-02,29.375,-1.875,1.9231932
2008-10-03,29.375,-1.875,4.6341662
2008-10-04,29.375,-1.875,3.9804432
2008-10-05,29.375,-1.875,0.49260703
2008-10-06,29.375,-1.875,1.1700027
2008-10-07,29.375,-1.875,0.071198404
2008-10-08,29.375,-1.875,2.3030095
2008-10-09,29.375,-1.875,3.2883809
2008-10-10,29.375,-1.875,0.23279332
2008-10-11,29.375,-1.875,3.5657928
2008-10-12,29.375,-1.875,6.1730056
2008-10-13,29.375,-1.875,7.2451024
2008-10-14,29.375,-1.875,3.448584
2008-10-15,29.375,-1.875,1.7698175
2008-10-16,29.375,-1.875,0.0056003155
2008-10-17,29.375,-1.875,0.69419867
2008-10-18,29.375,-1.875,0.04580258
2008-10-19,29.375,-1.875,3.992211
2008-10-20,29.375,-1.875,3.8548422
2008-10-21,29.375,-1.875,10.209404
2008-10-22,29.375,-1.875,28.169704
2008-10-23,29.375,-1.875,4.3304863
2008-10-24,29.375,-1.875,29.018799
2008-10-25,29.375,-1.875,1.7764308
2008-10-26,29.375,-1.875,2.1330183
2008-10-27,29.375,-1.875,0.42500103
2008-10-28,29.375,-1.875,16.576445
2008-10-29,29.375,-1.875,3.1198316
2008-10-30,29.375,-1.875,4.236446
2008-10-31,29.375,-1.875,3.336608
2008-11-01,29.375,-1.875,2.627677
2008-11-02,29.375,-1.875,1.9190186
2008-11-03,29.375,-1.875,6.262911
2008-11-04,29.375,-1.875,8.601377
2008-11-05,29.375,-1.875,0.53700376
2008-11-06,29.375,-1.875,8.597367
2008-11-07,29.375,-1.875,24.296152
2008-11-08,29.375,-1.875,8.502178
2008-11-09,29.375,-1.875,5.522217
2008-11-10,29.375,-1.875,3.7458029
2008-11-11,29.375,-1.875,2.0176506
2008-11-12,29.375,-1.875,2.8632057
2008-11-13,29.375,-1.875,1.0195944
2008-11-14,29.375,-1.875,5.818762
2008-11-15,29.375,-1.875,2.431346
2008-11-16,29.375,-1.875,0.42261624
2008-11-17,29.375,-1.875,6.51223
2008-11-18,29.375,-1.875,9.474768
2008-11-19,29.375,-1.875,4.7748246
2008-11-20,29.375,-1.875,5.0315742
2008-11-21,29.375,-1.875,0.029599603
2008-11-22,29.375,-1.875,2.0255733
2008-11-23,29.375,-1.875,0.48158664
2008-11-24,29.375,-1.875,0.0
2008-11-25,29.375,-1.875,0.6471976
2008-11-26,29.375,-1.875,1.2485981
2008-11-27,29.375,-1.875,1.7952154
2008-11-28,29.375,-1.875,1.8718122
2008-11-29,29.375,-1.875,7.5717955
2008-11-30,29.375,-1.875,1.1271796
2008-12-01,29.375,-1.875,0.47839203
2008-12-02,29.375,-1.875,4.9566083
2008-12-03,29.375,-1.875,12.2751465
2008-12-04,29.375,-1.875,26.303253
2008-12-05,29.375,-1.875,9.466283
2008-12-06,29.375,-1.875,1.6627904
2008-12-07,29.375,-1.875,0.004799839
2008-12-08,29.375,-1.875,0.34020352
2008-12-09,29.375,-1.875,9.973217
2008-12-10,29.375,-1.875,19.549154
2008-12-11,29.375,-1.875,0.15359674
2008-12-12,29.375,-1.875,0.0
2008-12-13,29.375,-1.875,0.34959257
2008-12-14,29.375,-1.875,0.30460757
2008-12-15,29.375,-1.875,0.0016000902
2008-12-16,29.375,-1.875,0.22099912
2008-12-17,29.375,-1.875,0.19979781
2008-12-18,29.375,-1.875,2.0517826
2008-12-19,29.375,-1.875,0.88056433
2008-12-20,29.375,-1.875,2.8523626
2008-12-21,29.375,-1.875,0.103003666
2008-12-22,29.375,-1.875,0.059599385
2008-12-23,29.375,-1.875,0.01240024
2008-12-24,29.375,-1.875,2.4329937
2008-12-25,29.375,-1.875,9.846305
2008-12-26,29.375,-1.875,7.247384
2008-12-27,29.375,-1.875,9.001934
2008-12-28,29.375,-1.875,0.16220757
2008-12-29,29.375,-1.875,3.3604033
2008-12-30,29.375,-1.875,1.9686221
2008-12-31,29.375,-1.875,3.3213718
2009-01-01,29.375,-1.875,1.6262497
2009-01-02,29.375,-1.875,0.0
2009-01-03,29.375,-1.875,0.63060373
2009-01-04,29.375,-1.875,1.6294038
2009-01-05,29.375,-1.875,10.321745
2009-01-06,29.375,-1.875,1.2999914
2009-01-07,29.375,-1.875,4.7869296
2009-01-08,29.375,-1.875,1.2987735
2009-01-09,29.375,-1.875,0.8122141
2009-01-10,29.375,-1.875,9.258598
2009-01-11,29.375,-1.875,0.06100162
2009-01-12,29.375,-1.875,0.059199125
2009-01-13,29.375,-1.875,0.038000643
2009-01-14,29.375,-1.875,0.12459949
2009-01-15,29.375,-1.875,0.04840236
2009-01-16,29.375,-1.875,1.4731725
2009-01-17,29.375,-1.875,0.9284121
2009-01-18,29.375,-1.875,0.7938224
2009-01-19,29.375,-1.875,3.0199988
2009-01-20,29.375,-1.875,4.5173635
2009-01-21,29.375,-1.875,7.2205715
2009-01-22,29.375,-1.875,0.12140189
2009-01-23,29.375,-1.875,1.9224386
2009-01-24,29.375,-1.875,5.711644
2009-01-25,29.375,-1.875,3.7507877
2009-01-26,29.375,-1.875,1.0710016
2009-01-27,29.375,-1.875,0.21540341
2009-01-28,29.375,-1.875,15.952088
2009-01-29,29.375,-1.875,4.55116
2009-01-30,29.375,-1.875,1.7616153
2009-01-31,29.375,-1.875,0.41881117
2009-02-01,29.375,-1.875,10.556021
2009-02-02,29.375,-1.875,5.089226
2009-02-03,29.375,-1.875,1.68463
2009-02-04,29.375,-1.875,19.183971
2009-02-05,29.375,-1.875,4.1654263
2009-02-06,29.375,-1.875,9.305372
2009-02-07,29.375,-1.875,3.2255764
2009-02-08,29.375,-1.875,4.01326
2009-02-09,29.375,-1.875,1.3252151
2009-02-10,29.375,-1.875,0.54379827
2009-02-11,29.375,-1.875,3.9815407
2009-02-12,29.375,-1.875,5.865551
2009-02-13,29.375,-1.875,1.1465795
2009-02-14,29.375,-1.875,0.0072001065
2009-02-15,29.375,-1.875,0.018400272
2009-02-16,29.375,-1.875,0.48381215
2009-02-17,29.375,-1.875,1.7854023
2009-02-18,29.375,-1.875,16.815577
2009-02-19,29.375,-1.875,0.3244064
2009-02-20,29.375,-1.875,4.247586
2009-02-21,29.375,-1.875,0.10439603
2009-02-22,29.375,-1.875,2.7405992
2009-02-23,29.375,-1.875,8.985739
2009-02-24,29.375,-1.875,3.2364097
2009-02-25,29.375,-1.875,0.5126128
2009-02-26,29.375,-1.875,0.16739702
2009-02-27,29.375,-1.875,0.6441959
2009-02-28,29.375,-1.875,6.626045
2009-03-01,29.375,-1.875,13.248942
2009-03-02,29.375,-1.875,10.449587
2009-03-03,29.375,-1.875,0.12499755
2009-03-04,29.375,-1.875,0.8282176
2009-03-05,29.375,-1.875,2.118778
2009-03-06,29.375,-1.875,0.8874035
2009-03-07,29.375,-1.875,6.2583613
2009-03-08,29.375,-1.875,0.0040000593
2009-03-09,29.375,-1.875,0.01600063
2009-03-10,29.375,-1.875,0.0029999302
2009-03-11,29.375,-1.875,1.1398063
2009-03-12,29.375,-1.875,1.2309698
2009-03-13,29.375,-1.875,8.075716
2009-03-14,29.375,-1.875,4.2851815
2009-03-15,29.375,-1.875,0.002800158
2009-03-16,29.375,-1.875,2.684558
2009-03-17,29.375,-1.875,14.464346
2009-03-18,29.375,-1.875,6.4737954
2009-03-19,29.375,-1.875,0.9332377
2009-03-20,29.375,-1.875,0.78358537
2009-03-21,29.375,-1.875,0.0
2009-03-22,29.375,-1.875,11.044675
2009-03-23,29.375,-1.875,0.006399724
2009-03-24,29.375,-1.875,2.1144047
2009-03-25,29.375,-1.875,0.3427964
2009-03-26,29.375,-1.875,0.0
2009-03-27,29.375,-1.875,0.0
2009-03-28,29.375,-1.875,0.0
2009-03-29,29.375,-1.875,0.121202365
2009-03-30,29.375,-1.875,11.355501
2009-03-31,29.375,-1.875,6.672302
2009-04-01,29.375,-1.875,1.7505832
2009-04-02,29.375,-1.875,10.439242
2009-04-03,29.375,-1.875,4.831199
2009-04-04,29.375,-1.875,3.3126686
2009-04-05,29.375,-1.875,11.157974
2009-04-06,29.375,-1.875,1.781829
2009-04-07,29.375,-1.875,1.0030161
2009-04-08,29.375,-1.875,12.877793
2009-04-09,29.375,-1.875,5.3092437
2009-04-10,29.375,-1.875,2.3478236
2009-04-11,29.375,-1.875,10.534369
2009-04-12,29.375,-1.875,8.552702
2009-04-13,29.375,-1.875,0.882398
2009-04-14,29.375,-1.875,3.9483647
2009-04-15,29.375,-1.875,6.948464
2009-04-16,29.375,-1.875,0.24599728
2009-04-17,29.375,-1.875,0.051197816
2009-04-18,29.375,-1.875,0.61242163
2009-04-19,29.375,-1.875,24.560915
2009-04-20,29.375,-1.875,10.140479
2009-04-21,29.375,-1.875,1.0764102
2009-04-22,29.375,-1.875,4.517838
2009-04-23,29.375,-1.875,0.63459885
2009-04-24,29.375,-1.875,0.5045931
2009-04-25,29.375,-1.875,0.0
2009-04-26,29.375,-1.875,0.73118734
2009-04-27,29.375,-1.875,4.6085033
2009-04-28,29.375,-1.875,11.117549
2009-04-29,29.375,-1.875,0.7365954
2009-04-30,29.375,-1.875,9.294204
2009-05-01,29.375,-1.875,4.11125
2009-05-02,29.375,-1.875,4.9461603
2009-05-03,29.375,-1.875,4.9435644
2009-05-04,29.375,-1.875,0.0028001578
2009-05-05,29.375,-1.875,0.03460195
2009-05-06,29.375,-1.875,0.41179687
2009-05-07,29.375,-1.875,2.0929718
2009-05-08,29.375,-1.875,0.094803154
2009-05-09,29.375,-1.875,0.22521184
2009-05-10,29.375,-1.875,3.8579392
2009-05-11,29.375,-1.875,20.794474
2009-05-12,29.375,-1.875,6.781827
2009-05-13,29.375,-1.875,1.541213
2009-05-14,29.375,-1.875,1.0583701
2009-05-15,29.375,-1.875,5.3115325
2009-05-16,29.375,-1.875,3.0081658
2009-05-17,29.375,-1.875,5.5116005
2009-05-18,29.375,-1.875,0.59419435
2009-05-19,29.375,-1.875,2.622993
2009-05-20,29.375,-1.875,2.518795
2009-05-21,29.375,-1.875,6.1465874
2009-05-22,29.375,-1.875,0.7902053
2009-05-23,29.375,-1.875,0.2004041
2009-05-24,29.375,-1.875,0.09960361
2009-05-25,29.375,-1.875,2.1640372
2009-05-26,29.375,-1.875,0.75041044
2009-05-27,29.375,-1.875,4.5936165
2009-05-28,29.375,-1.875,18.317528
2009-05-29,29.375,-1.875,2.2391844
2009-05-30,29.375,-1.875,3.1715202
2009-05-31,29.375,-1.875,5.199082
2009-06-01,29.375,-1.875,8.361177
2009-06-02,29.375,-1.875,0.2157961
2009-06-03,29.375,-1.875,0.04780173
2009-06-04,29.375,-1.875,0.16039917
2009-06-05,29.375,-1.875,0.0031999545
2009-06-06,29.375,-1.875,0.0
2009-06-07,29.375,-1.875,0.0
2009-06-08,29.375,-1.875,0.19360252
2009-06-09,29.375,-1.875,0.00940053
2009-06-10,29.375,-1.875,0.12380163
2009-06-11,29.375,-1.875,0.0
2009-06-12,29.375,-1.875,0.0
2009-06-13,29.375,-1.875,0.00040002255
2009-06-14,29.375,-1.875,0.0
2009-06-15,29.375,-1.875,0.0
2009-06-16,29.375,-1.875,0.0
2009-06-17,29.375,-1.875,0.09320184
2009-06-18,29.375,-1.875,0.040000945
2009-06-19,29.375,-1.875,0.45619783
2009-06-20,29.375,-1.875,0.0
2009-06-21,29.375,-1.875,0.0007999655
2009-06-22,29.375,-1.875,0.0
2009-06-23,29.375,-1.875,0.0
2009-06-24,29.375,-1.875,0.0
2009-06-25,29.375,-1.875,0.0
2009-06-26,29.375,-1.875,0.0
2009-06-27,29.375,-1.875,0.021399962
2009-06-28,29.375,-1.875,4.3715715
2009-06-29,29.375,-1.875,13.209528
2009-06-30,29.375,-1.875,3.6451426
2009-07-01,29.375,-1.875,0.24640138
2009-07-02,29.375,-1.875,0.0052000377
2009-07-03,29.375,-1.875,0.0
2009-07-04,29.375,-1.875,0.0
2009-07-05,29.375,-1.875,0.0
2009-07-06,29.375,-1.875,0.0
2009-07-07,29.375,-1.875,0.0
2009-07-08,29.375,-1.875,0.0
2009-07-09,29.375,-1.875,0.15080772
2009-07-10,29.375,-1.875,0.29680362
2009-07-11,29.375,-1.875,0.007999655
2009-07-12,29.375,-1.875,0.0064000953
2009-07-13,29.375,-1.875,0.005999811
2009-07-14,29.375,-1.875,0.0
2009-07-15,29.375,-1.875,0.011199517
2009-07-16,29.375,-1.875,0.0031999545
2009-07-17,29.375,-1.875,0.001599931
2009-07-18,29.375,-1.875,0.0
2009-07-19,29.375,-1.875,0.0
2009-07-20,29.375,-1.875,0.0
2009-07-21,29.375,-1.875,0.0
2009-07-22,29.375,-1.875,0.010400586
2009-07-23,29.375,-1.875,0.03880217
2009-07-24,29.375,-1.875,1.751995
2009-07-25,29.375,-1.875,8.760116
2009-07-26,29.375,-1.875,0.003199862
2009-07-27,29.375,-1.875,0.0
2009-07-28,29.375,-1.875,0.0
2009-07-29,29.375,-1.875,0.110399134
2009-07-30,29.375,-1.875,0.022799931
2009-07-31,29.375,-1.875,0.03839844
2009-08-01,29.375,-1.875,0.006000089
2009-08-02,29.375,-1.875,0.0
2009-08-03,29.375,-1.875,0.034801945
2009-08-04,29.375,-1.875,0.022800783
2009-08-05,29.375,-1.875,0.004799793
2009-08-06,29.375,-1.875,0.0
2009-08-07,29.375,-1.875,0.004600193
2009-08-08,29.375,-1.875,0.0019999137
2009-08-09,29.375,-1.875,0.632615
2009-08-10,29.375,-1.875,0.17759795
2009-08-11,29.375,-1.875,1.378434
2009-08-12,29.375,-1.875,0.69478977
2009-08-13,29.375,-1.875,0.18599874
2009-08-14,29.375,-1.875,13.694506
2009-08-15,29.375,-1.875,6.4194684
2009-08-16,29.375,-1.875,0.579211
2009-08-17,29.375,-1.875,1.0777893
2009-08-18,29.375,-1.875,0.18360312
2009-08-19,29.375,-1.875,1.1667724
2009-08-20,29.375,-1.875,3.7928746
2009-08-21,29.375,-1.875,0.66041446
2009-08-22,29.375,-1.875,0.87819964
2009-08-23,29.375,-1.875,0.11639806
2009-08-24,29.375,-1.875,0.0
2009-08-25,29.375,-1.875,0.010000381
2009-08-26,29.375,-1.875,0.005600083
2009-08-27,29.375,-1.875,0.0
2009-08-28,29.375,-1.875,0.0
2009-08-29,29.375,-1.875,0.0
2009-08-30,29.375,-1.875,0.0307993
2009-08-31,29.375,-1.875,0.33020914
2009-09-01,29.375,-1.875,0.06860165
2009-09-02,29.375,-1.875,0.16140711
2009-09-03,29.375,-1.875,0.0032001804
2009-09-04,29.375,-1.875,0.007999655
2009-09-05,29.375,-1.875,0.0
2009-09-06,29.375,-1.875,0.095401384
2009-09-07,29.375,-1.875,1.0905949
2009-09-08,29.375,-1.875,1.4554151
2009-09-09,29.375,-1.875,0.039402023
2009-09-10,29.375,-1.875,0.014999572
2009-09-11,29.375,-1.875,0.015600415
2009-09-12,29.375,-1.875,6.3596096
2009-09-13,29.375,-1.875,0.1693993
2009-09-14,29.375,-1.875,2.053981
2009-09-15,29.375,-1.875,0.6193885
2009-09-16,29.375,-1.875,0.79478717
2009-09-17,29.375,-1.875,5.077598
2009-09-18,29.375,-1.875,6.9320793
2009-09-19,29.375,-1.875,6.101986
2009-09-20,29.375,-1.875,10.668409
2009-09-21,29.375,-1.875,2.8062038
2009-09-22,29.375,-1.875,5.8913355
2009-09-23,29.375,-1.875,3.7893434
2009-09-24,29.375,-1.875,1.4082412
2009-09-25,29.375,-1.875,0.9719829
2009-09-26,29.375,-1.875,1.7346202
2009-09-27,29.375,-1.875,1.159208
2009-09-28,29.375,-1.875,2.1401446
2009-09-29,29.375,-1.875,0.1990014
2009-09-30,29.375,-1.875,0.028800309
2009-10-01,29.375,-1.875,0.0010000563
2009-10-02,29.375,-1.875,11.524601
2009-10-03,29.375,-1.875,1.6756272
2009-10-04,29.375,-1.875,8.342545
2009-10-05,29.375,-1.875,10.905698
2009-10-06,29.375,-1.875,0.58938533
2009-10-07,29.375,-1.875,16.103636
2009-10-08,29.375,-1.875,10.010665
2009-10-09,29.375,-1.875,18.487808
2009-10-10,29.375,-1.875,14.13889
2009-10-11,29.375,-1.875,11.671138
2009-10-12,29.375,-1.875,0.57200164
2009-10-13,29.375,-1.875,6.9369383
2009-10-14,29.375,-1.875,2.5215626
2009-10-15,29.375,-1.875,9.157207
2009-10-16,29.375,-1.875,3.9941561
2009-10-17,29.375,-1.875,6.236009
2009-10-18,29.375,-1.875,5.757004
2009-10-19,29.375,-1.875,2.3218055
2009-10-20,29.375,-1.875,0.4098066
2009-10-21,29.375,-1.875,0.9162005
2009-10-22,29.375,-1.875,0.08900148
2009-10-23,29.375,-1.875,0.4374246
2009-10-24,29.375,-1.875,0.79800177
2009-10-25,29.375,-1.875,0.12960018
2009-10-26,29.375,-1.875,1.2907898
2009-10-27,29.375,-1.875,1.161642
2009-10-28,29.375,-1.875,3.5221443
2009-10-29,29.375,-1.875,2.5264452
2009-10-30,29.375,-1.875,1.737198
2009-10-31,29.375,-1.875,1.9506016
2009-11-01,29.375,-1.875,2.0437863
2009-11-02,29.375,-1.875,0.45739615
2009-11-03,29.375,-1.875,10.371852
2009-11-04,29.375,-1.875,2.7458453
2009-11-05,29.375,-1.875,5.5011873
2009-11-06,29.375,-1.875,8.487684
2009-11-07,29.375,-1.875,9.130237
2009-11-08,29.375,-1.875,4.6275864
2009-11-09,29.375,-1.875,1.802235
2009-11-10,29.375,-1.875,1.8981699
2009-11-11,29.375,-1.875,33.01952
2009-11-12,29.375,-1.875,7.5924067
2009-11-13,29.375,-1.875,9.793817
2009-11-14,29.375,-1.875,1.7535951
2009-11-15,29.375,-1.875,19.202797
2009-11-16,29.375,-1.875,10.280319
2009-11-17,29.375,-1.875,14.480543
2009-11-18,29.375,-1.875,3.2738478
2009-11-19,29.375,-1.875,2.2050064
2009-11-20,29.375,-1.875,9.121368
2009-11-21,29.375,-1.875,0.10279604
2009-11-22,29.375,-1.875,0.0019999137
2009-11-23,29.375,-1.875,0.16900806
2009-11-24,29.375,-1.875,0.27920523
2009-11-25,29.375,-1.875,3.5201275
2009-11-26,29.375,-1.875,3.6946049
2009-11-27,29.375,-1.875,3.5519457
2009-11-28,29.375,-1.875,1.6804084
2009-11-29,29.375,-1.875,1.557241
2009-11-30,29.375,-1.875,0.22760364
2009-12-01,29.375,-1.875,0.0036000533
2009-12-02,29.375,-1.875,0.23500028
2009-12-03,29.375,-1.875,0.0
2009-12-04,29.375,-1.875,3.0882041
2009-12-05,29.375,-1.875,3.0478485
2009-12-06,29.375,-1.875,0.259
2009-12-07,29.375,-1.875,0.0
2009-12-08,29.375,-1.875,1.6061721
2009-12-09,29.375,-1.875,4.320812
2009-12-10,29.375,-1.875,4.491827
2009-12-11,29.375,-1.875,1.7053745
2009-12-12,29.375,-1.875,2.762755
2009-12-13,29.375,-1.875,3.6701381
2009-12-14,29.375,-1.875,0.8125844
2009-12-15,29.375,-1.875,4.3201747
2009-12-16,29.375,-1.875,1.7126243
2009-12-17,29.375,-1.875,0.37380427
2009-12-18,29.375,-1.875,0.63358396
2009-12-19,29.375,-1.875,0.033201836
2009-12-20,29.375,-1.875,0.0096001895
2009-12-21,29.375,-1.875,0.0
2009-12-22,29.375,-1.875,0.37939557
2009-12-23,29.375,-1.875,9.114484
2009-12-24,29.375,-1.875,3.8758333
2009-12-25,29.375,-1.875,3.5492196
2009-12-26,29.375,-1.875,6.552959
2009-12-27,29.375,-1.875,2.2393732
2009-12-28,29.375,-1.875,4.4342394
2009-12-29,29.375,-1.875,13.8796625
2009-12-30,29.375,-1.875,0.529803
2009-12-31,29.375,-1.875,6.586896
2010-01-01,29.375,-1.875,10.707157
2010-01-02,29.375,-1.875,2.8085656
2010-01-03,29.375,-1.875,3.1634097
2010-01-04,29.375,-1.875,8.242975
2010-01-05,29.375,-1.875,0.80441314
2010-01-06,29.375,-1.875,6.1605153
2010-01-07,29.375,-1.875,2.837166
2010-01-08,29.375,-1.875,2.7961838
2010-01-09,29.375,-1.875,2.120416
2010-01-10,29.375,-1.875,4.215161
2010-01-11,29.375,-1.875,2.6942139
2010-01-12,29.375,-1.875,3.1111186
2010-01-13,29.375,-1.875,31.296913
2010-01-14,29.375,-1.875,5.0873623
2010-01-15,29.375,-1.875,5.55277
2010-01-16,29.375,-1.875,1.4162058
2010-01-17,29.375,-1.875,5.174627
2010-01-18,29.375,-1.875,0.36879817
2010-01-19,29.375,-1.875,1.9879707
2010-01-20,29.375,-1.875,9.423516
2010-01-21,29.375,-1.875,0.9351948
2010-01-22,29.375,-1.875,4.788823
2010-01-23,29.375,-1.875,4.7171016
2010-01-24,29.375,-1.875,2.8266275
2010-01-25,29.375,-1.875,0.27200383
2010-01-26,29.375,-1.875,0.0
2010-01-27,29.375,-1.875,0.0
2010-01-28,29.375,-1.875,0.0048002703
2010-01-29,29.375,-1.875,0.0
2010-01-30,29.375,-1.875,0.0
2010-01-31,29.375,-1.875,0.0
2010-02-01,29.375,-1.875,0.009600053
2010-02-02,29.375,-1.875,0.0119998995
2010-02-03,29.375,-1.875,9.916908
2010-02-04,29.375,-1.875,10.58195
2010-02-05,29.375,-1.875,6.7678742
2010-02-06,29.375,-1.875,16.719496
2010-02-07,29.375,-1.875,3.4729817
2010-02-08,29.375,-1.875,22.816813
2010-02-09,29.375,-1.875,2.50818
2010-02-10,29.375,-1.875,0.0716037
2010-02-11,29.375,-1.875,0.0
2010-02-12,29.375,-1.875,0.9870116
2010-02-13,29.375,-1.875,0.5089867
2010-02-14,29.375,-1.875,7.339918
2010-02-15,29.375,-1.875,35.13019
2010-02-16,29.375,-1.875,36.589966
2010-02-17,29.375,-1.875,1.7185833
2010-02-18,29.375,-1.875,1.8791986
2010-02-19,29.375,-1.875,10.650415
2010-02-20,29.375,-1.875,15.255
2010-02-21,29.375,-1.875,4.4005737
2010-02-22,29.375,-1.875,5.3497605
2010-02-23,29.375,-1.875,1.2834176
2010-02-24,29.375,-1.875,8.153815
2010-02-25,29.375,-1.875,12.404631
2010-02-26,29.375,-1.875,17.338547
2010-02-27,29.375,-1.875,2.4974346
2010-02-28,29.375,-1.875,21.500032
2010-03-01,29.375,-1.875,13.24271
2010-03-02,29.375,-1.875,5.9076047
2010-03-03,29.375,-1.875,3.2774267
2010-03-04,29.375,-1.875,4.180881
2010-03-05,29.375,-1.875,0.07519685
2010-03-06,29.375,-1.875,4.819555
2010-03-07,29.375,-1.875,5.1020722
2010-03-08,29.375,-1.875,1.1712189
2010-03-09,29.375,-1.875,1.262827
2010-03-10,29.375,-1.875,0.48558545
2010-03-11,29.375,-1.875,0.1268032
2010-03-12,29.375,-1.875,0.0
2010-03-13,29.375,-1.875,0.002800158
2010-03-14,29.375,-1.875,0.009599586
2010-03-15,29.375,-1.875,0.92619944
2010-03-16,29.375,-1.875,0.34719968
2010-03-17,29.375,-1.875,4.3614464
2010-03-18,29.375,-1.875,3.03479
2010-03-19,29.375,-1.875,4.038545
2010-03-20,29.375,-1.875,0.012199858
2010-03-21,29.375,-1.875,0.5415976
2010-03-22,29.375,-1.875,11.773277
2010-03-23,29.375,-1.875,7.277938
2010-03-24,29.375,-1.875,5.375967
2010-03-25,29.375,-1.875,5.5282016
2010-03-26,29.375,-1.875,15.664975
2010-03-27,29.375,-1.875,21.867292
2010-03-28,29.375,-1.875,19.863913
2010-03-29,29.375,-1.875,5.2601786
2010-03-30,29.375,-1.875,4.1826663
2010-03-31,29.375,-1.875,2.1420405
2010-04-01,29.375,-1.875,0.5905794
2010-04-02,29.375,-1.875,6.838593
2010-04-03,29.375,-1.875,3.5879545
2010-04-04,29.375,-1.875,3.9125547
2010-04-05,29.375,-1.875,1.8549823
2010-04-06,29.375,-1.875,1.2176439
2010-04-07,29.375,-1.875,0.21859722
2010-04-08,29.375,-1.875,2.114002
2010-04-09,29.375,-1.875,2.9938378
2010-04-10,29.375,-1.875,4.653981
2010-04-11,29.375,-1.875,1.2856516
2010-04-12,29.375,-1.875,0.020799475
2010-04-13,29.375,-1.875,1.7819629
2010-04-14,29.375,-1.875,9.22259
2010-04-15,29.375,-1.875,12.769984
2010-04-16,29.375,-1.875,1.7952089
2010-04-17,29.375,-1.875,6.07261
2010-04-18,29.375,-1.875,13.06231
2010-04-19,29.375,-1.875,0.5116062
2010-04-20,29.375,-1.875,2.2144327
2010-04-21,29.375,-1.875,1.3955942
2010-04-22,29.375,-1.875,1.4959683
2010-04-23,29.375,-1.875,0.0044002477
2010-04-24,29.375,-1.875,2.1963525
2010-04-25,29.375,-1.875,2.6072154
2010-04-26,29.375,-1.875,3.071278
2010-04-27,29.375,-1.875,0.43320945
2010-04-28,29.375,-1.875,0.013999838
2010-04-29,29.375,-1.875,0.27459046
2010-04-30,29.375,-1.875,6.63355
2010-05-01,29.375,-1.875,15.6905985
2010-05-02,29.375,-1.875,6.401433
2010-05-03,29.375,-1.875,2.864952
2010-05-04,29.375,-1.875,0.79781115
2010-05-05,29.375,-1.875,4.249057
2010-05-06,29.375,-1.875,2.9776087
2010-05-07,29.375,-1.875,2.8279514
2010-05-08,29.375,-1.875,0.22059733
2010-05-09,29.375,-1.875,3.5096116
2010-05-10,29.375,-1.875,2.8464043
2010-05-11,29.375,-1.875,3.3022063
2010-05-12,29.375,-1.875,2.092251
2010-05-13,29.375,-1.875,4.5904145
2010-05-14,29.375,-1.875,6.747156
2010-05-15,29.375,-1.875,33.254333
2010-05-16,29.375,-1.875,27.27579
2010-05-17,29.375,-1.875,6.604596
2010-05-18,29.375,-1.875,8.988545
2010-05-19,29.375,-1.875,2.8097944
2010-05-20,29.375,-1.875,0.004000036
2010-05-21,29.375,-1.875,0.0
2010-05-22,29.375,-1.875,0.0
2010-05-23,29.375,-1.875,2.3502767
2010-05-24,29.375,-1.875,0.6863805
2010-05-25,29.375,-1.875,1.7177505
2010-05-26,29.375,-1.875,0.28920043
2010-05-27,29.375,-1.875,2.5740132
2010-05-28,29.375,-1.875,0.0
2010-05-29,29.375,-1.875,0.0
2010-05-30,29.375,-1.875,0.0
2010-05-31,29.375,-1.875,0.010799535
2010-06-01,29.375,-1.875,1.39602
2010-06-02,29.375,-1.875,3.2265768
2010-06-03,29.375,-1.875,3.1955786
2010-06-04,29.375,-1.875,1.5874051
2010-06-05,29.375,-1.875,5.80577
2010-06-06,29.375,-1.875,11.503939
2010-06-07,29.375,-1.875,3.8248134
2010-06-08,29.375,-1.875,0.03700076
2010-06-09,29.375,-1.875,0.0072001065
2010-06-10,29.375,-1.875,0.0032000476
2010-06-11,29.375,-1.875,0.01280019
2010-06-12,29.375,-1.875,0.0023998965
2010-06-13,29.375,-1.875,0.004799793
2010-06-14,29.375,-1.875,0.004799793
2010-06-15,29.375,-1.875,0.100799024
2010-06-16,29.375,-1.875,1.1259953
2010-06-17,29.375,-1.875,0.82562184
2010-06-18,29.375,-1.875,0.030400159
2010-06-19,29.375,-1.875,0.010399552
2010-06-20,29.375,-1.875,0.0007999655
2010-06-21,29.375,-1.875,0.0
2010-06-22,29.375,-1.875,0.0
2010-06-23,29.375,-1.875,0.0
2010-06-24,29.375,-1.875,0.12439464
2010-06-25,29.375,-1.875,0.0
2010-06-26,29.375,-1.875,0.0008000451
2010-06-27,29.375,-1.875,0.0031999084
2010-06-28,29.375,-1.875,0.0148002505
2010-06-29,29.375,-1.875,0.1111972
2010-06-30,29.375,-1.875,0.0
2010-07-01,29.375,-1.875,0.0
2010-07-02,29.375,-1.875,0.0
2010-07-03,29.375,-1.875,0.0
2010-07-04,29.375,-1.875,0.021600043
2010-07-05,29.375,-1.875,0.00880013
2010-07-06,29.375,-1.875,0.0
2010-07-07,29.375,-1.875,0.0
2010-07-08,29.375,-1.875,0.0
2010-07-09,29.375,-1.875,0.0048000715
2010-07-10,29.375,-1.875,0.025400586
2010-07-11,29.375,-1.875,0.0016000902
2010-07-12,29.375,-1.875,0.102801956
2010-07-13,29.375,-1.875,1.1790192
2010-07-14,29.375,-1.875,0.004799979
2010-07-15,29.375,-1.875,0.0
2010-07-16,29.375,-1.875,0.0
2010-07-17,29.375,-1.875,0.0
2010-07-18,29.375,-1.875,0.0
2010-07-19,29.375,-1.875,0.0
2010-07-20,29.375,-1.875,0.0008000119
2010-07-21,29.375,-1.875,2.0831797
2010-07-22,29.375,-1.875,1.4899877
2010-07-23,29.375,-1.875,0.047599774
2010-07-24,29.375,-1.875,0.13720432
2010-07-25,29.375,-1.875,0.16380087
2010-07-26,29.375,-1.875,0.03620021
2010-07-27,29.375,-1.875,0.23340762
2010-07-28,29.375,-1.875,0.0008000119
2010-07-29,29.375,-1.875,0.16620515
2010-07-30,29.375,-1.875,0.0055997586
2010-07-31,29.375,-1.875,0.0
2010-08-01,29.375,-1.875,0.006399956
2010-08-02,29.375,-1.875,0.0
2010-08-03,29.375,-1.875,0.0
2010-08-04,29.375,-1.875,0.0
2010-08-05,29.375,-1.875,0.0
2010-08-06,29.375,-1.875,0.0
2010-08-07,29.375,-1.875,0.0
2010-08-08,29.375,-1.875,0.0
2010-08-09,29.375,-1.875,0.010800609
2010-08-10,29.375,-1.875,0.09120506
2010-08-11,29.375,-1.875,0.021601217
2010-08-12,29.375,-1.875,0.3746003
2010-08-13,29.375,-1.875,0.014400213
2010-08-14,29.375,-1.875,0.0
2010-08-15,29.375,-1.875,0.009599771
2010-08-16,29.375,-1.875,0.0
2010-08-17,29.375,-1.875,0.031998623
2010-08-18,29.375,-1.875,0.0
2010-08-19,29.375,-1.875,0.0
2010-08-20,29.375,-1.875,0.0
2010-08-21,29.375,-1.875,0.0024000355
2010-08-22,29.375,-1.875,0.0
2010-08-23,29.375,-1.875,0.0
2010-08-24,29.375,-1.875,0.65141356
2010-08-25,29.375,-1.875,0.005600316
2010-08-26,29.375,-1.875,2.4606085
2010-08-27,29.375,-1.875,1.3073859
2010-08-28,29.375,-1.875,0.45041573
2010-08-29,29.375,-1.875,4.968234
2010-08-30,29.375,-1.875,0.82037926
2010-08-31,29.375,-1.875,0.004800071
2010-09-01,29.375,-1.875,0.0020001126
2010-09-02,29.375,-1.875,0.0032000476
2010-09-03,29.375,-1.875,0.46799454
2010-09-04,29.375,-1.875,1.1232207
2010-09-05,29.375,-1.875,8.921358
2010-09-06,29.375,-1.875,23.7165
2010-09-07,29.375,-1.875,4.943989
2010-09-08,29.375,-1.875,10.451933
2010-09-09,29.375,-1.875,11.569504
2010-09-10,29.375,-1.875,4.529814
2010-09-11,29.375,-1.875,8.54442
2010-09-12,29.375,-1.875,9.300164
2010-09-13,29.375,-1.875,0.14019936
2010-09-14,29.375,-1.875,0.0
2010-09-15,29.375,-1.875,0.9114179
2010-09-16,29.375,-1.875,0.46062535
2010-09-17,29.375,-1.875,0.0
2010-09-18,29.375,-1.875,0.69600415
2010-09-19,29.375,-1.875,9.347279
2010-09-20,29.375,-1.875,2.8212075
2010-09-21,29.375,-1.875,7.946159
2010-09-22,29.375,-1.875,2.162177
2010-09-23,29.375,-1.875,0.24879529
2010-09-24,29.375,-1.875,4.487975
2010-09-25,29.375,-1.875,0.04159821
2010-09-26,29.375,-1.875,0.1103985
2010-09-27,29.375,-1.875,1.094803
2010-09-28,29.375,-1.875,0.07360408
2010-09-29,29.375,-1.875,0.0
2010-09-30,29.375,-1.875,0.004800071
2010-10-01,29.375,-1.875,0.0
2010-10-02,29.375,-1.875,0.0
2010-10-03,29.375,-1.875,0.0032001804
2010-10-04,29.375,-1.875,1.7574078
2010-10-05,29.375,-1.875,2.7991478
2010-10-06,29.375,-1.875,3.5264037
2010-10-07,29.375,-1.875,7.445971
2010-10-08,29.375,-1.875,0.09520286
2010-10-09,29.375,-1.875,0.87141216
2010-10-10,29.375,-1.875,7.064449
2010-10-11,29.375,-1.875,13.662742
2010-10-12,29.375,-1.875,0.19500436
2010-10-13,29.375,-1.875,1.1350033
2010-10-14,29.375,-1.875,3.3785465
2010-10-15,29.375,-1.875,7.799116
2010-10-16,29.375,-1.875,8.564063
2010-10-17,29.375,-1.875,1.5927981
2010-10-18,29.375,-1.875,4.254463
2010-10-19,29.375,-1.875,6.750375
2010-10-20,29.375,-1.875,5.6223726
2010-10-21,29.375,-1.875,3.1123931
2010-10-22,29.375,-1.875,19.35738
2010-10-23,29.375,-1.875,11.069989
2010-10-24,29.375,-1.875,17.144152
2010-10-25,29.375,-1.875,6.5325875
2010-10-26,29.375,-1.875,0.59239
2010-10-27,29.375,-1.875,2.1400492
2010-10-28,29.375,-1.875,0.993824
2010-10-29,29.375,-1.875,0.1283956
2010-10-30,29.375,-1.875,0.07440333
2010-10-31,29.375,-1.875,0.18079703
2010-11-01,29.375,-1.875,1.9601885
2010-11-02,29.375,-1.875,2.065558
2010-11-03,29.375,-1.875,2.471012
2010-11-04,29.375,-1.875,3.2812424
2010-11-05,29.375,-1.875,2.3488226
2010-11-06,29.375,-1.875,0.103600614
2010-11-07,29.375,-1.875,1.6209782
2010-11-08,29.375,-1.875,23.309374
2010-11-09,29.375,-1.875,5.5884852
2010-11-10,29.375,-1.875,1.6082006
2010-11-11,29.375,-1.875,5.4311204
2010-11-12,29.375,-1.875,53.375225
2010-11-13,29.375,-1.875,8.44545
2010-11-14,29.375,-1.875,2.0476315
2010-11-15,29.375,-1.875,0.29380447
2010-11-16,29.375,-1.875,7.6036763
2010-11-17,29.375,-1.875,8.26215
2010-11-18,29.375,-1.875,17.22397
2010-11-19,29.375,-1.875,20.810059
2010-11-20,29.375,-1.875,3.116257
2010-11-21,29.375,-1.875,1.5812031
2010-11-22,29.375,-1.875,6.416517
2010-11-23,29.375,-1.875,1.8818009
2010-11-24,29.375,-1.875,0.24320261
2010-11-25,29.375,-1.875,1.000844
2010-11-26,29.375,-1.875,0.05920139
2010-11-27,29.375,-1.875,0.040798284
2010-11-28,29.375,-1.875,0.10940368
2010-11-29,29.375,-1.875,0.7726057
2010-11-30,29.375,-1.875,11.517648
2010-12-01,29.375,-1.875,5.475433
2010-12-02,29.375,-1.875,0.67939234
2010-12-03,29.375,-1.875,6.4873395
2010-12-04,29.375,-1.875,0.011199517
2010-12-05,29.375,-1.875,0.023600021
2010-12-06,29.375,-1.875,15.505481
2010-12-07,29.375,-1.875,6.233013
2010-12-08,29.375,-1.875,15.7925205
2010-12-09,29.375,-1.875,10.678454
2010-12-10,29.375,-1.875,10.4747305
2010-12-11,29.375,-1.875,12.7768955
2010-12-12,29.375,-1.875,7.665344
2010-12-13,29.375,-1.875,3.917162
2010-12-14,29.375,-1.875,0.032598816
2010-12-15,29.375,-1.875,0.0039998274
2010-12-16,29.375,-1.875,0.0
2010-12-17,29.375,-1.875,0.0
2010-12-18,29.375,-1.875,0.17080909
2010-12-19,29.375,-1.875,0.057802938
2010-12-20,29.375,-1.875,21.59946
2010-12-21,29.375,-1.875,19.3826
2010-12-22,29.375,-1.875,2.352997
2010-12-23,29.375,-1.875,3.5857694
2010-12-24,29.375,-1.875,2.9690342
2010-12-25,29.375,-1.875,9.817765
2010-12-26,29.375,-1.875,7.731149
2010-12-27,29.375,-1.875,7.329188
2010-12-28,29.375,-1.875,8.462764
2010-12-29,29.375,-1.875,2.1819623
2010-12-30,29.375,-1.875,0.007999657
2010-12-31,29.375,-1.875,1.2760105
2011-01-01,29.375,-1.875,1.7076256
2011-01-02,29.375,-1.875,2.1069815
2011-01-03,29.375,-1.875,0.11520321
2011-01-04,29.375,-1.875,0.5075951
2011-01-05,29.375,-1.875,1.8058381
2011-01-06,29.375,-1.875,0.8790102
2011-01-07,29.375,-1.875,1.38357
2011-01-08,29.375,-1.875,0.55298704
2011-01-09,29.375,-1.875,4.8490186
2011-01-10,29.375,-1.875,2.1285686
2011-01-11,29.375,-1.875,0.76438296
2011-01-12,29.375,-1.875,6.8292727
2011-01-13,29.375,-1.875,5.9957676
2011-01-14,29.375,-1.875,10.916582
2011-01-15,29.375,-1.875,4.8131027
2011-01-16,29.375,-1.875,10.322936
2011-01-17,29.375,-1.875,0.9659893
2011-01-18,29.375,-1.875,14.178483
2011-01-19,29.375,-1.875,3.4310102
2011-01-20,29.375,-1.875,2.3704176
2011-01-21,29.375,-1.875,1.306201
2011-01-22,29.375,-1.875,11.686719
2011-01-23,29.375,-1.875,0.7455908
2011-01-24,29.375,-1.875,0.07300056
2011-01-25,29.375,-1.875,0.5291947
2011-01-26,29.375,-1.875,0.5987871
2011-01-27,29.375,-1.875,0.008000205
2011-01-28,29.375,-1.875,0.13440025
2011-01-29,29.375,-1.875,0.0
2011-01-30,29.375,-1.875,3.5112128
2011-01-31,29.375,-1.875,16.768618
2011-02-01,29.375,-1.875,1.1102396
2011-02-02,29.375,-1.875,3.1347816
2011-02-03,29.375,-1.875,2.6459508
2011-02-04,29.375,-1.875,1.5179732
2011-02-05,29.375,-1.875,0.16559303
2011-02-06,29.375,-1.875,0.012799727
2011-02-07,29.375,-1.875,0.0
2011-02-08,29.375,-1.875,0.0
2011-02-09,29.375,-1.875,0.0
2011-02-10,29.375,-1.875,1.9075865
2011-02-11,29.375,-1.875,5.2852726
2011-02-12,29.375,-1.875,30.332975
2011-02-13,29.375,-1.875,17.741621
2011-02-14,29.375,-1.875,7.6613894
2011-02-15,29.375,-1.875,3.2076256
2011-02-16,29.375,-1.875,5.3560624
2011-02-17,29.375,-1.875,16.696213
2011-02-18,29.375,-1.875,3.3622653
2011-02-19,29.375,-1.875,8.192032
2011-02-20,29.375,-1.875,12.183725
2011-02-21,29.375,-1.875,1.1607958
2011-02-22,29.375,-1.875,6.479602
2011-02-23,29.375,-1.875,0.07379881
2011-02-24,29.375,-1.875,12.220544
2011-02-25,29.375,-1.875,0.052200958
2011-02-26,29.375,-1.875,0.31039545
2011-02-27,29.375,-1.875,9.521083
2011-02-28,29.375,-1.875,0.13959399
2011-03-01,29.375,-1.875,0.29301554
2011-03-02,29.375,-1.875,0.44820458
2011-03-03,29.375,-1.875,8.331682
2011-03-04,29.375,-1.875,1.4944472
2011-03-05,29.375,-1.875,7.7215314
2011-03-06,29.375,-1.875,2.8523955
2011-03-07,29.375,-1.875,8.121651
2011-03-08,29.375,-1.875,9.564743
2011-03-09,29.375,-1.875,0.8781798
2011-03-10,29.375,-1.875,3.271391
2011-03-11,29.375,-1.875,2.7491612
2011-03-12,29.375,-1.875,2.0548592
2011-03-13,29.375,-1.875,15.229466
2011-03-14,29.375,-1.875,11.465984
2011-03-15,29.375,-1.875,17.386578
2011-03-16,29.375,-1.875,0.5674111
2011-03-17,29.375,-1.875,7.540002
2011-03-18,29.375,-1.875,8.581098
2011-03-19,29.375,-1.875,5.4191785
2011-03-20,29.375,-1.875,4.0167375
2011-03-21,29.375,-1.875,6.681712
2011-03-22,29.375,-1.875,11.076415
2011-03-23,29.375,-1.875,0.527413
2011-03-24,29.375,-1.875,15.440506
2011-03-25,29.375,-1.875,4.60467
2011-03-26,29.375,-1.875,16.725742
2011-03-27,29.375,-1.875,6.4965844
2011-03-28,29.375,-1.875,0.2947951
2011-03-29,29.375,-1.875,1.4424037
2011-03-30,29.375,-1.875,9.861293
2011-03-31,29.375,-1.875,5.9650426
2011-04-01,29.375,-1.875,6.58944
2011-04-02,29.375,-1.875,0.6938343
2011-04-03,29.375,-1.875,3.9079604
2011-04-04,29.375,-1.875,16.360876
2011-04-05,29.375,-1.875,4.252406
2011-04-06,29.375,-1.875,18.346638
2011-04-07,29.375,-1.875,1.5003816
2011-04-08,29.375,-1.875,19.834087
2011-04-09,29.375,-1.875,6.7926073
2011-04-10,29.375,-1.875,0.6925844
2011-04-11,29.375,-1.875,0.8722086
2011-04-12,29.375,-1.875,1.7757953
2011-04-13,29.375,-1.875,4.210823
2011-04-14,29.375,-1.875,2.673345
2011-04-15,29.375,-1.875,2.1146126
2011-04-16,29.375,-1.875,4.525325
2011-04-17,29.375,-1.875,1.2243556
2011-04-18,29.375,-1.875,0.59921145
2011-04-19,29.375,-1.875,0.032601837
2011-04-20,29.375,-1.875,6.895752
2011-04-21,29.375,-1.875,0.8943783
2011-04-22,29.375,-1.875,1.6498306
2011-04-23,29.375,-1.875,6.7064323
2011-04-24,29.375,-1.875,0.08060406
2011-04-25,29.375,-1.875,1.334599
2011-04-26,29.375,-1.875,1.8422091
2011-04-27,29.375,-1.875,2.0198653
2011-04-28,29.375,-1.875,0.3137953
2011-04-29,29.375,-1.875,0.62638295
2011-04-30,29.375,-1.875,3.6379886
2011-05-01,29.375,-1.875,1.1508049
2011-05-02,29.375,-1.875,0.18700475
2011-05-03,29.375,-1.875,3.5887606
2011-05-04,29.375,-1.875,16.689342
2011-05-05,29.375,-1.875,11.762332
2011-05-06,29.375,-1.875,3.3905962
2011-05-07,29.375,-1.875,1.2119842
2011-05-08,29.375,-1.875,1.7825702
2011-05-09,29.375,-1.875,0.0949986
2011-05-10,29.375,-1.875,11.225955
2011-05-11,29.375,-1.875,0.7748057
2011-05-12,29.375,-1.875,0.5362104
2011-05-13,29.375,-1.875,0.0
2011-05-14,29.375,-1.875,0.6616059
2011-05-15,29.375,-1.875,0.051402275
2011-05-16,29.375,-1.875,3.1064134
2011-05-17,29.375,-1.875,1.9720063
2011-05-18,29.375,-1.875,2.288846
2011-05-19,29.375,-1.875,6.2129745
2011-05-20,29.375,-1.875,8.400198
2011-05-21,29.375,-1.875,15.067333
2011-05-22,29.375,-1.875,3.0776262
2011-05-23,29.375,-1.875,1.3354248
2011-05-24,29.375,-1.875,0.029801015
2011-05-25,29.375,-1.875,0.07620238
2011-05-26,29.375,-1.875,0.21839373
2011-05-27,29.375,-1.875,1.964535
2011-05-28,29.375,-1.875,0.058400683
2011-05-29,29.375,-1.875,0.0064000953
2011-05-30,29.375,-1.875,0.0031999084
2011-05-31,29.375,-1.875,0.006000019
2011-06-01,29.375,-1.875,0.0
2011-06-02,29.375,-1.875,0.0
2011-06-03,29.375,-1.875,0.0
2011-06-04,29.375,-1.875,0.0
2011-06-05,29.375,-1.875,0.0
2011-06-06,29.375,-1.875,0.11619695
2011-06-07,29.375,-1.875,1.0810194
2011-06-08,29.375,-1.875,0.017599352
2011-06-09,29.375,-1.875,0.002800158
2011-06-10,29.375,-1.875,1.0877993
2011-06-11,29.375,-1.875,27.12494
2011-06-12,29.375,-1.875,12.461948
2011-06-13,29.375,-1.875,0.035601996
2011-06-14,29.375,-1.875,0.331988
2011-06-15,29.375,-1.875,0.0
2011-06-16,29.375,-1.875,0.0
2011-06-17,29.375,-1.875,0.06540336
2011-06-18,29.375,-1.875,0.03880192
2011-06-19,29.375,-1.875,0.06980042
2011-06-20,29.375,-1.875,0.0016000238
2011-06-21,29.375,-1.875,0.022601208
2011-06-22,29.375,-1.875,0.11300637
2011-06-23,29.375,-1.875,3.4757047
2011-06-24,29.375,-1.875,3.162964
2011-06-25,29.375,-1.875,3.8224692
2011-06-26,29.375,-1.875,1.2331707
2011-06-27,29.375,-1.875,0.82079405
2011-06-28,29.375,-1.875,19.51795
2011-06-29,29.375,-1.875,0.7869908
2011-06-30,29.375,-1.875,0.0
2011-07-01,29.375,-1.875,0.0
2011-07-02,29.375,-1.875,0.015200657
2011-07-03,29.375,-1.875,0.0
2011-07-04,29.375,-1.875,0.0
2011-07-05,29.375,-1.875,0.01399998
2011-07-06,29.375,-1.875,0.0
2011-07-07,29.375,-1.875,0.0
2011-07-08,29.375,-1.875,0.0
2011-07-09,29.375,-1.875,0.0
2011-07-10,29.375,-1.875,0.0
2011-07-11,29.375,-1.875,0.0
2011-07-12,29.375,-1.875,0.29198813
2011-07-13,29.375,-1.875,0.0
2011-07-14,29.375,-1.875,0.004400115
2011-07-15,29.375,-1.875,0.0
2011-07-16,29.375,-1.875,0.0
2011-07-17,29.375,-1.875,0.0
2011-07-18,29.375,-1.875,0.0
2011-07-19,29.375,-1.875,0.0
2011-07-20,29.375,-1.875,0.0
2011-07-21,29.375,-1.875,0.006399724
2011-07-22,29.375,-1.875,0.0008000119
2011-07-23,29.375,-1.875,0.015599765
2011-07-24,29.375,-1.875,0.0
2011-07-25,29.375,-1.875,2.5552669
2011-07-26,29.375,-1.875,3.2396982
2011-07-27,29.375,-1.875,13.420839
2011-07-28,29.375,-1.875,10.133443
2011-07-29,29.375,-1.875,6.9777775
2011-07-30,29.375,-1.875,0.10040012
2011-07-31,29.375,-1.875,0.00020001127
2011-08-01,29.375,-1.875,0.056402218
2011-08-02,29.375,-1.875,0.0074001844
2011-08-03,29.375,-1.875,0.0
2011-08-04,29.375,-1.875,0.027201533
2011-08-05,29.375,-1.875,0.0
2011-08-06,29.375,-1.875,0.0
2011-08-07,29.375,-1.875,0.0
2011-08-08,29.375,-1.875,0.00760009
2011-08-09,29.375,-1.875,0.017800372
2011-08-10,29.375,-1.875,6.999885
2011-08-11,29.375,-1.875,0.5108068
2011-08-12,29.375,-1.875,3.118329
2011-08-13,29.375,-1.875,6.9571924
2011-08-14,29.375,-1.875,1.6505613
2011-08-15,29.375,-1.875,1.520834
2011-08-16,29.375,-1.875,2.9394152
2011-08-17,29.375,-1.875,6.282201
2011-08-18,29.375,-1.875,1.1297884
2011-08-19,29.375,-1.875,1.5414195
2011-08-20,29.375,-1.875,0.81360894
2011-08-21,29.375,-1.875,5.7667775
2011-08-22,29.375,-1.875,0.083204165
2011-08-23,29.375,-1.875,0.00039998276
2011-08-24,29.375,-1.875,1.1100013
2011-08-25,29.375,-1.875,3.5188313
2011-08-26,29.375,-1.875,2.2088273
2011-08-27,29.375,-1.875,2.1629488
2011-08-28,29.375,-1.875,4.612199
2011-08-29,29.375,-1.875,7.78665
2011-08-30,29.375,-1.875,0.04980006
2011-08-31,29.375,-1.875,0.0007999655
2011-09-01,29.375,-1.875,0.10380172
2011-09-02,29.375,-1.875,4.071787
2011-09-03,29.375,-1.875,6.215107
2011-09-04,29.375,-1.875,5.2810273
2011-09-05,29.375,-1.875,4.997877
2011-09-06,29.375,-1.875,0.3466
2011-09-07,29.375,-1.875,0.39500487
2011-09-08,29.375,-1.875,0.33720902
2011-09-09,29.375,-1.875,7.574573
2011-09-10,29.375,-1.875,7.1767454
2011-09-11,29.375,-1.875,0.0922001
2011-09-12,29.375,-1.875,3.6819105
2011-09-13,29.375,-1.875,4.247963
2011-09-14,29.375,-1.875,4.478992
2011-09-15,29.375,-1.875,3.8651285
2011-09-16,29.375,-1.875,12.763235
2011-09-17,29.375,-1.875,23.091019
2011-09-18,29.375,-1.875,3.7441604
2011-09-19,29.375,-1.875,0.13160384
2011-09-20,29.375,-1.875,0.0
2011-09-21,29.375,-1.875,3.1180208
2011-09-22,29.375,-1.875,1.253429
2011-09-23,29.375,-1.875,0.2195937
2011-09-24,29.375,-1.875,4.7027416
2011-09-25,29.375,-1.875,0.4880052
2011-09-26,29.375,-1.875,0.23360758
2011-09-27,29.375,-1.875,2.4288347
2011-09-28,29.375,-1.875,7.4129453
2011-09-29,29.375,-1.875,9.953381
2011-09-30,29.375,-1.875,14.3349285
2011-10-01,29.375,-1.875,7.687736
2011-10-02,29.375,-1.875,16.277882
2011-10-03,29.375,-1.875,9.287084
2011-10-04,29.375,-1.875,3.1312394
2011-10-05,29.375,-1.875,1.429015
2011-10-06,29.375,-1.875,4.521245
2011-10-07,29.375,-1.875,9.745755
2011-10-08,29.375,-1.875,0.5356065
2011-10-09,29.375,-1.875,0.13580209
2011-10-10,29.375,-1.875,0.0
2011-10-11,29.375,-1.875,1.1350143
2011-10-12,29.375,-1.875,0.71339726
2011-10-13,29.375,-1.875,18.845695
2011-10-14,29.375,-1.875,2.1882088
2011-10-15,29.375,-1.875,5.7873287
2011-10-16,29.375,-1.875,2.8586469
2011-10-17,29.375,-1.875,0.31079626
2011-10-18,29.375,-1.875,4.141145
2011-10-19,29.375,-1.875,3.5158024
2011-10-20,29.375,-1.875,1.0357972
2011-10-21,29.375,-1.875,0.5064068
2011-10-22,29.375,-1.875,5.1156597
2011-10-23,29.375,-1.875,2.2052019
2011-10-24,29.375,-1.875,0.62322134
2011-10-25,29.375,-1.875,1.0740361
2011-10-26,29.375,-1.875,16.433025
2011-10-27,29.375,-1.875,6.4263544
2011-10-28,29.375,-1.875,7.224238
2011-10-29,29.375,-1.875,1.6838044
2011-10-30,29.375,-1.875,5.418541
2011-10-31,29.375,-1.875,0.267592
2011-11-01,29.375,-1.875,0.091197066
2011-11-02,29.375,-1.875,2.8867772
2011-11-03,29.375,-1.875,5.710594
2011-11-04,29.375,-1.875,14.516359
2011-11-05,29.375,-1.875,4.1925507
2011-11-06,29.375,-1.875,4.8049774
2011-11-07,29.375,-1.875,4.4540286
2011-11-08,29.375,-1.875,13.608689
2011-11-09,29.375,-1.875,4.63739
2011-11-10,29.375,-1.875,13.509551
2011-11-11,29.375,-1.875,0.78983366
2011-11-12,29.375,-1.875,8.416224
2011-11-13,29.375,-1.875,3.0359776
2011-11-14,29.375,-1.875,3.7263584
2011-11-15,29.375,-1.875,0.5326025
2011-11-16,29.375,-1.875,0.2325994
2011-11-17,29.375,-1.875,0.019999139
2011-11-18,29.375,-1.875,1.305386
2011-11-19,29.375,-1.875,4.250959
2011-11-20,29.375,-1.875,6.8879256
2011-11-21,29.375,-1.875,17.540525
2011-11-22,29.375,-1.875,4.0434084
2011-11-23,29.375,-1.875,3.7536004
2011-11-24,29.375,-1.875,25.727837
2011-11-25,29.375,-1.875,1.6804053
2011-11-26,29.375,-1.875,5.845367
2011-11-27,29.375,-1.875,14.133395
2011-11-28,29.375,-1.875,11.599162
2011-11-29,29.375,-1.875,6.7459598
2011-11-30,29.375,-1.875,6.5092173
2011-12-01,29.375,-1.875,2.589261
2011-12-02,29.375,-1.875,1.8798248
2011-12-03,29.375,-1.875,6.4922066
2011-12-04,29.375,-1.875,13.194248
2011-12-05,29.375,-1.875,11.165686
2011-12-06,29.375,-1.875,3.5669827
2011-12-07,29.375,-1.875,1.3856199
2011-12-08,29.375,-1.875,1.0437801
2011-12-09,29.375,-1.875,8.053672
2011-12-10,29.375,-1.875,5.7052746
2011-12-11,29.375,-1.875,0.0024000122
2011-12-12,29.375,-1.875,3.5951364
2011-12-13,29.375,-1.875,11.720296
2011-12-14,29.375,-1.875,5.733729
2011-12-15,29.375,-1.875,0.043802284
2011-12-16,29.375,-1.875,1.104582
2011-12-17,29.375,-1.875,3.0721817
2011-12-18,29.375,-1.875,3.1367302
2011-12-19,29.375,-1.875,2.5207753
2011-12-20,29.375,-1.875,2.1947978
2011-12-21,29.375,-1.875,0.98101956
2011-12-22,29.375,-1.875,14.823099
2011-12-23,29.375,-1.875,19.693653
2011-12-24,29.375,-1.875,0.5280122
2011-12-25,29.375,-1.875,0.0
2011-12-26,29.375,-1.875,0.0
2011-12-27,29.375,-1.875,0.0
2011-12-28,29.375,-1.875,5.6039343
2011-12-29,29.375,-1.875,1.0073855
2011-12-30,29.375,-1.875,5.4639764
2011-12-31,29.375,-1.875,3.248068
2012-01-01,29.375,-1.875,0.84377444
2012-01-02,29.375,-1.875,0.0
2012-01-03,29.375,-1.875,0.0
2012-01-04,29.375,-1.875,0.0007999655
2012-01-05,29.375,-1.875,0.04079982
2012-01-06,29.375,-1.875,3.1015537
2012-01-07,29.375,-1.875,1.9345927
2012-01-08,29.375,-1.875,0.4112091
2012-01-09,29.375,-1.875,0.2822025
2012-01-10,29.375,-1.875,0.7928026
2012-01-11,29.375,-1.875,0.33139953
2012-01-12,29.375,-1.875,10.413514
2012-01-13,29.375,-1.875,2.1594658
2012-01-14,29.375,-1.875,0.057999622
2012-01-15,29.375,-1.875,11.816432
2012-01-16,29.375,-1.875,1.8332075
2012-01-17,29.375,-1.875,0.1694085
2012-01-18,29.375,-1.875,1.5047976
2012-01-19,29.375,-1.875,2.0520086
2012-01-20,29.375,-1.875,0.0
2012-01-21,29.375,-1.875,0.0062003494
2012-01-22,29.375,-1.875,0.07560401
2012-01-23,29.375,-1.875,1.3313923
2012-01-24,29.375,-1.875,1.0797827
2012-01-25,29.375,-1.875,0.08379775
2012-01-26,29.375,-1.875,0.50719875
2012-01-27,29.375,-1.875,0.11760163
2012-01-28,29.375,-1.875,0.0
2012-01-29,29.375,-1.875,0.0
2012-01-30,29.375,-1.875,0.05540099
2012-01-31,29.375,-1.875,0.007999867
2012-02-01,29.375,-1.875,0.0
2012-02-02,29.375,-1.875,0.0
2012-02-03,29.375,-1.875,0.0
2012-02-04,29.375,-1.875,0.0
2012-02-05,29.375,-1.875,0.10600056
2012-02-06,29.375,-1.875,0.182796
2012-02-07,29.375,-1.875,0.43538818
2012-02-08,29.375,-1.875,0.60017514
2012-02-09,29.375,-1.875,0.0
2012-02-10,29.375,-1.875,0.0
2012-02-11,29.375,-1.875,0.23739313
2012-02-12,29.375,-1.875,6.2092733
2012-02-13,29.375,-1.875,0.2709976
2012-02-14,29.375,-1.875,2.5252364
2012-02-15,29.375,-1.875,0.20319805
2012-02-16,29.375,-1.875,0.15980048
2012-02-17,29.375,-1.875,4.7905507
2012-02-18,29.375,-1.875,2.2353942
2012-02-19,29.375,-1.875,2.717977
2012-02-20,29.375,-1.875,0.07859991
2012-02-21,29.375,-1.875,0.2483926
2012-02-22,29.375,-1.875,1.5462576
2012-02-23,29.375,-1.875,2.3950438
2012-02-24,29.375,-1.875,5.7745776
2012-02-25,29.375,-1.875,1.2693979
2012-02-26,29.375,-1.875,7.4297247
2012-02-27,29.375,-1.875,16.308979
2012-02-28,29.375,-1.875,0.46920958
2012-02-29,29.375,-1.875,4.401532
2012-03-01,29.375,-1.875,11.202558
2012-03-02,29.375,-1.875,0.82360506
2012-03-03,29.375,-1.875,9.404697
2012-03-04,29.375,-1.875,4.8192334
2012-03-05,29.375,-1.875,0.31019372
2012-03-06,29.375,-1.875,1.6325972
2012-03-07,29.375,-1.875,0.46239537
2012-03-08,29.375,-1.875,0.034799576
2012-03-09,29.375,-1.875,0.0
2012-03-10,29.375,-1.875,0.006200349
2012-03-11,29.375,-1.875,0.37119398
2012-03-12,29.375,-1.875,4.3867245
2012-03-13,29.375,-1.875,0.0
2012-03-14,29.375,-1.875,0.006000139
2012-03-15,29.375,-1.875,0.0
2012-03-16,29.375,-1.875,0.33640027
2012-03-17,29.375,-1.875,5.3016033
2012-03-18,29.375,-1.875,1.9068016
2012-03-19,29.375,-1.875,0.22580056
2012-03-20,29.375,-1.875,2.3785565
2012-03-21,29.375,-1.875,2.5629983
2012-03-22,29.375,-1.875,1.2966224
2012-03-23,29.375,-1.875,3.486846
2012-03-24,29.375,-1.875,9.130708
2012-03-25,29.375,-1.875,2.997828
2012-03-26,29.375,-1.875,0.27420658
2012-03-27,29.375,-1.875,3.3459544
2012-03-28,29.375,-1.875,0.011800665
2012-03-29,29.375,-1.875,8.288917
2012-03-30,29.375,-1.875,19.4822
2012-03-31,29.375,-1.875,5.128172
2012-04-01,29.375,-1.875,8.652213
2012-04-02,29.375,-1.875,6.3601494
2012-04-03,29.375,-1.875,2.6881773
2012-04-04,29.375,-1.875,3.2637594
2012-04-05,29.375,-1.875,15.274138
2012-04-06,29.375,-1.875,2.4535935
2012-04-07,29.375,-1.875,7.4765234
2012-04-08,29.375,-1.875,8.797499
2012-04-09,29.375,-1.875,7.141847
2012-04-10,29.375,-1.875,7.181946
2012-04-11,29.375,-1.875,1.5655961
2012-04-12,29.375,-1.875,12.754949
2012-04-13,29.375,-1.875,10.326688
2012-04-14,29.375,-1.875,9.6119175
2012-04-15,29.375,-1.875,25.461926
2012-04-16,29.375,-1.875,3.3036606
2012-04-17,29.375,-1.875,4.1584826
2012-04-18,29.375,-1.875,2.7792077
2012-04-19,29.375,-1.875,4.897297
2012-04-20,29.375,-1.875,0.72761214
2012-04-21,29.375,-1.875,6.3118153
2012-04-22,29.375,-1.875,14.087149
2012-04-23,29.375,-1.875,1.993538
2012-04-24,29.375,-1.875,10.774892
2012-04-25,29.375,-1.875,0.11060411
2012-04-26,29.375,-1.875,0.28600907
2012-04-27,29.375,-1.875,0.7196156
2012-04-28,29.375,-1.875,1.2878231
2012-04-29,29.375,-1.875,2.6165833
2012-04-30,29.375,-1.875,2.5594254
2012-05-01,29.375,-1.875,8.41752
2012-05-02,29.375,-1.875,5.706745
2012-05-03,29.375,-1.875,8.631874
2012-05-04,29.375,-1.875,2.939961
2012-05-05,29.375,-1.875,5.4195747
2012-05-06,29.375,-1.875,1.9162003
2012-05-07,29.375,-1.875,13.964418
2012-05-08,29.375,-1.875,17.289932
2012-05-09,29.375,-1.875,13.983387
2012-05-10,29.375,-1.875,19.144312
2012-05-11,29.375,-1.875,1.823994
2012-05-12,29.375,-1.875,0.2519928
2012-05-13,29.375,-1.875,1.0214083
2012-05-14,29.375,-1.875,3.527999
2012-05-15,29.375,-1.875,6.0626483
2012-05-16,29.375,-1.875,0.6747995
2012-05-17,29.375,-1.875,14.093172
2012-05-18,29.375,-1.875,17.20523
2012-05-19,29.375,-1.875,10.268865
2012-05-20,29.375,-1.875,7.802582
2012-05-21,29.375,-1.875,8.887606
2012-05-22,29.375,-1.875,0.0
2012-05-23,29.375,-1.875,0.37161696
2012-05-24,29.375,-1.875,9.511964
2012-05-25,29.375,-1.875,0.24540828
2012-05-26,29.375,-1.875,0.7614145
2012-05-27,29.375,-1.875,0.33860022
2012-05-28,29.375,-1.875,0.83060944
2012-05-29,29.375,-1.875,1.3744535
2012-05-30,29.375,-1.875,0.090001345
2012-05-31,29.375,-1.875,0.016399909
2012-06-01,29.375,-1.875,0.0
2012-06-02,29.375,-1.875,0.0
2012-06-03,29.375,-1.875,0.19620794
2012-06-04,29.375,-1.875,0.14900158
2012-06-05,29.375,-1.875,0.0
2012-06-06,29.375,-1.875,0.016400907
2012-06-07,29.375,-1.875,0.44998065
2012-06-08,29.375,-1.875,0.23160067
2012-06-09,29.375,-1.875,0.73781395
2012-06-10,29.375,-1.875,11.022382
2012-06-11,29.375,-1.875,4.874835
2012-06-12,29.375,-1.875,0.57179487
2012-06-13,29.375,-1.875,0.015599606
2012-06-14,29.375,-1.875,0.30100134
2012-06-15,29.375,-1.875,0.14620566
2012-06-16,29.375,-1.875,0.014399797
2012-06-17,29.375,-1.875,0.0012000676
2012-06-18,29.375,-1.875,0.0
2012-06-19,29.375,-1.875,0.04160206
2012-06-20,29.375,-1.875,0.0
2012-06-21,29.375,-1.875,0.0
2012-06-22,29.375,-1.875,0.015600115
2012-06-23,29.375,-1.875,0.0064000953
2012-06-24,29.375,-1.875,0.14279409
2012-06-25,29.375,-1.875,3.40461
2012-06-26,29.375,-1.875,13.497339
2012-06-27,29.375,-1.875,0.16980283
2012-06-28,29.375,-1.875,0.008000119
2012-06-29,29.375,-1.875,0.0
2012-06-30,29.375,-1.875,0.0
2012-07-01,29.375,-1.875,0.00040002255
2012-07-02,29.375,-1.875,0.0076004285
2012-07-03,29.375,-1.875,0.53281105
2012-07-04,29.375,-1.875,0.0
2012-07-05,29.375,-1.875,0.0
2012-07-06,29.375,-1.875,0.0
2012-07-07,29.375,-1.875,0.0016000902
2012-07-08,29.375,-1.875,0.0
2012-07-09,29.375,-1.875,0.0
2012-07-10,29.375,-1.875,0.04140117
2012-07-11,29.375,-1.875,0.0
2012-07-12,29.375,-1.875,0.0006000338
2012-07-13,29.375,-1.875,0.0
2012-07-14,29.375,-1.875,0.007999655
2012-07-15,29.375,-1.875,0.0020001126
2012-07-16,29.375,-1.875,0.0
2012-07-17,29.375,-1.875,3.6796453
2012-07-18,29.375,-1.875,0.9933981
2012-07-19,29.375,-1.875,0.0
2012-07-20,29.375,-1.875,0.21681148
2012-07-21,29.375,-1.875,0.0
2012-07-22,29.375,-1.875,0.36880478
2012-07-23,29.375,-1.875,0.051002875
2012-07-24,29.375,-1.875,6.4931736
2012-07-25,29.375,-1.875,3.6160572
2012-07-26,29.375,-1.875,0.0
2012-07-27,29.375,-1.875,0.0032000476
2012-07-28,29.375,-1.875,0.0
2012-07-29,29.375,-1.875,4.354979
2012-07-30,29.375,-1.875,0.037399992
2012-07-31,29.375,-1.875,2.4803743
2012-08-01,29.375,-1.875,0.0
2012-08-02,29.375,-1.875,0.0
2012-08-03,29.375,-1.875,0.0
2012-08-04,29.375,-1.875,0.0
2012-08-05,29.375,-1.875,0.01880106
2012-08-06,29.375,-1.875,0.041402325
2012-08-07,29.375,-1.875,0.07840442
2012-08-08,29.375,-1.875,18.454815
2012-08-09,29.375,-1.875,4.017216
2012-08-10,29.375,-1.875,0.100999564
2012-08-11,29.375,-1.875,0.0
2012-08-12,29.375,-1.875,0.8518131
2012-08-13,29.375,-1.875,0.3471996
2012-08-14,29.375,-1.875,0.0
2012-08-15,29.375,-1.875,0.0
2012-08-16,29.375,-1.875,0.0
2012-08-17,29.375,-1.875,0.0
2012-08-18,29.375,-1.875,0.110800326
2012-08-19,29.375,-1.875,1.1661904
2012-08-20,29.375,-1.875,0.1903925
2012-08-21,29.375,-1.875,0.38079658
2012-08-22,29.375,-1.875,0.0
2012-08-23,29.375,-1.875,0.0
2012-08-24,29.375,-1.875,0.0
2012-08-25,29.375,-1.875,0.8066009
2012-08-26,29.375,-1.875,6.1595955
2012-08-27,29.375,-1.875,25.28337
2012-08-28,29.375,-1.875,5.398308
2012-08-29,29.375,-1.875,4.0065355
2012-08-30,29.375,-1.875,2.3108015
2012-08-31,29.375,-1.875,0.5207915
2012-09-01,29.375,-1.875,2.5819201
2012-09-02,29.375,-1.875,5.909041
2012-09-03,29.375,-1.875,0.026398864
2012-09-04,29.375,-1.875,0.1972045
2012-09-05,29.375,-1.875,1.9059867
2012-09-06,29.375,-1.875,1.8239989
2012-09-07,29.375,-1.875,8.111086
2012-09-08,29.375,-1.875,24.868462
2012-09-09,29.375,-1.875,2.2010074
2012-09-10,29.375,-1.875,1.1800104
2012-09-11,29.375,-1.875,6.636988
2012-09-12,29.375,-1.875,19.041372
2012-09-13,29.375,-1.875,1.4019966
2012-09-14,29.375,-1.875,3.4130256
2012-09-15,29.375,-1.875,1.7226295
2012-09-16,29.375,-1.875,1.9808079
2012-09-17,29.375,-1.875,0.19180791
2012-09-18,29.375,-1.875,3.7244368
2012-09-19,29.375,-1.875,1.7614864
2012-09-20,29.375,-1.875,0.47058743
2012-09-21,29.375,-1.875,0.0
2012-09-22,29.375,-1.875,0.0
2012-09-23,29.375,-1.875,0.033001844
2012-09-24,29.375,-1.875,4.3194046
2012-09-25,29.375,-1.875,2.191198
2012-09-26,29.375,-1.875,1.7984103
2012-09-27,29.375,-1.875,0.3419897
2012-09-28,29.375,-1.875,1.8850123
2012-09-29,29.375,-1.875,2.4917738
2012-09-30,29.375,-1.875,0.027399648
2012-10-01,29.375,-1.875,2.5753517
2012-10-02,29.375,-1.875,0.053597964
2012-10-03,29.375,-1.875,0.12300439
2012-10-04,29.375,-1.875,0.09480352
2012-10-05,29.375,-1.875,0.04980085
2012-10-06,29.375,-1.875,9.058789
2012-10-07,29.375,-1.875,10.385088
2012-10-08,29.375,-1.875,6.824636
2012-10-09,29.375,-1.875,0.050000772
2012-10-10,29.375,-1.875,6.9996524
2012-10-11,29.375,-1.875,1.2752268
2012-10-12,29.375,-1.875,14.92921
2012-10-13,29.375,-1.875,2.6604056
2012-10-14,29.375,-1.875,7.282536
2012-10-15,29.375,-1.875,3.6588042
2012-10-16,29.375,-1.875,4.7418976
2012-10-17,29.375,-1.875,1.258813
2012-10-18,29.375,-1.875,13.65873
2012-10-19,29.375,-1.875,19.222593
2012-10-20,29.375,-1.875,2.1399965
2012-10-21,29.375,-1.875,2.2938461
2012-10-22,29.375,-1.875,3.2925458
2012-10-23,29.375,-1.875,14.579543
2012-10-24,29.375,-1.875,1.5241778
2012-10-25,29.375,-1.875,6.200925
2012-10-26,29.375,-1.875,3.1086795
2012-10-27,29.375,-1.875,7.613238
2012-10-28,29.375,-1.875,1.1814039
2012-10-29,29.375,-1.875,4.6865396
2012-10-30,29.375,-1.875,32.988743
2012-10-31,29.375,-1.875,15.451224
2012-11-01,29.375,-1.875,17.634516
2012-11-02,29.375,-1.875,2.562621
2012-11-03,29.375,-1.875,17.19999
2012-11-04,29.375,-1.875,14.033592
2012-11-05,29.375,-1.875,0.82699275
2012-11-06,29.375,-1.875,1.7255931
2012-11-07,29.375,-1.875,2.7356486
2012-11-08,29.375,-1.875,0.9562351
2012-11-09,29.375,-1.875,1.1165999
2012-11-10,29.375,-1.875,4.5903764
2012-11-11,29.375,-1.875,0.9455994
2012-11-12,29.375,-1.875,4.860387
2012-11-13,29.375,-1.875,3.2818234
2012-11-14,29.375,-1.875,0.6814127
2012-11-15,29.375,-1.875,0.18340957
2012-11-16,29.375,-1.875,0.1788044
2012-11-17,29.375,-1.875,1.2637637
2012-11-18,29.375,-1.875,1.511589
2012-11-19,29.375,-1.875,1.3260111
2012-11-20,29.375,-1.875,3.399763
2012-11-21,29.375,-1.875,12.376064
2012-11-22,29.375,-1.875,7.6531944
2012-11-23,29.375,-1.875,15.137049
2012-11-24,29.375,-1.875,4.0184155
2012-11-25,29.375,-1.875,2.3896697
2012-11-26,29.375,-1.875,1.5133913
2012-11-27,29.375,-1.875,3.8772078
2012-11-28,29.375,-1.875,2.03165
2012-11-29,29.375,-1.875,0.18700436
2012-11-30,29.375,-1.875,0.04719931
2012-12-01,29.375,-1.875,0.16060154
2012-12-02,29.375,-1.875,0.1648045
2012-12-03,29.375,-1.875,0.46979877
2012-12-04,29.375,-1.875,2.556853
2012-12-05,29.375,-1.875,3.1421816
2012-12-06,29.375,-1.875,1.8654265
2012-12-07,29.375,-1.875,2.354781
2012-12-08,29.375,-1.875,0.20900114
2012-12-09,29.375,-1.875,5.791791
2012-12-10,29.375,-1.875,7.3675528
2012-12-11,29.375,-1.875,5.277236
2012-12-12,29.375,-1.875,7.6000648
2012-12-13,29.375,-1.875,0.007999655
2012-12-14,29.375,-1.875,0.1876081
2012-12-15,29.375,-1.875,5.611381
2012-12-16,29.375,-1.875,2.4903233
2012-12-17,29.375,-1.875,0.010600597
2012-12-18,29.375,-1.875,5.064789
2012-12-19,29.375,-1.875,6.8774414
2012-12-20,29.375,-1.875,0.0
2012-12-21,29.375,-1.875,0.38839033
2012-12-22,29.375,-1.875,7.0347743
2012-12-23,29.375,-1.875,4.614676
2012-12-24,29.375,-1.875,1.9543933
2012-12-25,29.375,-1.875,1.4669545
2012-12-26,29.375,-1.875,1.113197
2012-12-27,29.375,-1.875,8.881308
2012-12-28,29.375,-1.875,11.090442
2012-12-29,29.375,-1.875,13.633343
2012-12-30,29.375,-1.875,12.648102
2012-12-31,29.375,-1.875,12.315729
2013-01-01,29.375,-1.875,0.00040002255
2013-01-02,29.375,-1.875,1.6671631
2013-01-03,29.375,-1.875,12.457452
2013-01-04,29.375,-1.875,3.4850423
2013-01-05,29.375,-1.875,3.4161444
2013-01-06,29.375,-1.875,1.1023684
2013-01-07,29.375,-1.875,1.1112149
2013-01-08,29.375,-1.875,4.3527565
2013-01-09,29.375,-1.875,4.166329
2013-01-10,29.375,-1.875,0.027201533
2013-01-11,29.375,-1.875,0.064797826
2013-01-12,29.375,-1.875,0.024400363
2013-01-13,29.375,-1.875,0.010399552
2013-01-14,29.375,-1.875,0.012799448
2013-01-15,29.375,-1.875,1.9922024
2013-01-16,29.375,-1.875,0.35460386
2013-01-17,29.375,-1.875,9.237643
2013-01-18,29.375,-1.875,0.6807776
2013-01-19,29.375,-1.875,13.722712
2013-01-20,29.375,-1.875,7.4106784
2013-01-21,29.375,-1.875,0.2802012
2013-01-22,29.375,-1.875,0.08720333
2013-01-23,29.375,-1.875,1.2538245
2013-01-24,29.375,-1.875,0.2374045
2013-01-25,29.375,-1.875,5.3979807
2013-01-26,29.375,-1.875,2.5781777
2013-01-27,29.375,-1.875,4.4983516
2013-01-28,29.375,-1.875,4.601548
2013-01-29,29.375,-1.875,1.1312287
2013-01-30,29.375,-1.875,0.62401134
2013-01-31,29.375,-1.875,5.680386
2013-02-01,29.375,-1.875,2.081779
2013-02-02,29.375,-1.875,11.701987
2013-02-03,29.375,-1.875,2.2079601
2013-02-04,29.375,-1.875,0.018000338
2013-02-05,29.375,-1.875,0.0
2013-02-06,29.375,-1.875,0.40320936
2013-02-07,29.375,-1.875,2.5849438
2013-02-08,29.375,-1.875,5.789172
2013-02-09,29.375,-1.875,1.4677852
2013-02-10,29.375,-1.875,0.007600309
2013-02-11,29.375,-1.875,14.586558
2013-02-12,29.375,-1.875,1.1355784
2013-02-13,29.375,-1.875,1.2906134
2013-02-14,29.375,-1.875,0.22400449
2013-02-15,29.375,-1.875,0.1440072
2013-02-16,29.375,-1.875,1.1121858
2013-02-17,29.375,-1.875,1.3276135
2013-02-18,29.375,-1.875,1.619406
2013-02-19,29.375,-1.875,5.948838
2013-02-20,29.375,-1.875,0.6886142
2013-02-21,29.375,-1.875,0.030000579
2013-02-22,29.375,-1.875,8.80969
2013-02-23,29.375,-1.875,8.584815
2013-02-24,29.375,-1.875,0.27800483
2013-02-25,29.375,-1.875,0.0
2013-02-26,29.375,-1.875,0.0
2013-02-27,29.375,-1.875,0.196201
2013-02-28,29.375,-1.875,0.2321952
2013-03-01,29.375,-1.875,0.19280688
2013-03-02,29.375,-1.875,3.437768
2013-03-03,29.375,-1.875,8.844217
2013-03-04,29.375,-1.875,5.250191
2013-03-05,29.375,-1.875,2.1903753
2013-03-06,29.375,-1.875,0.6864297
2013-03-07,29.375,-1.875,14.26961
2013-03-08,29.375,-1.875,2.3460023
2013-03-09,29.375,-1.875,24.00359
2013-03-10,29.375,-1.875,21.198677
2013-03-11,29.375,-1.875,25.28835
2013-03-12,29.375,-1.875,4.846133
2013-03-13,29.375,-1.875,0.39620367
2013-03-14,29.375,-1.875,5.8534503
2013-03-15,29.375,-1.875,0.22739881
2013-03-16,29.375,-1.875,0.14940256
2013-03-17,29.375,-1.875,0.98498094
2013-03-18,29.375,-1.875,0.47101438
2013-03-19,29.375,-1.875,5.2644296
2013-03-20,29.375,-1.875,1.1304333
2013-03-21,29.375,-1.875,18.705193
2013-03-22,29.375,-1.875,3.7789676
2013-03-23,29.375,-1.875,15.307658
2013-03-24,29.375,-1.875,2.7639651
2013-03-25,29.375,-1.875,0.07600307
2013-03-26,29.375,-1.875,15.202543
2013-03-27,29.375,-1.875,4.4711766
2013-03-28,29.375,-1.875,3.9123857
2013-03-29,29.375,-1.875,2.5346355
2013-03-30,29.375,-1.875,11.84936
2013-03-31,29.375,-1.875,25.627062
2013-04-01,29.375,-1.875,3.3918102
2013-04-02,29.375,-1.875,1.1176038
2013-04-03,29.375,-1.875,2.8930118
2013-04-04,29.375,-1.875,4.9773536
2013-04-05,29.375,-1.875,2.4951794
2013-04-06,29.375,-1.875,5.3219
2013-04-07,29.375,-1.875,3.7730327
2013-04-08,29.375,-1.875,3.9628217
2013-04-09,29.375,-1.875,10.308061
2013-04-10,29.375,-1.875,6.5135818
2013-04-11,29.375,-1.875,8.18116
2013-04-12,29.375,-1.875,3.5686278
2013-04-13,29.375,-1.875,0.9330071
2013-04-14,29.375,-1.875,3.953368
2013-04-15,29.375,-1.875,10.229117
2013-04-16,29.375,-1.875,19.834848
2013-04-17,29.375,-1.875,6.336745
2013-04-18,29.375,-1.875,0.055001907
2013-04-19,29.375,-1.875,0.014799363
2013-04-20,29.375,-1.875,0.37440485
2013-04-21,29.375,-1.875,0.521214
2013-04-22,29.375,-1.875,6.5722785
2013-04-23,29.375,-1.875,0.98301744
2013-04-24,29.375,-1.875,1.536789
2013-04-25,29.375,-1.875,2.8236053
2013-04-26,29.375,-1.875,0.8890182
2013-04-27,29.375,-1.875,6.935888
2013-04-28,29.375,-1.875,1.025603
2013-04-29,29.375,-1.875,1.3366148
2013-04-30,29.375,-1.875,0.9618121
2013-05-01,29.375,-1.875,5.1016355
2013-05-02,29.375,-1.875,16.009377
2013-05-03,29.375,-1.875,7.5514812
2013-05-04,29.375,-1.875,4.4731665
2013-05-05,29.375,-1.875,9.933814
2013-05-06,29.375,-1.875,4.56385
2013-05-07,29.375,-1.875,0.5332176
2013-05-08,29.375,-1.875,0.38321632
2013-05-09,29.375,-1.875,3.2183928
2013-05-10,29.375,-1.875,6.88916
2013-05-11,29.375,-1.875,5.4847536
2013-05-12,29.375,-1.875,1.5944391
2013-05-13,29.375,-1.875,0.9847934
2013-05-14,29.375,-1.875,0.058802433
2013-05-15,29.375,-1.875,0.004799793
2013-05-16,29.375,-1.875,0.0
2013-05-17,29.375,-1.875,0.0
2013-05-18,29.375,-1.875,0.0048001045
2013-05-19,29.375,-1.875,0.0022001239
2013-05-20,29.375,-1.875,0.0068003833
2013-05-21,29.375,-1.875,0.80741537
2013-05-22,29.375,-1.875,1.6371874
2013-05-23,29.375,-1.875,9.687316
2013-05-24,29.375,-1.875,0.85080916
2013-05-25,29.375,-1.875,3.5114207
2013-05-26,29.375,-1.875,0.0024001352
2013-05-27,29.375,-1.875,0.006400361
2013-05-28,29.375,-1.875,0.0
2013-05-29,29.375,-1.875,0.015999861
2013-05-30,29.375,-1.875,0.13840082
2013-05-31,29.375,-1.875,3.6030574
2013-06-01,29.375,-1.875,0.0
2013-06-02,29.375,-1.875,0.0
2013-06-03,29.375,-1.875,0.0
2013-06-04,29.375,-1.875,0.0
2013-06-05,29.375,-1.875,0.015600879
2013-06-06,29.375,-1.875,0.006000338
2013-06-07,29.375,-1.875,0.0
2013-06-08,29.375,-1.875,0.0
2013-06-09,29.375,-1.875,0.0
2013-06-10,29.375,-1.875,0.0
2013-06-11,29.375,-1.875,0.0
2013-06-12,29.375,-1.875,0.0
2013-06-13,29.375,-1.875,0.0
2013-06-14,29.375,-1.875,0.021601219
2013-06-15,29.375,-1.875,0.0
2013-06-16,29.375,-1.875,0.0
2013-06-17,29.375,-1.875,0.12739548
2013-06-18,29.375,-1.875,0.08440335
2013-06-19,29.375,-1.875,0.0
2013-06-20,29.375,-1.875,0.0
2013-06-21,29.375,-1.875,0.0
2013-06-22,29.375,-1.875,0.0
2013-06-23,29.375,-1.875,0.0
2013-06-24,29.375,-1.875,0.0
2013-06-25,29.375,-1.875,0.0
2013-06-26,29.375,-1.875,0.13120024
2013-06-27,29.375,-1.875,1.1835997
2013-06-28,29.375,-1.875,0.0023998965
2013-06-29,29.375,-1.875,0.00020001127
2013-06-30,29.375,-1.875,1.7233703
2013-07-01,29.375,-1.875,0.0
2013-07-02,29.375,-1.875,0.28321594
2013-07-03,29.375,-1.875,0.0
2013-07-04,29.375,-1.875,1.595652
2013-07-05,29.375,-1.875,0.0
2013-07-06,29.375,-1.875,0.0
2013-07-07,29.375,-1.875,0.0
2013-07-08,29.375,-1.875,0.0
2013-07-09,29.375,-1.875,0.0
2013-07-10,29.375,-1.875,0.0010000563
2013-07-11,29.375,-1.875,0.0
2013-07-12,29.375,-1.875,0.0
2013-07-13,29.375,-1.875,0.0
2013-07-14,29.375,-1.875,0.046798978
2013-07-15,29.375,-1.875,0.010800608
2013-07-16,29.375,-1.875,0.0
2013-07-17,29.375,-1.875,0.0
2013-07-18,29.375,-1.875,0.0
2013-07-19,29.375,-1.875,0.0
2013-07-20,29.375,-1.875,0.0
2013-07-21,29.375,-1.875,0.0
2013-07-22,29.375,-1.875,0.0038002143
2013-07-23,29.375,-1.875,0.0
2013-07-24,29.375,-1.875,0.0
2013-07-25,29.375,-1.875,0.0
2013-07-26,29.375,-1.875,0.0
2013-07-27,29.375,-1.875,0.0
2013-07-28,29.375,-1.875,0.0
2013-07-29,29.375,-1.875,0.0
2013-07-30,29.375,-1.875,0.47799802
2013-07-31,29.375,-1.875,3.907589
2013-08-01,29.375,-1.875,0.1827928
2013-08-02,29.375,-1.875,0.17000042
2013-08-03,29.375,-1.875,0.172998
2013-08-04,29.375,-1.875,0.44561827
2013-08-05,29.375,-1.875,0.27181137
2013-08-06,29.375,-1.875,2.6110544
2013-08-07,29.375,-1.875,0.03439852
2013-08-08,29.375,-1.875,0.5458125
2013-08-09,29.375,-1.875,0.014400812
2013-08-10,29.375,-1.875,0.10240102
2013-08-11,29.375,-1.875,0.124597274
2013-08-12,29.375,-1.875,0.0
2013-08-13,29.375,-1.875,0.0060003377
2013-08-14,29.375,-1.875,0.389596
2013-08-15,29.375,-1.875,0.25881398
2013-08-16,29.375,-1.875,8.21717
2013-08-17,29.375,-1.875,5.699984
2013-08-18,29.375,-1.875,0.043602224
2013-08-19,29.375,-1.875,2.2598243
2013-08-20,29.375,-1.875,0.026200272
2013-08-21,29.375,-1.875,0.0656037
2013-08-22,29.375,-1.875,0.10420126
2013-08-23,29.375,-1.875,0.33918872
2013-08-24,29.375,-1.875,0.0
2013-08-25,29.375,-1.875,0.0
2013-08-26,29.375,-1.875,0.0
2013-08-27,29.375,-1.875,0.0
2013-08-28,29.375,-1.875,0.0
2013-08-29,29.375,-1.875,0.0
2013-08-30,29.375,-1.875,0.8677731
2013-08-31,29.375,-1.875,14.154011
2013-09-01,29.375,-1.875,16.0761
2013-09-02,29.375,-1.875,8.157821
2013-09-03,29.375,-1.875,5.714807
2013-09-04,29.375,-1.875,0.0
2013-09-05,29.375,-1.875,0.0
2013-09-06,29.375,-1.875,0.0
2013-09-07,29.375,-1.875,0.4548088
2013-09-08,29.375,-1.875,2.3353982
2013-09-09,29.375,-1.875,2.422612
2013-09-10,29.375,-1.875,5.0476303
2013-09-11,29.375,-1.875,4.6041803
2013-09-12,29.375,-1.875,0.16760191
2013-09-13,29.375,-1.875,0.0
2013-09-14,29.375,-1.875,0.0
2013-09-15,29.375,-1.875,0.0
2013-09-16,29.375,-1.875,0.32839066
2013-09-17,29.375,-1.875,0.42480743
2013-09-18,29.375,-1.875,2.814349
2013-09-19,29.375,-1.875,11.738323
2013-09-20,29.375,-1.875,0.8287876
2013-09-21,29.375,-1.875,3.93296
2013-09-22,29.375,-1.875,1.16879
2013-09-23,29.375,-1.875,5.4936733
2013-09-24,29.375,-1.875,5.0920715
2013-09-25,29.375,-1.875,9.587111
2013-09-26,29.375,-1.875,4.72538
2013-09-27,29.375,-1.875,0.761816
2013-09-28,29.375,-1.875,2.9234295
2013-09-29,29.375,-1.875,2.5336087
2013-09-30,29.375,-1.875,0.3326034
2013-10-01,29.375,-1.875,5.382909
2013-10-02,29.375,-1.875,1.0089995
2013-10-03,29.375,-1.875,4.892541
2013-10-04,29.375,-1.875,2.5529556
2013-10-05,29.375,-1.875,0.52600235
2013-10-06,29.375,-1.875,0.003000169
2013-10-07,29.375,-1.875,0.2826159
2013-10-08,29.375,-1.875,0.11500622
2013-10-09,29.375,-1.875,7.921993
2013-10-10,29.375,-1.875,7.895069
2013-10-11,29.375,-1.875,2.0053723
2013-10-12,29.375,-1.875,2.6077223
2013-10-13,29.375,-1.875,0.5784098
2013-10-14,29.375,-1.875,0.63662666
2013-10-15,29.375,-1.875,0.0
2013-10-16,29.375,-1.875,0.0
2013-10-17,29.375,-1.875,0.13199788
2013-10-18,29.375,-1.875,0.007200406
2013-10-19,29.375,-1.875,8.229975
2013-10-20,29.375,-1.875,2.186393
2013-10-21,29.375,-1.875,0.72160673
2013-10-22,29.375,-1.875,1.0807958
2013-10-23,29.375,-1.875,2.4498641
2013-10-24,29.375,-1.875,3.7330563
2013-10-25,29.375,-1.875,0.06140296
2013-10-26,29.375,-1.875,0.017801002
2013-10-27,29.375,-1.875,0.0
2013-10-28,29.375,-1.875,1.5708462
2013-10-29,29.375,-1.875,13.172983
2013-10-30,29.375,-1.875,0.116202645
2013-10-31,29.375,-1.875,3.5020368
2013-11-01,29.375,-1.875,2.9698873
2013-11-02,29.375,-1.875,0.8608184
2013-11-03,29.375,-1.875,4.5721154
2013-11-04,29.375,-1.875,4.3666615
2013-11-05,29.375,-1.875,15.892656
2013-11-06,29.375,-1.875,5.4973054
2013-11-07,29.375,-1.875,1.9664245
2013-11-08,29.375,-1.875,2.3651698
2013-11-09,29.375,-1.875,1.8410151
2013-11-10,29.375,-1.875,5.830636
2013-11-11,29.375,-1.875,7.3804064
2013-11-12,29.375,-1.875,0.7484132
2013-11-13,29.375,-1.875,0.931564
2013-11-14,29.375,-1.875,7.7275143
2013-11-15,29.375,-1.875,7.6968455
2013-11-16,29.375,-1.875,1.5020232
2013-11-17,29.375,-1.875,0.35819072
2013-11-18,29.375,-1.875,0.9785925
2013-11-19,29.375,-1.875,7.8526974
2013-11-20,29.375,-1.875,5.6007338
2013-11-21,29.375,-1.875,1.633017
2013-11-22,29.375,-1.875,5.6342077
2013-11-23,29.375,-1.875,7.322612
2013-11-24,29.375,-1.875,2.5070639
2013-11-25,29.375,-1.875,0.13520266
2013-11-26,29.375,-1.875,1.66078
2013-11-27,29.375,-1.875,3.726391
2013-11-28,29.375,-1.875,0.4510222
2013-11-29,29.375,-1.875,0.0726022
2013-11-30,29.375,-1.875,0.7785761
2013-12-01,29.375,-1.875,0.029601667
2013-12-02,29.375,-1.875,0.05020032
2013-12-03,29.375,-1.875,1.6708115
2013-12-04,29.375,-1.875,1.6803926
2013-12-05,29.375,-1.875,8.679341
2013-12-06,29.375,-1.875,7.3243527
2013-12-07,29.375,-1.875,6.3885818
2013-12-08,29.375,-1.875,3.667966
2013-12-09,29.375,-1.875,1.4534245
2013-12-10,29.375,-1.875,13.162793
2013-12-11,29.375,-1.875,16.24001
2013-12-12,29.375,-1.875,8.09309
2013-12-13,29.375,-1.875,10.973844
2013-12-14,29.375,-1.875,2.4147735
2013-12-15,29.375,-1.875,0.3387862
2013-12-16,29.375,-1.875,1.659021
2013-12-17,29.375,-1.875,13.31056
2013-12-18,29.375,-1.875,3.1383708
2013-12-19,29.375,-1.875,0.1574059
2013-12-20,29.375,-1.875,0.0
2013-12-21,29.375,-1.875,0.01439938
2013-12-22,29.375,-1.875,0.007999748
2013-12-23,29.375,-1.875,0.027598996
2013-12-24,29.375,-1.875,6.6854944
2013-12-25,29.375,-1.875,2.4263659
2013-12-26,29.375,-1.875,6.2891746
2013-12-27,29.375,-1.875,0.052802674
2013-12-28,29.375,-1.875,7.123158
2013-12-29,29.375,-1.875,9.818396
2013-12-30,29.375,-1.875,6.5153046
2013-12-31,29.375,-1.875,12.674144
2014-01-01,29.375,-1.875,0.6152032
2014-01-02,29.375,-1.875,5.227109
2014-01-03,29.375,-1.875,0.101001516
2014-01-04,29.375,-1.875,0.0
2014-01-05,29.375,-1.875,0.15419552
2014-01-06,29.375,-1.875,0.39998707
2014-01-07,29.375,-1.875,3.0918055
2014-01-08,29.375,-1.875,5.0749154
2014-01-09,29.375,-1.875,0.82441
2014-01-10,29.375,-1.875,1.6319941
2014-01-11,29.375,-1.875,4.0548167
2014-01-12,29.375,-1.875,0.28601485
2014-01-13,29.375,-1.875,0.03560035
2014-01-14,29.375,-1.875,0.3237949
2014-01-15,29.375,-1.875,0.60838985
2014-01-16,29.375,-1.875,0.13120052
2014-01-17,29.375,-1.875,0.56699055
2014-01-18,29.375,-1.875,1.8771836
2014-01-19,29.375,-1.875,1.8865687
2014-01-20,29.375,-1.875,7.286548
2014-01-21,29.375,-1.875,0.6978123
2014-01-22,29.375,-1.875,0.21899405
2014-01-23,29.375,-1.875,4.937514
2014-01-24,29.375,-1.875,1.438803
2014-01-25,29.375,-1.875,0.1502029
2014-01-26,29.375,-1.875,4.4372296
2014-01-27,29.375,-1.875,2.704782
2014-01-28,29.375,-1.875,4.850405
2014-01-29,29.375,-1.875,0.5229973
2014-01-30,29.375,-1.875,0.028399056
2014-01-31,29.375,-1.875,0.8666267
2014-02-01,29.375,-1.875,1.9619441
2014-02-02,29.375,-1.875,0.27199712
2014-02-03,29.375,-1.875,0.30800557
2014-02-04,29.375,-1.875,8.1304035
2014-02-05,29.375,-1.875,10.895523
2014-02-06,29.375,-1.875,8.663448
2014-02-07,29.375,-1.875,2.9472203
2014-02-08,29.375,-1.875,0.23939517
2014-02-09,29.375,-1.875,1.259777
2014-02-10,29.375,-1.875,3.7749853
2014-02-11,29.375,-1.875,1.431393
2014-02-12,29.375,-1.875,3.4265854
2014-02-13,29.375,-1.875,0.030001424
2014-02-14,29.375,-1.875,2.3033738
2014-02-15,29.375,-1.875,1.6511755
2014-02-16,29.375,-1.875,0.58639324
2014-02-17,29.375,-1.875,0.11280401
2014-02-18,29.375,-1.875,0.21839161
2014-02-19,29.375,-1.875,0.10979565
2014-02-20,29.375,-1.875,7.4211726
2014-02-21,29.375,-1.875,0.041600794
2014-02-22,29.375,-1.875,9.717291
2014-02-23,29.375,-1.875,4.213454
2014-02-24,29.375,-1.875,13.985951
2014-02-25,29.375,-1.875,5.9270983
2014-02-26,29.375,-1.875,6.536746
2014-02-27,29.375,-1.875,0.26439738
2014-02-28,29.375,-1.875,0.019599827
2014-03-01,29.375,-1.875,0.028798759
2014-03-02,29.375,-1.875,0.33740154
2014-03-03,29.375,-1.875,0.23819128
2014-03-04,29.375,-1.875,0.011200232
2014-03-05,29.375,-1.875,6.655313
2014-03-06,29.375,-1.875,7.638043
2014-03-07,29.375,-1.875,3.0090246
2014-03-08,29.375,-1.875,0.0
2014-03-09,29.375,-1.875,2.1366835
2014-03-10,29.375,-1.875,0.103801616
2014-03-11,29.375,-1.875,11.44332
2014-03-12,29.375,-1.875,1.3903835
2014-03-13,29.375,-1.875,1.9960258
2014-03-14,29.375,-1.875,14.866638
2014-03-15,29.375,-1.875,6.0404115
2014-03-16,29.375,-1.875,0.5526099
2014-03-17,29.375,-1.875,5.0790486
2014-03-18,29.375,-1.875,1.2186486
2014-03-19,29.375,-1.875,1.6509924
2014-03-20,29.375,-1.875,0.6992353
2014-03-21,29.375,-1.875,0.82219386
2014-03-22,29.375,-1.875,2.253181
2014-03-23,29.375,-1.875,4.1069374
2014-03-24,29.375,-1.875,13.4798975
2014-03-25,29.375,-1.875,3.840398
2014-03-26,29.375,-1.875,3.28582
2014-03-27,29.375,-1.875,9.084112
2014-03-28,29.375,-1.875,10.323035
2014-03-29,29.375,-1.875,1.9324017
2014-03-30,29.375,-1.875,2.0680666
2014-03-31,29.375,-1.875,1.9085935
2014-04-01,29.375,-1.875,1.1858096
2014-04-02,29.375,-1.875,0.016200745
2014-04-03,29.375,-1.875,0.0
2014-04-04,29.375,-1.875,2.4589896
2014-04-05,29.375,-1.875,17.446814
2014-04-06,29.375,-1.875,1.0963691
2014-04-07,29.375,-1.875,0.3419944
2014-04-08,29.375,-1.875,7.9901342
2014-04-09,29.375,-1.875,0.2952052
2014-04-10,29.375,-1.875,0.07160118
2014-04-11,29.375,-1.875,0.6033884
2014-04-12,29.375,-1.875,6.161948
2014-04-13,29.375,-1.875,0.25679773
2014-04-14,29.375,-1.875,0.34239048
2014-04-15,29.375,-1.875,1.3864151
2014-04-16,29.375,-1.875,3.9107387
2014-04-17,29.375,-1.875,4.9410415
2014-04-18,29.375,-1.875,7.5457644
2014-04-19,29.375,-1.875,1.3736112
2014-04-20,29.375,-1.875,1.7007487
2014-04-21,29.375,-1.875,2.534625
2014-04-22,29.375,-1.875,0.83179384
2014-04-23,29.375,-1.875,3.529744
2014-04-24,29.375,-1.875,1.792743
2014-04-25,29.375,-1.875,20.347702
2014-04-26,29.375,-1.875,1.3858094
2014-04-27,29.375,-1.875,0.0012000676
2014-04-28,29.375,-1.875,0.0
2014-04-29,29.375,-1.875,0.019999951
2014-04-30,29.375,-1.875,0.5388133
2014-05-01,29.375,-1.875,0.25438926
2014-05-02,29.375,-1.875,0.013200745
2014-05-03,29.375,-1.875,0.032000624
2014-05-04,29.375,-1.875,0.0
2014-05-05,29.375,-1.875,0.70420104
2014-05-06,29.375,-1.875,2.0919409
2014-05-07,29.375,-1.875,1.6933987
2014-05-08,29.375,-1.875,0.5811889
2014-05-09,29.375,-1.875,0.1136004
2014-05-10,29.375,-1.875,0.73981756
2014-05-11,29.375,-1.875,3.564261
2014-05-12,29.375,-1.875,1.1602088
2014-05-13,29.375,-1.875,1.3347896
2014-05-14,29.375,-1.875,0.42341372
2014-05-15,29.375,-1.875,1.5504395
2014-05-16,29.375,-1.875,0.8338121
2014-05-17,29.375,-1.875,7.2912936
2014-05-18,29.375,-1.875,1.1401901
2014-05-19,29.375,-1.875,0.0
2014-05-20,29.375,-1.875,3.3398027
2014-05-21,29.375,-1.875,1.2688172
2014-05-22,29.375,-1.875,0.002800158
2014-05-23,29.375,-1.875,0.0
2014-05-24,29.375,-1.875,0.32840598
2014-05-25,29.375,-1.875,0.07519676
2014-05-26,29.375,-1.875,0.0
2014-05-27,29.375,-1.875,0.0
2014-05-28,29.375,-1.875,1.4756618
2014-05-29,29.375,-1.875,0.84802264
2014-05-30,29.375,-1.875,0.16560933
2014-05-31,29.375,-1.875,0.0
2014-06-01,29.375,-1.875,0.0
2014-06-02,29.375,-1.875,0.0
2014-06-03,29.375,-1.875,0.0
2014-06-04,29.375,-1.875,7.543589
2014-06-05,29.375,-1.875,6.4918737
2014-06-06,29.375,-1.875,0.97462547
2014-06-07,29.375,-1.875,1.53099
2014-06-08,29.375,-1.875,2.6183693
2014-06-09,29.375,-1.875,0.5204053
2014-06-10,29.375,-1.875,0.3536108
2014-06-11,29.375,-1.875,0.0
2014-06-12,29.375,-1.875,0.0
2014-06-13,29.375,-1.875,4.607768
2014-06-14,29.375,-1.875,2.7290006
2014-06-15,29.375,-1.875,0.5774119
2014-06-16,29.375,-1.875,0.81561923
2014-06-17,29.375,-1.875,13.528978
2014-06-18,29.375,-1.875,8.580944
2014-06-19,29.375,-1.875,2.4786127
2014-06-20,29.375,-1.875,1.071018
2014-06-21,29.375,-1.875,0.09120436
2014-06-22,29.375,-1.875,0.0
2014-06-23,29.375,-1.875,0.0
2014-06-24,29.375,-1.875,0.0
2014-06-25,29.375,-1.875,0.031598754
2014-06-26,29.375,-1.875,0.03439852
2014-06-27,29.375,-1.875,0.0
2014-06-28,29.375,-1.875,0.0
2014-06-29,29.375,-1.875,0.06979957
2014-06-30,29.375,-1.875,0.008199666
2014-07-01,29.375,-1.875,0.0
2014-07-02,29.375,-1.875,0.0
2014-07-03,29.375,-1.875,0.0
2014-07-04,29.375,-1.875,0.0
2014-07-05,29.375,-1.875,0.0
2014-07-06,29.375,-1.875,0.011599898
2014-07-07,29.375,-1.875,0.0
2014-07-08,29.375,-1.875,0.0
2014-07-09,29.375,-1.875,0.0
2014-07-10,29.375,-1.875,0.0
2014-07-11,29.375,-1.875,0.0
2014-07-12,29.375,-1.875,0.0
2014-07-13,29.375,-1.875,0.0
2014-07-14,29.375,-1.875,0.0
2014-07-15,29.375,-1.875,0.13100691
2014-07-16,29.375,-1.875,0.0
2014-07-17,29.375,-1.875,0.0
2014-07-18,29.375,-1.875,0.0
2014-07-19,29.375,-1.875,0.04720152
2014-07-20,29.375,-1.875,0.7602043
2014-07-21,29.375,-1.875,1.9298196
2014-07-22,29.375,-1.875,0.0008000451
2014-07-23,29.375,-1.875,0.0
2014-07-24,29.375,-1.875,0.05040241
2014-07-25,29.375,-1.875,0.4090042
2014-07-26,29.375,-1.875,2.1475902
2014-07-27,29.375,-1.875,0.60821587
2014-07-28,29.375,-1.875,0.041801926
2014-07-29,29.375,-1.875,0.0
2014-07-30,29.375,-1.875,0.0
2014-07-31,29.375,-1.875,0.0
2014-08-01,29.375,-1.875,0.0
2014-08-02,29.375,-1.875,0.0018001014
2014-08-03,29.375,-1.875,0.30099946
2014-08-04,29.375,-1.875,0.003199862
2014-08-05,29.375,-1.875,0.0010000563
2014-08-06,29.375,-1.875,0.25320163
2014-08-07,29.375,-1.875,0.04580205
2014-08-08,29.375,-1.875,0.0008000451
2014-08-09,29.375,-1.875,0.63499624
2014-08-10,29.375,-1.875,0.9838041
2014-08-11,29.375,-1.875,9.568748
2014-08-12,29.375,-1.875,0.7056083
2014-08-13,29.375,-1.875,5.944422
2014-08-14,29.375,-1.875,1.9328493
2014-08-15,29.375,-1.875,0.24520421
2014-08-16,29.375,-1.875,0.38421816
2014-08-17,29.375,-1.875,0.0
2014-08-18,29.375,-1.875,0.033001494
2014-08-19,29.375,-1.875,0.06880036
2014-08-20,29.375,-1.875,0.57720566
2014-08-21,29.375,-1.875,0.08479987
2014-08-22,29.375,-1.875,1.052011
2014-08-23,29.375,-1.875,4.1790295
2014-08-24,29.375,-1.875,2.4048107
2014-08-25,29.375,-1.875,5.0062485
2014-08-26,29.375,-1.875,0.5316042
2014-08-27,29.375,-1.875,0.55800384
2014-08-28,29.375,-1.875,2.3740098
2014-08-29,29.375,-1.875,4.684333
2014-08-30,29.375,-1.875,0.9924115
2014-08-31,29.375,-1.875,1.9150127
2014-09-01,29.375,-1.875,3.1814692
2014-09-02,29.375,-1.875,5.692597
2014-09-03,29.375,-1.875,2.5044022
2014-09-04,29.375,-1.875,7.4264207
2014-09-05,29.375,-1.875,23.719324
2014-09-06,29.375,-1.875,0.062601656
2014-09-07,29.375,-1.875,0.003600203
2014-09-08,29.375,-1.875,0.10660576
2014-09-09,29.375,-1.875,0.0
2014-09-10,29.375,-1.875,0.79022217
2014-09-11,29.375,-1.875,0.04240014
2014-09-12,29.375,-1.875,0.0
2014-09-13,29.375,-1.875,0.0
2014-09-14,29.375,-1.875,0.0128002055
2014-09-15,29.375,-1.875,2.201633
2014-09-16,29.375,-1.875,0.067997254
2014-09-17,29.375,-1.875,0.5318064
2014-09-18,29.375,-1.875,9.425528
2014-09-19,29.375,-1.875,3.9338827
2014-09-20,29.375,-1.875,0.3560063
2014-09-21,29.375,-1.875,2.821384
2014-09-22,29.375,-1.875,0.57040846
2014-09-23,29.375,-1.875,0.013599414
2014-09-24,29.375,-1.875,0.48999712
2014-09-25,29.375,-1.875,0.09880124
2014-09-26,29.375,-1.875,3.9827278
2014-09-27,29.375,-1.875,26.731117
2014-09-28,29.375,-1.875,3.1859837
2014-09-29,29.375,-1.875,3.6089225
2014-09-30,29.375,-1.875,9.480734
2014-10-01,29.375,-1.875,16.645164
2014-10-02,29.375,-1.875,0.53900754
2014-10-03,29.375,-1.875,10.309509
2014-10-04,29.375,-1.875,7.595648
2014-10-05,29.375,-1.875,1.2284176
2014-10-06,29.375,-1.875,2.2917304
2014-10-07,29.375,-1.875,0.13500684
2014-10-08,29.375,-1.875,1.8338065
2014-10-09,29.375,-1.875,0.6818152
2014-10-10,29.375,-1.875,1.0675963
2014-10-11,29.375,-1.875,0.043201014
2014-10-12,29.375,-1.875,0.0
2014-10-13,29.375,-1.875,0.00040002255
2014-10-14,29.375,-1.875,2.2962043
2014-10-15,29.375,-1.875,16.061823
2014-10-16,29.375,-1.875,7.090608
2014-10-17,29.375,-1.875,10.189897
2014-10-18,29.375,-1.875,8.891094
2014-10-19,29.375,-1.875,4.9390407
2014-10-20,29.375,-1.875,14.006939
2014-10-21,29.375,-1.875,2.852886
2014-10-22,29.375,-1.875,2.2312326
2014-10-23,29.375,-1.875,12.453414
2014-10-24,29.375,-1.875,8.748264
2014-10-25,29.375,-1.875,4.9402637
2014-10-26,29.375,-1.875,0.5071898
2014-10-27,29.375,-1.875,0.34261078
2014-10-28,29.375,-1.875,1.3077494
2014-10-29,29.375,-1.875,13.957071
2014-10-30,29.375,-1.875,2.194442
2014-10-31,29.375,-1.875,9.898395
2014-11-01,29.375,-1.875,1.1349986
2014-11-02,29.375,-1.875,5.5303526
2014-11-03,29.375,-1.875,1.1378229
2014-11-04,29.375,-1.875,3.4201837
2014-11-05,29.375,-1.875,0.41400626
2014-11-06,29.375,-1.875,7.8988094
2014-11-07,29.375,-1.875,10.934291
2014-11-08,29.375,-1.875,2.7571414
2014-11-09,29.375,-1.875,0.0
2014-11-10,29.375,-1.875,1.2265878
2014-11-11,29.375,-1.875,3.3806186
2014-11-12,29.375,-1.875,3.1657932
2014-11-13,29.375,-1.875,7.6850214
2014-11-14,29.375,-1.875,0.69200146
2014-11-15,29.375,-1.875,16.284103
2014-11-16,29.375,-1.875,3.50655
2014-11-17,29.375,-1.875,1.2924182
2014-11-18,29.375,-1.875,5.197057
2014-11-19,29.375,-1.875,10.919833
2014-11-20,29.375,-1.875,7.165301
2014-11-21,29.375,-1.875,0.52019936
2014-11-22,29.375,-1.875,0.08720253
2014-11-23,29.375,-1.875,0.06200196
2014-11-24,29.375,-1.875,4.3455744
2014-11-25,29.375,-1.875,9.586816
2014-11-26,29.375,-1.875,3.5065947
2014-11-27,29.375,-1.875,9.364574
2014-11-28,29.375,-1.875,3.87347
2014-11-29,29.375,-1.875,6.26479
2014-11-30,29.375,-1.875,1.5418247
2014-12-01,29.375,-1.875,1.6539654
2014-12-02,29.375,-1.875,13.493217
2014-12-03,29.375,-1.875,2.343379
2014-12-04,29.375,-1.875,1.0563756
2014-12-05,29.375,-1.875,0.43718788
2014-12-06,29.375,-1.875,0.0508021
2014-12-07,29.375,-1.875,1.9978331
2014-12-08,29.375,-1.875,6.94614
2014-12-09,29.375,-1.875,3.3915548
2014-12-10,29.375,-1.875,6.502382
2014-12-11,29.375,-1.875,2.433041
2014-12-12,29.375,-1.875,0.40881032
2014-12-13,29.375,-1.875,0.0
2014-12-14,29.375,-1.875,0.0
2014-12-15,29.375,-1.875,0.026000017
2014-12-16,29.375,-1.875,11.974641
2014-12-17,29.375,-1.875,18.151268
2014-12-18,29.375,-1.875,0.767985
2014-12-19,29.375,-1.875,2.788755
2014-12-20,29.375,-1.875,8.204009
2014-12-21,29.375,-1.875,0.5041989
2014-12-22,29.375,-1.875,0.041602343
2014-12-23,29.375,-1.875,7.187892
2014-12-24,29.375,-1.875,12.860643
2014-12-25,29.375,-1.875,4.376755
2014-12-26,29.375,-1.875,0.62020147
2014-12-27,29.375,-1.875,2.9751787
2014-12-28,29.375,-1.875,1.5480174
2014-12-29,29.375,-1.875,7.8893366
2014-12-30,29.375,-1.875,7.853287
2014-12-31,29.375,-1.875,6.512374
2015-01-01,29.375,-1.875,0.13119504
2015-01-02,29.375,-1.875,0.0
2015-01-03,29.375,-1.875,0.053200968
2015-01-04,29.375,-1.875,0.048000712
2015-01-05,29.375,-1.875,3.5511312
2015-01-06,29.375,-1.875,0.8044071
2015-01-07,29.375,-1.875,2.9232988
2015-01-08,29.375,-1.875,0.15060294
2015-01-09,29.375,-1.875,0.43220413
2015-01-10,29.375,-1.875,0.6299879
2015-01-11,29.375,-1.875,4.272951
2015-01-12,29.375,-1.875,6.333121
2015-01-13,29.375,-1.875,1.953182
2015-01-14,29.375,-1.875,0.0
2015-01-15,29.375,-1.875,0.018800458
2015-01-16,29.375,-1.875,0.0
2015-01-17,29.375,-1.875,0.0051998454
2015-01-18,29.375,-1.875,0.12240305
2015-01-19,29.375,-1.875,1.614981
2015-01-20,29.375,-1.875,3.9553392
2015-01-21,29.375,-1.875,0.03820059
2015-01-22,29.375,-1.875,0.35599044
2015-01-23,29.375,-1.875,13.367671
2015-01-24,29.375,-1.875,2.1171718
2015-01-25,29.375,-1.875,5.9157934
2015-01-26,29.375,-1.875,0.63000786
2015-01-27,29.375,-1.875,0.010399552
2015-01-28,29.375,-1.875,0.0744016
2015-01-29,29.375,-1.875,1.2571459
2015-01-30,29.375,-1.875,6.322729
2015-01-31,29.375,-1.875,2.1024837
2015-02-01,29.375,-1.875,3.801444
2015-02-02,29.375,-1.875,7.100858
2015-02-03,29.375,-1.875,8.583912
2015-02-04,29.375,-1.875,1.6150565
2015-02-05,29.375,-1.875,0.14900473
2015-02-06,29.375,-1.875,0.04120232
2015-02-07,29.375,-1.875,0.0064003607
2015-02-08,29.375,-1.875,6.5423493
2015-02-09,29.375,-1.875,0.20399791
2015-02-10,29.375,-1.875,10.936059
2015-02-11,29.375,-1.875,2.2995963
2015-02-12,29.375,-1.875,6.9641423
2015-02-13,29.375,-1.875,0.5324021
2015-02-14,29.375,-1.875,1.335212
2015-02-15,29.375,-1.875,2.422255
2015-02-16,29.375,-1.875,0.39079854
2015-02-17,29.375,-1.875,29.45246
2015-02-18,29.375,-1.875,1.3784442
2015-02-19,29.375,-1.875,8.029344
2015-02-20,29.375,-1.875,3.3998482
2015-02-21,29.375,-1.875,0.17760257
2015-02-22,29.375,-1.875,0.10119565
2015-02-23,29.375,-1.875,18.462551
2015-02-24,29.375,-1.875,0.7505976
2015-02-25,29.375,-1.875,3.5595422
2015-02-26,29.375,-1.875,0.013800412
2015-02-27,29.375,-1.875,0.017200293
2015-02-28,29.375,-1.875,13.918793
2015-03-01,29.375,-1.875,2.5020506
2015-03-02,29.375,-1.875,0.002200124
2015-03-03,29.375,-1.875,3.5108151
2015-03-04,29.375,-1.875,0.2295987
2015-03-05,29.375,-1.875,7.1442595
2015-03-06,29.375,-1.875,0.0
2015-03-07,29.375,-1.875,14.560101
2015-03-08,29.375,-1.875,0.0
2015-03-09,29.375,-1.875,0.0
2015-03-10,29.375,-1.875,2.1463797
2015-03-11,29.375,-1.875,0.07000367
2015-03-12,29.375,-1.875,1.6444838
2015-03-13,29.375,-1.875,0.2166116
2015-03-14,29.375,-1.875,9.673079
2015-03-15,29.375,-1.875,0.17780775
2015-03-16,29.375,-1.875,0.0
2015-03-17,29.375,-1.875,0.0
2015-03-18,29.375,-1.875,1.6846279
2015-03-19,29.375,-1.875,1.390372
2015-03-20,29.375,-1.875,0.59559417
2015-03-21,29.375,-1.875,6.8574705
2015-03-22,29.375,-1.875,2.546655
2015-03-23,29.375,-1.875,6.5775023
2015-03-24,29.375,-1.875,20.192303
2015-03-25,29.375,-1.875,0.10540294
2015-03-26,29.375,-1.875,0.41920805
2015-03-27,29.375,-1.875,0.5065928
2015-03-28,29.375,-1.875,0.8777916
2015-03-29,29.375,-1.875,7.0323296
2015-03-30,29.375,-1.875,2.709625
2015-03-31,29.375,-1.875,5.7211914
2015-04-01,29.375,-1.875,3.3324246
2015-04-02,29.375,-1.875,1.8105516
2015-04-03,29.375,-1.875,6.707376
2015-04-04,29.375,-1.875,2.957151
2015-04-05,29.375,-1.875,1.3347952
2015-04-06,29.375,-1.875,0.72600573
2015-04-07,29.375,-1.875,3.7359657
2015-04-08,29.375,-1.875,0.27721456
2015-04-09,29.375,-1.875,8.06889
2015-04-10,29.375,-1.875,8.591573
2015-04-11,29.375,-1.875,0.53139645
2015-04-12,29.375,-1.875,1.3079824
2015-04-13,29.375,-1.875,4.44662
2015-04-14,29.375,-1.875,4.256346
2015-04-15,29.375,-1.875,3.3772147
2015-04-16,29.375,-1.875,1.2134203
2015-04-17,29.375,-1.875,5.6875153
2015-04-18,29.375,-1.875,9.129049
2015-04-19,29.375,-1.875,0.26041195
2015-04-20,29.375,-1.875,12.920601
2015-04-21,29.375,-1.875,7.1075964
2015-04-22,29.375,-1.875,8.092138
2015-04-23,29.375,-1.875,2.09324
2015-04-24,29.375,-1.875,0.29619357
2015-04-25,29.375,-1.875,0.7139865
2015-04-26,29.375,-1.875,3.4937904
2015-04-27,29.375,-1.875,6.4408717
2015-04-28,29.375,-1.875,2.559587
2015-04-29,29.375,-1.875,4.290084
2015-04-30,29.375,-1.875,4.5911665
2015-05-01,29.375,-1.875,3.3229475
2015-05-02,29.375,-1.875,8.579816
2015-05-03,29.375,-1.875,2.0562582
2015-05-04,29.375,-1.875,0.0
2015-05-05,29.375,-1.875,1.6328068
2015-05-06,29.375,-1.875,5.7157145
2015-05-07,29.375,-1.875,7.8828893
2015-05-08,29.375,-1.875,2.8919935
2015-05-09,29.375,-1.875,3.2873967
2015-05-10,29.375,-1.875,0.07960216
2015-05-11,29.375,-1.875,1.3151822
2015-05-12,29.375,-1.875,0.7111917
2015-05-13,29.375,-1.875,0.9058075
2015-05-14,29.375,-1.875,3.1154032
2015-05-15,29.375,-1.875,0.44801
2015-05-16,29.375,-1.875,2.7276173
2015-05-17,29.375,-1.875,4.6328287
2015-05-18,29.375,-1.875,5.9479303
2015-05-19,29.375,-1.875,9.126593
2015-05-20,29.375,-1.875,6.940619
2015-05-21,29.375,-1.875,3.205242
2015-05-22,29.375,-1.875,6.592657
2015-05-23,29.375,-1.875,0.19080077
2015-05-24,29.375,-1.875,0.051402897
2015-05-25,29.375,-1.875,3.4583743
2015-05-26,29.375,-1.875,22.359581
2015-05-27,29.375,-1.875,5.6325555
2015-05-28,29.375,-1.875,1.7034304
2015-05-29,29.375,-1.875,0.0
2015-05-30,29.375,-1.875,0.0
2015-05-31,29.375,-1.875,0.5018081
2015-06-01,29.375,-1.875,7.5136194
2015-06-02,29.375,-1.875,12.457569
2015-06-03,29.375,-1.875,0.23600323
2015-06-04,29.375,-1.875,3.0650082
2015-06-05,29.375,-1.875,1.2497898
2015-06-06,29.375,-1.875,0.03359985
2015-06-07,29.375,-1.875,0.0
2015-06-08,29.375,-1.875,0.0
2015-06-09,29.375,-1.875,0.035401963
2015-06-10,29.375,-1.875,0.0008000119
2015-06-11,29.375,-1.875,0.4826246
2015-06-12,29.375,-1.875,1.532193
2015-06-13,29.375,-1.875,0.9816369
2015-06-14,29.375,-1.875,3.422165
2015-06-15,29.375,-1.875,5.97317
2015-06-16,29.375,-1.875,1.7280198
2015-06-17,29.375,-1.875,0.12559916
2015-06-18,29.375,-1.875,0.35860553
2015-06-19,29.375,-1.875,1.3626249
2015-06-20,29.375,-1.875,2.068189
2015-06-21,29.375,-1.875,0.0
2015-06-22,29.375,-1.875,0.033600498
2015-06-23,29.375,-1.875,0.0
2015-06-24,29.375,-1.875,0.0
2015-06-25,29.375,-1.875,0.031000169
2015-06-26,29.375,-1.875,0.04260052
2015-06-27,29.375,-1.875,0.0
2015-06-28,29.375,-1.875,0.0
2015-06-29,29.375,-1.875,0.032800786
2015-06-30,29.375,-1.875,0.66080344
2015-07-01,29.375,-1.875,0.5500003
2015-07-02,29.375,-1.875,0.095196374
2015-07-03,29.375,-1.875,0.0
2015-07-04,29.375,-1.875,0.060003377
2015-07-05,29.375,-1.875,0.0
2015-07-06,29.375,-1.875,0.0
2015-07-07,29.375,-1.875,0.0
2015-07-08,29.375,-1.875,0.0
2015-07-09,29.375,-1.875,0.0
2015-07-10,29.375,-1.875,0.0
2015-07-11,29.375,-1.875,0.0
2015-07-12,29.375,-1.875,0.0
2015-07-13,29.375,-1.875,0.0
2015-07-14,29.375,-1.875,0.0
2015-07-15,29.375,-1.875,0.0
2015-07-16,29.375,-1.875,0.0
2015-07-17,29.375,-1.875,0.0
2015-07-18,29.375,-1.875,0.0
2015-07-19,29.375,-1.875,0.022800274
2015-07-20,29.375,-1.875,0.061003305
2015-07-21,29.375,-1.875,0.0
2015-07-22,29.375,-1.875,0.0
2015-07-23,29.375,-1.875,0.0
2015-07-24,29.375,-1.875,0.036000535
2015-07-25,29.375,-1.875,4.32268
2015-07-26,29.375,-1.875,2.7708528
2015-07-27,29.375,-1.875,0.0
2015-07-28,29.375,-1.875,0.0
2015-07-29,29.375,-1.875,0.0
2015-07-30,29.375,-1.875,0.731979
2015-07-31,29.375,-1.875,1.4220006
2015-08-01,29.375,-1.875,0.0
2015-08-02,29.375,-1.875,0.0
2015-08-03,29.375,-1.875,0.0
2015-08-04,29.375,-1.875,0.0
2015-08-05,29.375,-1.875,0.04520228
2015-08-06,29.375,-1.875,0.0
2015-08-07,29.375,-1.875,0.0
2015-08-08,29.375,-1.875,0.3282171
2015-08-09,29.375,-1.875,0.38621607
2015-08-10,29.375,-1.875,0.061597716
2015-08-11,29.375,-1.875,0.22320437
2015-08-12,29.375,-1.875,0.0
2015-08-13,29.375,-1.875,0.0
2015-08-14,29.375,-1.875,0.0
2015-08-15,29.375,-1.875,0.0
2015-08-16,29.375,-1.875,0.0
2015-08-17,29.375,-1.875,0.0
2015-08-18,29.375,-1.875,0.0
2015-08-19,29.375,-1.875,0.0
2015-08-20,29.375,-1.875,0.0
2015-08-21,29.375,-1.875,1.2200496
2015-08-22,29.375,-1.875,1.1838108
2015-08-23,29.375,-1.875,0.25879425
2015-08-24,29.375,-1.875,0.0
2015-08-25,29.375,-1.875,0.0
2015-08-26,29.375,-1.875,0.0
2015-08-27,29.375,-1.875,0.0
2015-08-28,29.375,-1.875,0.0
2015-08-29,29.375,-1.875,0.01160052
2015-08-30,29.375,-1.875,0.049602795
2015-08-31,29.375,-1.875,19.143835
2015-09-01,29.375,-1.875,6.187763
2015-09-02,29.375,-1.875,5.9803696
2015-09-03,29.375,-1.875,4.0137663
2015-09-04,29.375,-1.875,16.93113
2015-09-05,29.375,-1.875,9.039919
2015-09-06,29.375,-1.875,6.763414
2015-09-07,29.375,-1.875,1.457812
2015-09-08,29.375,-1.875,0.2773981
2015-09-09,29.375,-1.875,0.97784686
2015-09-10,29.375,-1.875,0.98681253
2015-09-11,29.375,-1.875,0.0
2015-09-12,29.375,-1.875,0.0
2015-09-13,29.375,-1.875,0.041201048
2015-09-14,29.375,-1.875,0.0024001352
2015-09-15,29.375,-1.875,0.0
2015-09-16,29.375,-1.875,0.722188
2015-09-17,29.375,-1.875,2.4520264
2015-09-18,29.375,-1.875,0.045600154
2015-09-19,29.375,-1.875,4.727108
2015-09-20,29.375,-1.875,0.25319895
2015-09-21,29.375,-1.875,0.08019987
2015-09-22,29.375,-1.875,0.0
2015-09-23,29.375,-1.875,0.031201761
2015-09-24,29.375,-1.875,1.3611883
2015-09-25,29.375,-1.875,20.389753
2015-09-26,29.375,-1.875,2.4422169
2015-09-27,29.375,-1.875,0.5870164
2015-09-28,29.375,-1.875,1.1462208
2015-09-29,29.375,-1.875,0.09140356
2015-09-30,29.375,-1.875,17.927912
2015-10-01,29.375,-1.875,13.746631
2015-10-02,29.375,-1.875,11.469385
2015-10-03,29.375,-1.875,1.6797833
2015-10-04,29.375,-1.875,0.425815
2015-10-05,29.375,-1.875,2.0356083
2015-10-06,29.375,-1.875,0.016800914
2015-10-07,29.375,-1.875,0.0
2015-10-08,29.375,-1.875,0.16619937
2015-10-09,29.375,-1.875,1.3433621
2015-10-10,29.375,-1.875,3.0059986
2015-10-11,29.375,-1.875,9.880012
2015-10-12,29.375,-1.875,2.7348754
2015-10-13,29.375,-1.875,8.785128
2015-10-14,29.375,-1.875,0.115397975
2015-10-15,29.375,-1.875,0.7164209
2015-10-16,29.375,-1.875,0.24000652
2015-10-17,29.375,-1.875,2.059879
2015-10-18,29.375,-1.875,3.9294224
2015-10-19,29.375,-1.875,4.1223783
2015-10-20,29.375,-1.875,5.3439074
2015-10-21,29.375,-1.875,0.0
2015-10-22,29.375,-1.875,4.5837116
2015-10-23,29.375,-1.875,8.700836
2015-10-24,29.375,-1.875,3.9032187
2015-10-25,29.375,-1.875,1.8289729
2015-10-26,29.375,-1.875,7.8064322
2015-10-27,29.375,-1.875,15.432455
2015-10-28,29.375,-1.875,28.460981
2015-10-29,29.375,-1.875,14.9121685
2015-10-30,29.375,-1.875,17.608028
2015-10-31,29.375,-1.875,3.4976287
2015-11-01,29.375,-1.875,1.3488287
2015-11-02,29.375,-1.875,11.467374
2015-11-03,29.375,-1.875,0.71099097
2015-11-04,29.375,-1.875,4.8321667
2015-11-05,29.375,-1.875,2.684597
2015-11-06,29.375,-1.875,0.85501313
2015-11-07,29.375,-1.875,3.126997
2015-11-08,29.375,-1.875,0.32958728
2015-11-09,29.375,-1.875,10.39967
2015-11-10,29.375,-1.875,1.0752106
2015-11-11,29.375,-1.875,0.31439072
2015-11-12,29.375,-1.875,1.9453685
2015-11-13,29.375,-1.875,0.07720113
2015-11-14,29.375,-1.875,9.103687
2015-11-15,29.375,-1.875,10.696574
2015-11-16,29.375,-1.875,6.492481
2015-11-17,29.375,-1.875,12.148565
2015-11-18,29.375,-1.875,11.479872
2015-11-19,29.375,-1.875,0.7492264
2015-11-20,29.375,-1.875,3.880445
2015-11-21,29.375,-1.875,0.27920306
2015-11-22,29.375,-1.875,5.5721874
2015-11-23,29.375,-1.875,0.1738056
2015-11-24,29.375,-1.875,5.0671754
2015-11-25,29.375,-1.875,8.776553
2015-11-26,29.375,-1.875,11.284343
2015-11-27,29.375,-1.875,12.249384
2015-11-28,29.375,-1.875,0.117996275
2015-11-29,29.375,-1.875,0.02479893
2015-11-30,29.375,-1.875,9.562634
2015-12-01,29.375,-1.875,0.08179836
2015-12-02,29.375,-1.875,5.2129927
2015-12-03,29.375,-1.875,6.5192323
2015-12-04,29.375,-1.875,5.204199
2015-12-05,29.375,-1.875,4.3292336
2015-12-06,29.375,-1.875,0.036398433
2015-12-07,29.375,-1.875,2.3666322
2015-12-08,29.375,-1.875,5.9519763
2015-12-09,29.375,-1.875,13.06316
2015-12-10,29.375,-1.875,11.295754
2015-12-11,29.375,-1.875,1.2626139
2015-12-12,29.375,-1.875,5.26099
2015-12-13,29.375,-1.875,2.076606
2015-12-14,29.375,-1.875,2.4882023
2015-12-15,29.375,-1.875,3.6032615
2015-12-16,29.375,-1.875,5.034137
2015-12-17,29.375,-1.875,8.678944
2015-12-18,29.375,-1.875,3.3704917
2015-12-19,29.375,-1.875,3.3834496
2015-12-20,29.375,-1.875,14.194096
2015-12-21,29.375,-1.875,5.110158
2015-12-22,29.375,-1.875,3.254097
2015-12-23,29.375,-1.875,0.33339366
2015-12-24,29.375,-1.875,0.755793
2015-12-25,29.375,-1.875,0.1436081
2015-12-26,29.375,-1.875,0.42219064
2015-12-27,29.375,-1.875,0.7087822
2015-12-28,29.375,-1.875,0.2086094
2015-12-29,29.375,-1.875,2.8637662
2015-12-30,29.375,-1.875,0.0
2015-12-31,29.375,-1.875,0.0
2016-01-01,29.375,-1.875,0.014600424
2016-01-02,29.375,-1.875,0.0
2016-01-03,29.375,-1.875,0.22559988
2016-01-04,29.375,-1.875,0.0
2016-01-05,29.375,-1.875,2.186002
2016-01-06,29.375,-1.875,0.11099705
2016-01-07,29.375,-1.875,0.014800191
2016-01-08,29.375,-1.875,0.669384
2016-01-09,29.375,-1.875,14.2805195
2016-01-10,29.375,-1.875,2.1090167
2016-01-11,29.375,-1.875,4.151446
2016-01-12,29.375,-1.875,8.1264925
2016-01-13,29.375,-1.875,5.3975954
2016-01-14,29.375,-1.875,1.5068203
2016-01-15,29.375,-1.875,24.038488
2016-01-16,29.375,-1.875,0.33481538
2016-01-17,29.375,-1.875,5.5177794
2016-01-18,29.375,-1.875,1.7353891
2016-01-19,29.375,-1.875,10.599406
2016-01-20,29.375,-1.875,1.0586035
2016-01-21,29.375,-1.875,0.36280784
2016-01-22,29.375,-1.875,0.24080572
2016-01-23,29.375,-1.875,1.2162094
2016-01-24,29.375,-1.875,7.764688
2016-01-25,29.375,-1.875,8.114221
2016-01-26,29.375,-1.875,2.393185
2016-01-27,29.375,-1.875,0.9204048
2016-01-28,29.375,-1.875,0.67979574
2016-01-29,29.375,-1.875,3.2252364
2016-01-30,29.375,-1.875,0.017600426
2016-01-31,29.375,-1.875,2.7775683
2016-02-01,29.375,-1.875,0.5415939
2016-02-02,29.375,-1.875,0.6353863
2016-02-03,29.375,-1.875,0.61160606
2016-02-04,29.375,-1.875,2.2538154
2016-02-05,29.375,-1.875,0.0055998378
2016-02-06,29.375,-1.875,1.9327178
2016-02-07,29.375,-1.875,0.84001005
2016-02-08,29.375,-1.875,1.9599785
2016-02-09,29.375,-1.875,0.5968125
2016-02-10,29.375,-1.875,0.45440578
2016-02-11,29.375,-1.875,0.080602
2016-02-12,29.375,-1.875,0.0
2016-02-13,29.375,-1.875,14.064961
2016-02-14,29.375,-1.875,0.018200992
2016-02-15,29.375,-1.875,0.0019999137
2016-02-16,29.375,-1.875,0.24720378
2016-02-17,29.375,-1.875,0.3832181
2016-02-18,29.375,-1.875,4.1404324
2016-02-19,29.375,-1.875,15.481809
2016-02-20,29.375,-1.875,0.84420496
2016-02-21,29.375,-1.875,2.6792703
2016-02-22,29.375,-1.875,0.6038024
2016-02-23,29.375,-1.875,12.662266
2016-02-24,29.375,-1.875,0.030400079
2016-02-25,29.375,-1.875,1.5872238
2016-02-26,29.375,-1.875,0.01400049
2016-02-27,29.375,-1.875,7.18641
2016-02-28,29.375,-1.875,0.48920745
2016-02-29,29.375,-1.875,0.1788012
2016-03-01,29.375,-1.875,0.0
2016-03-02,29.375,-1.875,8.744211
2016-03-03,29.375,-1.875,5.0445266
2016-03-04,29.375,-1.875,6.9208083
2016-03-05,29.375,-1.875,0.012000676
2016-03-06,29.375,-1.875,0.0
2016-03-07,29.375,-1.875,18.474648
2016-03-08,29.375,-1.875,41.777996
2016-03-09,29.375,-1.875,0.08519997
2016-03-10,29.375,-1.875,0.5491779
2016-03-11,29.375,-1.875,1.7549778
2016-03-12,29.375,-1.875,0.0039998507
2016-03-13,29.375,-1.875,0.014600823
2016-03-14,29.375,-1.875,0.06420222
2016-03-15,29.375,-1.875,0.102403834
2016-03-16,29.375,-1.875,6.1558228
2016-03-17,29.375,-1.875,5.74979
2016-03-18,29.375,-1.875,0.008399637
2016-03-19,29.375,-1.875,0.0
2016-03-20,29.375,-1.875,1.7903901
2016-03-21,29.375,-1.875,6.06752
2016-03-22,29.375,-1.875,1.0609803
2016-03-23,29.375,-1.875,11.856883
2016-03-24,29.375,-1.875,5.096018
2016-03-25,29.375,-1.875,2.0100434
2016-03-26,29.375,-1.875,0.115995765
2016-03-27,29.375,-1.875,1.4657695
2016-03-28,29.375,-1.875,0.8811933
2016-03-29,29.375,-1.875,0.0012000345
2016-03-30,29.375,-1.875,2.480455
2016-03-31,29.375,-1.875,21.971663
2016-04-01,29.375,-1.875,39.874992
2016-04-02,29.375,-1.875,2.6711957
2016-04-03,29.375,-1.875,24.40353
2016-04-04,29.375,-1.875,20.824057
2016-04-05,29.375,-1.875,1.1905974
2016-04-06,29.375,-1.875,0.9568497
2016-04-07,29.375,-1.875,12.551639
2016-04-08,29.375,-1.875,1.4249996
2016-04-09,29.375,-1.875,4.198855
2016-04-10,29.375,-1.875,4.842254
2016-04-11,29.375,-1.875,3.1767898
2016-04-12,29.375,-1.875,5.9429483
2016-04-13,29.375,-1.875,3.2809348
2016-04-14,29.375,-1.875,1.605246
2016-04-15,29.375,-1.875,1.1806419
2016-04-16,29.375,-1.875,2.4650407
2016-04-17,29.375,-1.875,5.6348314
2016-04-18,29.375,-1.875,2.388043
2016-04-19,29.375,-1.875,3.6202085
2016-04-20,29.375,-1.875,4.9089966
2016-04-21,29.375,-1.875,4.9176083
2016-04-22,29.375,-1.875,8.377594
2016-04-23,29.375,-1.875,10.842997
2016-04-24,29.375,-1.875,5.453408
2016-04-25,29.375,-1.875,3.4543927
2016-04-26,29.375,-1.875,6.4982414
2016-04-27,29.375,-1.875,2.2124436
2016-04-28,29.375,-1.875,8.92937
2016-04-29,29.375,-1.875,3.254165
2016-04-30,29.375,-1.875,10.388876
2016-05-01,29.375,-1.875,7.0945883
2016-05-02,29.375,-1.875,17.443588
2016-05-03,29.375,-1.875,12.319894
2016-05-04,29.375,-1.875,2.6120093
2016-05-05,29.375,-1.875,2.1142578
2016-05-06,29.375,-1.875,5.6193047
2016-05-07,29.375,-1.875,4.8414707
2016-05-08,29.375,-1.875,47.678764
2016-05-09,29.375,-1.875,3.5262337
2016-05-10,29.375,-1.875,0.0
2016-05-11,29.375,-1.875,0.0
2016-05-12,29.375,-1.875,0.15880568
2016-05-13,29.375,-1.875,0.07040396
2016-05-14,29.375,-1.875,0.23839918
2016-05-15,29.375,-1.875,0.030001516
2016-05-16,29.375,-1.875,0.61038923
2016-05-17,29.375,-1.875,6.7641916
2016-05-18,29.375,-1.875,2.3371892
2016-05-19,29.375,-1.875,8.196791
2016-05-20,29.375,-1.875,2.000639
2016-05-21,29.375,-1.875,1.0486289
2016-05-22,29.375,-1.875,1.2102407
2016-05-23,29.375,-1.875,0.0
2016-05-24,29.375,-1.875,0.25920478
2016-05-25,29.375,-1.875,1.8337724
2016-05-26,29.375,-1.875,2.841324
2016-05-27,29.375,-1.875,2.7573864
2016-05-28,29.375,-1.875,10.975233
2016-05-29,29.375,-1.875,2.5292215
2016-05-30,29.375,-1.875,1.4326035
2016-05-31,29.375,-1.875,11.775049
2016-06-01,29.375,-1.875,1.6512141
2016-06-02,29.375,-1.875,1.9280202
2016-06-03,29.375,-1.875,1.6877797
2016-06-04,29.375,-1.875,1.6344125
2016-06-05,29.375,-1.875,0.08119773
2016-06-06,29.375,-1.875,0.06679805
2016-06-07,29.375,-1.875,0.0
2016-06-08,29.375,-1.875,0.0
2016-06-09,29.375,-1.875,0.0
2016-06-10,29.375,-1.875,0.0
2016-06-11,29.375,-1.875,0.0
2016-06-12,29.375,-1.875,0.0
2016-06-13,29.375,-1.875,0.0
2016-06-14,29.375,-1.875,0.34881178
2016-06-15,29.375,-1.875,0.4618209
2016-06-16,29.375,-1.875,0.3143872
2016-06-17,29.375,-1.875,6.580365
2016-06-18,29.375,-1.875,7.1424837
2016-06-19,29.375,-1.875,0.0038001146
2016-06-20,29.375,-1.875,0.0038002143
2016-06-21,29.375,-1.875,1.8516002
2016-06-22,29.375,-1.875,0.20719533
2016-06-23,29.375,-1.875,0.0
2016-06-24,29.375,-1.875,0.0016000902
2016-06-25,29.375,-1.875,0.0
2016-06-26,29.375,-1.875,0.0
2016-06-27,29.375,-1.875,0.0
2016-06-28,29.375,-1.875,0.0
2016-06-29,29.375,-1.875,0.0
2016-06-30,29.375,-1.875,0.0
2016-07-01,29.375,-1.875,0.0
2016-07-02,29.375,-1.875,0.0
2016-07-03,29.375,-1.875,0.0
2016-07-04,29.375,-1.875,0.0
2016-07-05,29.375,-1.875,0.0
2016-07-06,29.375,-1.875,0.0
2016-07-07,29.375,-1.875,0.41160274
2016-07-08,29.375,-1.875,0.1946102
2016-07-09,29.375,-1.875,0.0
2016-07-10,29.375,-1.875,0.0
2016-07-11,29.375,-1.875,0.38242155
2016-07-12,29.375,-1.875,0.46321452
2016-07-13,29.375,-1.875,0.0
2016-07-14,29.375,-1.875,0.0
2016-07-15,29.375,-1.875,0.0
2016-07-16,29.375,-1.875,0.0
2016-07-17,29.375,-1.875,0.0
2016-07-18,29.375,-1.875,0.0
2016-07-19,29.375,-1.875,0.0
2016-07-20,29.375,-1.875,0.005200104
2016-07-21,29.375,-1.875,0.0008000119
2016-07-22,29.375,-1.875,0.0
2016-07-23,29.375,-1.875,0.0
2016-07-24,29.375,-1.875,3.8622787
2016-07-25,29.375,-1.875,6.3190346
2016-07-26,29.375,-1.875,0.03240093
2016-07-27,29.375,-1.875,0.018000133
2016-07-28,29.375,-1.875,0.08420465
2016-07-29,29.375,-1.875,0.0
2016-07-30,29.375,-1.875,0.0
2016-07-31,29.375,-1.875,0.0
2016-08-01,29.375,-1.875,0.0
2016-08-02,29.375,-1.875,0.0
2016-08-03,29.375,-1.875,0.0
2016-08-04,29.375,-1.875,0.0
2016-08-05,29.375,-1.875,0.0
2016-08-06,29.375,-1.875,0.0
2016-08-07,29.375,-1.875,0.064401925
2016-08-08,29.375,-1.875,0.002800158
2016-08-09,29.375,-1.875,0.0
2016-08-10,29.375,-1.875,0.00020001127
2016-08-11,29.375,-1.875,0.0
2016-08-12,29.375,-1.875,0.0
2016-08-13,29.375,-1.875,0.8338279
2016-08-14,29.375,-1.875,14.518991
2016-08-15,29.375,-1.875,15.985732
2016-08-16,29.375,-1.875,0.24199916
2016-08-17,29.375,-1.875,0.0
2016-08-18,29.375,-1.875,0.0
2016-08-19,29.375,-1.875,0.0
2016-08-20,29.375,-1.875,0.0
2016-08-21,29.375,-1.875,0.0
2016-08-22,29.375,-1.875,0.0
2016-08-23,29.375,-1.875,0.03940031
2016-08-24,29.375,-1.875,0.0
2016-08-25,29.375,-1.875,0.011399966
2016-08-26,29.375,-1.875,0.004800071
2016-08-27,29.375,-1.875,0.0
2016-08-28,29.375,-1.875,0.0
2016-08-29,29.375,-1.875,0.0946051
2016-08-30,29.375,-1.875,0.0
2016-08-31,29.375,-1.875,0.0
2016-09-01,29.375,-1.875,0.0006000172
2016-09-02,29.375,-1.875,0.055197667
2016-09-03,29.375,-1.875,2.0998282
2016-09-04,29.375,-1.875,0.19501087
2016-09-05,29.375,-1.875,0.1439938
2016-09-06,29.375,-1.875,0.0023998965
2016-09-07,29.375,-1.875,0.1983962
2016-09-08,29.375,-1.875,2.481209
2016-09-09,29.375,-1.875,10.728475
2016-09-10,29.375,-1.875,0.7147987
2016-09-11,29.375,-1.875,0.06900307
2016-09-12,29.375,-1.875,0.0
2016-09-13,29.375,-1.875,0.0
2016-09-14,29.375,-1.875,0.616214
2016-09-15,29.375,-1.875,12.005504
2016-09-16,29.375,-1.875,33.899178
2016-09-17,29.375,-1.875,7.3552365
2016-09-18,29.375,-1.875,2.2550461
2016-09-19,29.375,-1.875,5.8898277
2016-09-20,29.375,-1.875,0.37019774
2016-09-21,29.375,-1.875,0.001599931
2016-09-22,29.375,-1.875,0.20759976
2016-09-23,29.375,-1.875,0.40739855
2016-09-24,29.375,-1.875,9.211475
2016-09-25,29.375,-1.875,3.2015908
2016-09-26,29.375,-1.875,6.962099
2016-09-27,29.375,-1.875,7.6967845
2016-09-28,29.375,-1.875,22.36971
2016-09-29,29.375,-1.875,0.7989926
2016-09-30,29.375,-1.875,3.1232407
2016-10-01,29.375,-1.875,4.57822
2016-10-02,29.375,-1.875,10.030458
2016-10-03,29.375,-1.875,3.8530126
2016-10-04,29.375,-1.875,6.0632772
2016-10-05,29.375,-1.875,2.2733977
2016-10-06,29.375,-1.875,15.942707
2016-10-07,29.375,-1.875,3.312623
2016-10-08,29.375,-1.875,0.011999482
2016-10-09,29.375,-1.875,0.22361152
2016-10-10,29.375,-1.875,0.80322075
2016-10-11,29.375,-1.875,0.010400287
2016-10-12,29.375,-1.875,2.5146067
2016-10-13,29.375,-1.875,0.0048002703
2016-10-14,29.375,-1.875,0.0
2016-10-15,29.375,-1.875,0.0036000833
2016-10-16,29.375,-1.875,2.4344325
2016-10-17,29.375,-1.875,9.811759
2016-10-18,29.375,-1.875,0.50101686
2016-10-19,29.375,-1.875,12.118377
2016-10-20,29.375,-1.875,0.17140114
2016-10-21,29.375,-1.875,0.0
2016-10-22,29.375,-1.875,0.0
2016-10-23,29.375,-1.875,2.4391162
2016-10-24,29.375,-1.875,0.11859876
2016-10-25,29.375,-1.875,2.5575995
2016-10-26,29.375,-1.875,30.267685
2016-10-27,29.375,-1.875,10.450859
2016-10-28,29.375,-1.875,0.16920659
2016-10-29,29.375,-1.875,3.9709556
2016-10-30,29.375,-1.875,3.009367
2016-10-31,29.375,-1.875,1.1526238
2016-11-01,29.375,-1.875,0.81583583
2016-11-02,29.375,-1.875,29.747326
2016-11-03,29.375,-1.875,21.283888
2016-11-04,29.375,-1.875,0.23200165
2016-11-05,29.375,-1.875,6.4580393
2016-11-06,29.375,-1.875,5.708318
2016-11-07,29.375,-1.875,10.753897
2016-11-08,29.375,-1.875,0.7030088
2016-11-09,29.375,-1.875,1.0711896
2016-11-10,29.375,-1.875,0.09700086
2016-11-11,29.375,-1.875,18.153376
2016-11-12,29.375,-1.875,18.914078
2016-11-13,29.375,-1.875,3.7620122
2016-11-14,29.375,-1.875,0.5368171
2016-11-15,29.375,-1.875,4.6906157
2016-11-16,29.375,-1.875,3.533242
2016-11-17,29.375,-1.875,10.555058
2016-11-18,29.375,-1.875,0.72079754
2016-11-19,29.375,-1.875,0.26360726
2016-11-20,29.375,-1.875,0.042799704
2016-11-21,29.375,-1.875,1.6745974
2016-11-22,29.375,-1.875,0.07780037
2016-11-23,29.375,-1.875,2.0438492
2016-11-24,29.375,-1.875,14.257484
2016-11-25,29.375,-1.875,3.7711618
2016-11-26,29.375,-1.875,4.221915
2016-11-27,29.375,-1.875,4.502087
2016-11-28,29.375,-1.875,13.204552
2016-11-29,29.375,-1.875,0.17299587
2016-11-30,29.375,-1.875,2.2122471
2016-12-01,29.375,-1.875,4.404327
2016-12-02,29.375,-1.875,2.9170206
2016-12-03,29.375,-1.875,11.916632
2016-12-04,29.375,-1.875,0.0445999
2016-12-05,29.375,-1.875,1.4473724
2016-12-06,29.375,-1.875,1.8616221
2016-12-07,29.375,-1.875,0.023599662
2016-12-08,29.375,-1.875,1.5294219
2016-12-09,29.375,-1.875,0.0019999833
2016-12-10,29.375,-1.875,14.848519
2016-12-11,29.375,-1.875,6.236278
2016-12-12,29.375,-1.875,2.2971976
2016-12-13,29.375,-1.875,2.8450832
2016-12-14,29.375,-1.875,2.231021
2016-12-15,29.375,-1.875,11.858272
2016-12-16,29.375,-1.875,0.43840885
2016-12-17,29.375,-1.875,1.267387
2016-12-18,29.375,-1.875,0.0
2016-12-19,29.375,-1.875,0.0
2016-12-20,29.375,-1.875,0.037600093
2016-12-21,29.375,-1.875,0.0
2016-12-22,29.375,-1.875,1.2305849
2016-12-23,29.375,-1.875,0.0
2016-12-24,29.375,-1.875,0.039998278
2016-12-25,29.375,-1.875,0.6914109
2016-12-26,29.375,-1.875,3.9480193
2016-12-27,29.375,-1.875,0.26979634
2016-12-28,29.375,-1.875,0.043800898
2016-12-29,29.375,-1.875,0.22939679
2016-12-30,29.375,-1.875,5.359853
2016-12-31,29.375,-1.875,2.9853668
2017-01-01,29.375,-1.875,16.843887
2017-01-02,29.375,-1.875,13.776294
2017-01-03,29.375,-1.875,1.0603809
2017-01-04,29.375,-1.875,0.0
2017-01-05,29.375,-1.875,0.034001917
2017-01-06,29.375,-1.875,0.0078004394
2017-01-07,29.375,-1.875,0.0
2017-01-08,29.375,-1.875,0.31438956
2017-01-09,29.375,-1.875,0.012000636
2017-01-10,29.375,-1.875,7.910306
2017-01-11,29.375,-1.875,0.10320292
2017-01-12,29.375,-1.875,0.0
2017-01-13,29.375,-1.875,0.017600494
2017-01-14,29.375,-1.875,0.08860159
2017-01-15,29.375,-1.875,0.35719463
2017-01-16,29.375,-1.875,6.549944
2017-01-17,29.375,-1.875,0.0
2017-01-18,29.375,-1.875,0.86563206
2017-01-19,29.375,-1.875,0.03920003
2017-01-20,29.375,-1.875,0.46460068
2017-01-21,29.375,-1.875,11.331506
2017-01-22,29.375,-1.875,3.6819682
2017-01-23,29.375,-1.875,25.050154
2017-01-24,29.375,-1.875,0.07580275
2017-01-25,29.375,-1.875,0.16760394
2017-01-26,29.375,-1.875,0.10140298
2017-01-27,29.375,-1.875,3.9818199
2017-01-28,29.375,-1.875,0.87599677
2017-01-29,29.375,-1.875,1.1630448
2017-01-30,29.375,-1.875,1.0674199
2017-01-31,29.375,-1.875,2.7356076
2017-02-01,29.375,-1.875,0.20879264
2017-02-02,29.375,-1.875,13.009777
2017-02-03,29.375,-1.875,6.083057
2017-02-04,29.375,-1.875,7.1485343
2017-02-05,29.375,-1.875,0.01900044
2017-02-06,29.375,-1.875,0.0
2017-02-07,29.375,-1.875,0.02159954
2017-02-08,29.375,-1.875,0.4098135
2017-02-09,29.375,-1.875,9.956377
2017-02-10,29.375,-1.875,0.025600523
2017-02-11,29.375,-1.875,1.5390365
2017-02-12,29.375,-1.875,0.12459816
2017-02-13,29.375,-1.875,0.26119778
2017-02-14,29.375,-1.875,24.928017
2017-02-15,29.375,-1.875,2.424639
2017-02-16,29.375,-1.875,5.004458
2017-02-17,29.375,-1.875,24.871567
2017-02-18,29.375,-1.875,0.4070034
2017-02-19,29.375,-1.875,0.2391962
2017-02-20,29.375,-1.875,0.006399724
2017-02-21,29.375,-1.875,1.431178
2017-02-22,29.375,-1.875,4.406736
2017-02-23,29.375,-1.875,12.01478
2017-02-24,29.375,-1.875,12.258277
2017-02-25,29.375,-1.875,2.799061
2017-02-26,29.375,-1.875,3.3900197
2017-02-27,29.375,-1.875,2.2450504
2017-02-28,29.375,-1.875,2.9923685
2017-03-01,29.375,-1.875,20.063961
2017-03-02,29.375,-1.875,0.0
2017-03-03,29.375,-1.875,5.065618
2017-03-04,29.375,-1.875,4.817379
2017-03-05,29.375,-1.875,2.4183967
2017-03-06,29.375,-1.875,3.2198064
2017-03-07,29.375,-1.875,0.1361985
2017-03-08,29.375,-1.875,18.614077
2017-03-09,29.375,-1.875,6.957719
2017-03-10,29.375,-1.875,2.0270278
2017-03-11,29.375,-1.875,3.3560445
2017-03-12,29.375,-1.875,0.8416259
2017-03-13,29.375,-1.875,0.003199862
2017-03-14,29.375,-1.875,1.1489596
2017-03-15,29.375,-1.875,10.39245
2017-03-16,29.375,-1.875,38.038734
2017-03-17,29.375,-1.875,17.926474
2017-03-18,29.375,-1.875,0.91300875
2017-03-19,29.375,-1.875,1.3182071
2017-03-20,29.375,-1.875,9.089548
2017-03-21,29.375,-1.875,1.7354319
2017-03-22,29.375,-1.875,0.11340247
2017-03-23,29.375,-1.875,5.193087
2017-03-24,29.375,-1.875,0.4525896
2017-03-25,29.375,-1.875,2.1937816
2017-03-26,29.375,-1.875,0.03280161
2017-03-27,29.375,-1.875,0.2782099
2017-03-28,29.375,-1.875,0.8361839
2017-03-29,29.375,-1.875,0.268411
2017-03-30,29.375,-1.875,2.857944
2017-03-31,29.375,-1.875,0.049998306
2017-04-01,29.375,-1.875,0.0
2017-04-02,29.375,-1.875,3.5479977
2017-04-03,29.375,-1.875,0.0
2017-04-04,29.375,-1.875,0.01399996
2017-04-05,29.375,-1.875,0.011200632
2017-04-06,29.375,-1.875,0.59780025
2017-04-07,29.375,-1.875,4.733321
2017-04-08,29.375,-1.875,1.1552011
2017-04-09,29.375,-1.875,0.8214172
2017-04-10,29.375,-1.875,6.758281
2017-04-11,29.375,-1.875,1.7269894
2017-04-12,29.375,-1.875,4.170151
2017-04-13,29.375,-1.875,0.58299637
2017-04-14,29.375,-1.875,0.59980863
2017-04-15,29.375,-1.875,0.0
2017-04-16,29.375,-1.875,1.5065919
2017-04-17,29.375,-1.875,3.1027486
2017-04-18,29.375,-1.875,4.83355
2017-04-19,29.375,-1.875,6.9072104
2017-04-20,29.375,-1.875,4.6906133
2017-04-21,29.375,-1.875,1.7714267
2017-04-22,29.375,-1.875,1.3726327
2017-04-23,29.375,-1.875,3.0033429
2017-04-24,29.375,-1.875,5.605796
2017-04-25,29.375,-1.875,0.7286206
2017-04-26,29.375,-1.875,1.2114441
2017-04-27,29.375,-1.875,1.3980379
2017-04-28,29.375,-1.875,2.9333687
2017-04-29,29.375,-1.875,15.6076975
2017-04-30,29.375,-1.875,4.2036643
2017-05-01,29.375,-1.875,11.409156
2017-05-02,29.375,-1.875,1.9185592
2017-05-03,29.375,-1.875,0.7121898
2017-05-04,29.375,-1.875,0.68142915
2017-05-05,29.375,-1.875,4.420769
2017-05-06,29.375,-1.875,37.368282
2017-05-07,29.375,-1.875,2.6867151
2017-05-08,29.375,-1.875,1.9942749
2017-05-09,29.375,-1.875,0.0
2017-05-10,29.375,-1.875,0.009200518
2017-05-11,29.375,-1.875,14.344771
2017-05-12,29.375,-1.875,17.33293
2017-05-13,29.375,-1.875,13.802059
2017-05-14,29.375,-1.875,0.3648086
2017-05-15,29.375,-1.875,0.023401318
2017-05-16,29.375,-1.875,0.0
2017-05-17,29.375,-1.875,1.0262009
2017-05-18,29.375,-1.875,2.0078573
2017-05-19,29.375,-1.875,0.5064142
2017-05-20,29.375,-1.875,0.0
2017-05-21,29.375,-1.875,0.0
2017-05-22,29.375,-1.875,0.0
2017-05-23,29.375,-1.875,0.00020001127
2017-05-24,29.375,-1.875,0.0
2017-05-25,29.375,-1.875,0.0
2017-05-26,29.375,-1.875,0.0
2017-05-27,29.375,-1.875,0.0
2017-05-28,29.375,-1.875,0.0484019
2017-05-29,29.375,-1.875,0.3623984
2017-05-30,29.375,-1.875,0.0006000338
2017-05-31,29.375,-1.875,0.05480103
2017-06-01,29.375,-1.875,0.016400924
2017-06-02,29.375,-1.875,0.0038002143
2017-06-03,29.375,-1.875,1.8387386
2017-06-04,29.375,-1.875,0.0
2017-06-05,29.375,-1.875,0.19801116
2017-06-06,29.375,-1.875,0.14780833
2017-06-07,29.375,-1.875,0.0
2017-06-08,29.375,-1.875,0.0008000451
2017-06-09,29.375,-1.875,0.3988138
2017-06-10,29.375,-1.875,0.0
2017-06-11,29.375,-1.875,0.0
2017-06-12,29.375,-1.875,0.0
2017-06-13,29.375,-1.875,0.0
2017-06-14,29.375,-1.875,0.0007999655
2017-06-15,29.375,-1.875,0.7465941
2017-06-16,29.375,-1.875,0.0
2017-06-17,29.375,-1.875,0.073601454
2017-06-18,29.375,-1.875,0.0036000533
2017-06-19,29.375,-1.875,0.0
2017-06-20,29.375,-1.875,0.0
2017-06-21,29.375,-1.875,0.66940975
2017-06-22,29.375,-1.875,0.0
2017-06-23,29.375,-1.875,0.0
2017-06-24,29.375,-1.875,0.0
2017-06-25,29.375,-1.875,0.0
2017-06-26,29.375,-1.875,0.0
2017-06-27,29.375,-1.875,0.0
2017-06-28,29.375,-1.875,0.0
2017-06-29,29.375,-1.875,0.0
2017-06-30,29.375,-1.875,1.0909816
2017-07-01,29.375,-1.875,0.0054002213
2017-07-02,29.375,-1.875,0.0
2017-07-03,29.375,-1.875,1.3944412
2017-07-04,29.375,-1.875,0.63059604
2017-07-05,29.375,-1.875,0.5030085
2017-07-06,29.375,-1.875,0.5695994
2017-07-07,29.375,-1.875,0.0
2017-07-08,29.375,-1.875,0.0
2017-07-09,29.375,-1.875,0.24521384
2017-07-10,29.375,-1.875,0.102805786
2017-07-11,29.375,-1.875,0.0
2017-07-12,29.375,-1.875,0.0
2017-07-13,29.375,-1.875,0.0
2017-07-14,29.375,-1.875,0.0
2017-07-15,29.375,-1.875,0.032401495
2017-07-16,29.375,-1.875,0.0010000563
2017-07-17,29.375,-1.875,0.0
2017-07-18,29.375,-1.875,0.0
2017-07-19,29.375,-1.875,0.0
2017-07-20,29.375,-1.875,0.0
2017-07-21,29.375,-1.875,0.0
2017-07-22,29.375,-1.875,0.0
2017-07-23,29.375,-1.875,0.1442076
2017-07-24,29.375,-1.875,5.7399836
2017-07-25,29.375,-1.875,0.21220246
2017-07-26,29.375,-1.875,0.08700189
2017-07-27,29.375,-1.875,0.012400699
2017-07-28,29.375,-1.875,0.0
2017-07-29,29.375,-1.875,0.0
2017-07-30,29.375,-1.875,0.0
2017-07-31,29.375,-1.875,0.100597255
2017-08-01,29.375,-1.875,0.006400002
2017-08-02,29.375,-1.875,0.108605474
2017-08-03,29.375,-1.875,0.014200801
2017-08-04,29.375,-1.875,0.012200687
2017-08-05,29.375,-1.875,0.0
2017-08-06,29.375,-1.875,0.03020054
2017-08-07,29.375,-1.875,0.0
2017-08-08,29.375,-1.875,3.7786913
2017-08-09,29.375,-1.875,1.6204249
2017-08-10,29.375,-1.875,0.37679666
2017-08-11,29.375,-1.875,0.31600007
2017-08-12,29.375,-1.875,2.0376086
2017-08-13,29.375,-1.875,0.0
2017-08-14,29.375,-1.875,0.0036002027
2017-08-15,29.375,-1.875,0.0
2017-08-16,29.375,-1.875,0.0092002535
2017-08-17,29.375,-1.875,15.472336
2017-08-18,29.375,-1.875,8.568522
2017-08-19,29.375,-1.875,4.794954
2017-08-20,29.375,-1.875,0.0
2017-08-21,29.375,-1.875,0.0
2017-08-22,29.375,-1.875,0.001599931
2017-08-23,29.375,-1.875,0.07839667
2017-08-24,29.375,-1.875,5.813884
2017-08-25,29.375,-1.875,0.26200348
2017-08-26,29.375,-1.875,0.0
2017-08-27,29.375,-1.875,1.7963804
2017-08-28,29.375,-1.875,0.0
2017-08-29,29.375,-1.875,1.5029854
2017-08-30,29.375,-1.875,0.11059845
2017-08-31,29.375,-1.875,8.175308
2017-09-01,29.375,-1.875,0.45000803
2017-09-02,29.375,-1.875,0.037001587
2017-09-03,29.375,-1.875,2.2531743
2017-09-04,29.375,-1.875,3.761185
2017-09-05,29.375,-1.875,0.6071884
2017-09-06,29.375,-1.875,11.076267
2017-09-07,29.375,-1.875,0.16220641
2017-09-08,29.375,-1.875,4.9126816
2017-09-09,29.375,-1.875,3.4081914
2017-09-10,29.375,-1.875,5.044806
2017-09-11,29.375,-1.875,1.203211
2017-09-12,29.375,-1.875,2.707716
2017-09-13,29.375,-1.875,1.6404245
2017-09-14,29.375,-1.875,1.2204255
2017-09-15,29.375,-1.875,4.1411734
2017-09-16,29.375,-1.875,9.088497
2017-09-17,29.375,-1.875,6.6055446
2017-09-18,29.375,-1.875,5.3664722
2017-09-19,29.375,-1.875,3.00292
2017-09-20,29.375,-1.875,2.0056112
2017-09-21,29.375,-1.875,0.0
2017-09-22,29.375,-1.875,0.0
2017-09-23,29.375,-1.875,1.6640285
2017-09-24,29.375,-1.875,2.0358486
2017-09-25,29.375,-1.875,6.9487886
2017-09-26,29.375,-1.875,6.1966395
2017-09-27,29.375,-1.875,2.6578033
2017-09-28,29.375,-1.875,13.620682
2017-09-29,29.375,-1.875,4.19661
2017-09-30,29.375,-1.875,0.03500075
2017-10-01,29.375,-1.875,0.12240247
2017-10-02,29.375,-1.875,0.0039998274
2017-10-03,29.375,-1.875,1.9533961
2017-10-04,29.375,-1.875,0.04399857
2017-10-05,29.375,-1.875,0.99878466
2017-10-06,29.375,-1.875,0.0
2017-10-07,29.375,-1.875,21.271358
2017-10-08,29.375,-1.875,3.5188434
2017-10-09,29.375,-1.875,3.2662184
2017-10-10,29.375,-1.875,14.065291
2017-10-11,29.375,-1.875,2.3346334
2017-10-12,29.375,-1.875,12.721383
2017-10-13,29.375,-1.875,0.8756285
2017-10-14,29.375,-1.875,4.21713
2017-10-15,29.375,-1.875,12.915199
2017-10-16,29.375,-1.875,2.3290346
2017-10-17,29.375,-1.875,14.783122
2017-10-18,29.375,-1.875,5.857991
2017-10-19,29.375,-1.875,5.0193925
2017-10-20,29.375,-1.875,7.8125873
2017-10-21,29.375,-1.875,0.29820693
2017-10-22,29.375,-1.875,0.0
2017-10-23,29.375,-1.875,0.05159963
2017-10-24,29.375,-1.875,0.19500232
2017-10-25,29.375,-1.875,4.2625895
2017-10-26,29.375,-1.875,19.299309
2017-10-27,29.375,-1.875,13.122399
2017-10-28,29.375,-1.875,4.8674054
2017-10-29,29.375,-1.875,1.5291934
2017-10-30,29.375,-1.875,2.5401394
2017-10-31,29.375,-1.875,0.266599
2017-11-01,29.375,-1.875,0.0
2017-11-02,29.375,-1.875,2.145615
2017-11-03,29.375,-1.875,5.0234284
2017-11-04,29.375,-1.875,4.2366376
2017-11-05,29.375,-1.875,14.387016
2017-11-06,29.375,-1.875,31.685823
2017-11-07,29.375,-1.875,19.022451
2017-11-08,29.375,-1.875,6.691803
2017-11-09,29.375,-1.875,0.9388136
2017-11-10,29.375,-1.875,0.83220494
2017-11-11,29.375,-1.875,1.8487735
2017-11-12,29.375,-1.875,1.6914027
2017-11-13,29.375,-1.875,4.185603
2017-11-14,29.375,-1.875,2.6358762
2017-11-15,29.375,-1.875,2.9888196
2017-11-16,29.375,-1.875,13.863057
2017-11-17,29.375,-1.875,12.637068
2017-11-18,29.375,-1.875,1.1247904
2017-11-19,29.375,-1.875,10.66513
2017-11-20,29.375,-1.875,0.34941158
2017-11-21,29.375,-1.875,0.0870049
2017-11-22,29.375,-1.875,6.16887
2017-11-23,29.375,-1.875,4.5029025
2017-11-24,29.375,-1.875,13.046958
2017-11-25,29.375,-1.875,12.795569
2017-11-26,29.375,-1.875,3.4554262
2017-11-27,29.375,-1.875,0.0
2017-11-28,29.375,-1.875,0.0
2017-11-29,29.375,-1.875,3.8467958
2017-11-30,29.375,-1.875,8.542189
2017-12-01,29.375,-1.875,0.08520304
2017-12-02,29.375,-1.875,4.081371
2017-12-03,29.375,-1.875,2.464045
2017-12-04,29.375,-1.875,0.20560946
2017-12-05,29.375,-1.875,0.011200632
2017-12-06,29.375,-1.875,5.6082716
2017-12-07,29.375,-1.875,2.5266957
2017-12-08,29.375,-1.875,0.85760677
2017-12-09,29.375,-1.875,11.793868
2017-12-10,29.375,-1.875,9.010793
2017-12-11,29.375,-1.875,0.10220294
2017-12-12,29.375,-1.875,0.30678684
2017-12-13,29.375,-1.875,0.0
2017-12-14,29.375,-1.875,0.0
2017-12-15,29.375,-1.875,0.41679078
2017-12-16,29.375,-1.875,2.5027466
2017-12-17,29.375,-1.875,2.5424972
2017-12-18,29.375,-1.875,0.45239785
2017-12-19,29.375,-1.875,2.2203758
2017-12-20,29.375,-1.875,4.45774
2017-12-21,29.375,-1.875,1.1794274
2017-12-22,29.375,-1.875,0.0
2017-12-23,29.375,-1.875,0.0226004
2017-12-24,29.375,-1.875,2.7897823
2017-12-25,29.375,-1.875,0.14479887
2017-12-26,29.375,-1.875,0.02700001
2017-12-27,29.375,-1.875,1.8047628
2017-12-28,29.375,-1.875,10.541939
2017-12-29,29.375,-1.875,2.8870766
2017-12-30,29.375,-1.875,3.8399806
2017-12-31,29.375,-1.875,27.55243
2018-01-01,29.375,-1.875,11.712973
2018-01-02,29.375,-1.875,7.1790767
2018-01-03,29.375,-1.875,7.939324
2018-01-04,29.375,-1.875,4.9125967
2018-01-05,29.375,-1.875,8.207034
2018-01-06,29.375,-1.875,1.4476362
2018-01-07,29.375,-1.875,0.3326059
2018-01-08,29.375,-1.875,0.26720297
2018-01-09,29.375,-1.875,0.326206
2018-01-10,29.375,-1.875,1.89646
2018-01-11,29.375,-1.875,0.3613963
2018-01-12,29.375,-1.875,2.9162335
2018-01-13,29.375,-1.875,1.1254133
2018-01-14,29.375,-1.875,9.139749
2018-01-15,29.375,-1.875,6.1765785
2018-01-16,29.375,-1.875,2.1530316
2018-01-17,29.375,-1.875,11.735626
2018-01-18,29.375,-1.875,2.4616272
2018-01-19,29.375,-1.875,2.4825346
2018-01-20,29.375,-1.875,5.5269265
2018-01-21,29.375,-1.875,0.003000169
2018-01-22,29.375,-1.875,1.5268047
2018-01-23,29.375,-1.875,1.533406
2018-01-24,29.375,-1.875,5.347884
2018-01-25,29.375,-1.875,3.667483
2018-01-26,29.375,-1.875,2.9195411
2018-01-27,29.375,-1.875,2.0669785
2018-01-28,29.375,-1.875,0.0006000172
2018-01-29,29.375,-1.875,1.9982142
2018-01-30,29.375,-1.875,1.1150197
2018-01-31,29.375,-1.875,0.14719947
2018-02-01,29.375,-1.875,0.0
2018-02-02,29.375,-1.875,0.24319229
2018-02-03,29.375,-1.875,0.001800035
2018-02-04,29.375,-1.875,0.057398833
2018-02-05,29.375,-1.875,0.12880212
2018-02-06,29.375,-1.875,0.36659104
2018-02-07,29.375,-1.875,13.721758
2018-02-08,29.375,-1.875,13.153258
2018-02-09,29.375,-1.875,10.384124
2018-02-10,29.375,-1.875,9.60782
2018-02-11,29.375,-1.875,18.329782
2018-02-12,29.375,-1.875,0.11020294
2018-02-13,29.375,-1.875,1.8423582
2018-02-14,29.375,-1.875,1.1098044
2018-02-15,29.375,-1.875,0.10500191
2018-02-16,29.375,-1.875,3.1055415
2018-02-17,29.375,-1.875,0.071802884
2018-02-18,29.375,-1.875,10.134313
2018-02-19,29.375,-1.875,8.934395
2018-02-20,29.375,-1.875,10.126632
2018-02-21,29.375,-1.875,0.073400766
2018-02-22,29.375,-1.875,5.505106
2018-02-23,29.375,-1.875,5.9381466
2018-02-24,29.375,-1.875,0.44940346
2018-02-25,29.375,-1.875,0.20679659
2018-02-26,29.375,-1.875,0.45319277
2018-02-27,29.375,-1.875,0.30620584
2018-02-28,29.375,-1.875,6.3274927
2018-03-01,29.375,-1.875,2.489415
2018-03-02,29.375,-1.875,2.25884
2018-03-03,29.375,-1.875,4.656089
2018-03-04,29.375,-1.875,0.51820254
2018-03-05,29.375,-1.875,14.3514385
2018-03-06,29.375,-1.875,14.707178
2018-03-07,29.375,-1.875,7.4424415
2018-03-08,29.375,-1.875,1.0817918
2018-03-09,29.375,-1.875,10.447334
2018-03-10,29.375,-1.875,1.0228256
2018-03-11,29.375,-1.875,6.747524
2018-03-12,29.375,-1.875,0.6372027
2018-03-13,29.375,-1.875,0.8435913
2018-03-14,29.375,-1.875,4.741782
2018-03-15,29.375,-1.875,8.158555
2018-03-16,29.375,-1.875,21.69122
2018-03-17,29.375,-1.875,5.663047
2018-03-18,29.375,-1.875,3.4834423
2018-03-19,29.375,-1.875,6.1836367
2018-03-20,29.375,-1.875,3.4837856
2018-03-21,29.375,-1.875,14.046019
2018-03-22,29.375,-1.875,0.42879173
2018-03-23,29.375,-1.875,0.24061054
2018-03-24,29.375,-1.875,0.28060713
2018-03-25,29.375,-1.875,2.320283
2018-03-26,29.375,-1.875,0.3368048
2018-03-27,29.375,-1.875,4.2671022
2018-03-28,29.375,-1.875,5.426663
2018-03-29,29.375,-1.875,9.057624
2018-03-30,29.375,-1.875,1.8157797
2018-03-31,29.375,-1.875,3.176647
2018-04-01,29.375,-1.875,29.950893
2018-04-02,29.375,-1.875,4.109764
2018-04-03,29.375,-1.875,15.251694
2018-04-04,29.375,-1.875,4.1120057
2018-04-05,29.375,-1.875,11.950309
2018-04-06,29.375,-1.875,18.629732
2018-04-07,29.375,-1.875,1.3691905
2018-04-08,29.375,-1.875,3.0398388
2018-04-09,29.375,-1.875,0.3808043
2018-04-10,29.375,-1.875,0.68921685
2018-04-11,29.375,-1.875,29.385021
2018-04-12,29.375,-1.875,9.421969
2018-04-13,29.375,-1.875,17.305834
2018-04-14,29.375,-1.875,5.6738224
2018-04-15,29.375,-1.875,9.423913
2018-04-16,29.375,-1.875,16.588078
2018-04-17,29.375,-1.875,22.287731
2018-04-18,29.375,-1.875,1.5374255
2018-04-19,29.375,-1.875,3.7333598
2018-04-20,29.375,-1.875,2.358538
2018-04-21,29.375,-1.875,6.2702093
2018-04-22,29.375,-1.875,0.53080493
2018-04-23,29.375,-1.875,0.10820142
2018-04-24,29.375,-1.875,2.4613519
2018-04-25,29.375,-1.875,30.335747
2018-04-26,29.375,-1.875,19.625254
2018-04-27,29.375,-1.875,9.376422
2018-04-28,29.375,-1.875,26.163544
2018-04-29,29.375,-1.875,17.82672
2018-04-30,29.375,-1.875,4.0529184
2018-05-01,29.375,-1.875,4.3581676
2018-05-02,29.375,-1.875,4.1615553
2018-05-03,29.375,-1.875,0.03180179
2018-05-04,29.375,-1.875,5.0003557
2018-05-05,29.375,-1.875,5.1526165
2018-05-06,29.375,-1.875,13.488828
2018-05-07,29.375,-1.875,0.69600385
2018-05-08,29.375,-1.875,0.0043998105
2018-05-09,29.375,-1.875,1.2141782
2018-05-10,29.375,-1.875,2.8612237
2018-05-11,29.375,-1.875,1.8115819
2018-05-12,29.375,-1.875,0.53480715
2018-05-13,29.375,-1.875,0.014799364
2018-05-14,29.375,-1.875,0.33998773
2018-05-15,29.375,-1.875,9.575884
2018-05-16,29.375,-1.875,12.847531
2018-05-17,29.375,-1.875,1.2412521
2018-05-18,29.375,-1.875,0.92856336
2018-05-19,29.375,-1.875,1.1076062
2018-05-20,29.375,-1.875,5.90431
2018-05-21,29.375,-1.875,27.508995
2018-05-22,29.375,-1.875,18.4702
2018-05-23,29.375,-1.875,5.3784494
2018-05-24,29.375,-1.875,3.8386114
2018-05-25,29.375,-1.875,3.1633751
2018-05-26,29.375,-1.875,0.13480759
2018-05-27,29.375,-1.875,0.19020544
2018-05-28,29.375,-1.875,0.26720858
2018-05-29,29.375,-1.875,0.0
2018-05-30,29.375,-1.875,0.050602555
2018-05-31,29.375,-1.875,0.0
2018-06-01,29.375,-1.875,0.0
2018-06-02,29.375,-1.875,0.0
2018-06-03,29.375,-1.875,1.1210182
2018-06-04,29.375,-1.875,7.243787
2018-06-05,29.375,-1.875,7.732987
2018-06-06,29.375,-1.875,0.5221902
2018-06-07,29.375,-1.875,0.06259936
2018-06-08,29.375,-1.875,0.34120423
2018-06-09,29.375,-1.875,0.0
2018-06-10,29.375,-1.875,0.0
2018-06-11,29.375,-1.875,0.0
2018-06-12,29.375,-1.875,0.0
2018-06-13,29.375,-1.875,0.0
2018-06-14,29.375,-1.875,0.0
2018-06-15,29.375,-1.875,0.0
2018-06-16,29.375,-1.875,0.0
2018-06-17,29.375,-1.875,0.0
2018-06-18,29.375,-1.875,0.0
2018-06-19,29.375,-1.875,0.22000727
2018-06-20,29.375,-1.875,0.0
2018-06-21,29.375,-1.875,1.304984
2018-06-22,29.375,-1.875,2.6384153
2018-06-23,29.375,-1.875,1.024389
2018-06-24,29.375,-1.875,0.0
2018-06-25,29.375,-1.875,0.0
2018-06-26,29.375,-1.875,0.0
2018-06-27,29.375,-1.875,0.001400079
2018-06-28,29.375,-1.875,0.0
2018-06-29,29.375,-1.875,0.013599925
2018-06-30,29.375,-1.875,0.00360007
2018-07-01,29.375,-1.875,0.0
2018-07-02,29.375,-1.875,0.0
2018-07-03,29.375,-1.875,0.0
2018-07-04,29.375,-1.875,0.0
2018-07-05,29.375,-1.875,0.0
2018-07-06,29.375,-1.875,0.0
2018-07-07,29.375,-1.875,0.0036002027
2018-07-08,29.375,-1.875,0.0
2018-07-09,29.375,-1.875,0.0
2018-07-10,29.375,-1.875,0.0
2018-07-11,29.375,-1.875,0.0
2018-07-12,29.375,-1.875,0.024801398
2018-07-13,29.375,-1.875,0.0
2018-07-14,29.375,-1.875,0.0
2018-07-15,29.375,-1.875,0.0
2018-07-16,29.375,-1.875,0.0
2018-07-17,29.375,-1.875,0.0
2018-07-18,29.375,-1.875,0.0
2018-07-19,29.375,-1.875,0.0
2018-07-20,29.375,-1.875,0.016800249
2018-07-21,29.375,-1.875,0.0
2018-07-22,29.375,-1.875,0.0
2018-07-23,29.375,-1.875,0.0
2018-07-24,29.375,-1.875,0.0
2018-07-25,29.375,-1.875,0.0
2018-07-26,29.375,-1.875,0.9986015
2018-07-27,29.375,-1.875,0.2734062
2018-07-28,29.375,-1.875,0.19899927
2018-07-29,29.375,-1.875,11.098174
2018-07-30,29.375,-1.875,2.8928118
2018-07-31,29.375,-1.875,11.522484
2018-08-01,29.375,-1.875,3.547193
2018-08-02,29.375,-1.875,0.27079588
2018-08-03,29.375,-1.875,0.02400135
2018-08-04,29.375,-1.875,3.239385
2018-08-05,29.375,-1.875,0.019200286
2018-08-06,29.375,-1.875,0.0
2018-08-07,29.375,-1.875,0.04499828
2018-08-08,29.375,-1.875,0.0
2018-08-09,29.375,-1.875,0.0
2018-08-10,29.375,-1.875,0.0
2018-08-11,29.375,-1.875,0.048398796
2018-08-12,29.375,-1.875,0.0
2018-08-13,29.375,-1.875,0.0
2018-08-14,29.375,-1.875,0.0
2018-08-15,29.375,-1.875,0.0
2018-08-16,29.375,-1.875,0.0
2018-08-17,29.375,-1.875,0.0
2018-08-18,29.375,-1.875,0.00040002255
2018-08-19,29.375,-1.875,0.08320277
2018-08-20,29.375,-1.875,0.14200126
2018-08-21,29.375,-1.875,0.219406
2018-08-22,29.375,-1.875,2.3615937
2018-08-23,29.375,-1.875,6.87055
2018-08-24,29.375,-1.875,6.3580523
2018-08-25,29.375,-1.875,3.3496597
2018-08-26,29.375,-1.875,30.433062
2018-08-27,29.375,-1.875,14.05666
2018-08-28,29.375,-1.875,7.290338
2018-08-29,29.375,-1.875,7.1005435
2018-08-30,29.375,-1.875,0.07840275
2018-08-31,29.375,-1.875,0.0
2018-09-01,29.375,-1.875,0.0
2018-09-02,29.375,-1.875,0.005199776
2018-09-03,29.375,-1.875,25.464317
2018-09-04,29.375,-1.875,3.430074
2018-09-05,29.375,-1.875,5.4642425
2018-09-06,29.375,-1.875,2.0968218
2018-09-07,29.375,-1.875,0.0
2018-09-08,29.375,-1.875,0.5651994
2018-09-09,29.375,-1.875,17.180922
2018-09-10,29.375,-1.875,7.4722896
2018-09-11,29.375,-1.875,12.648553
2018-09-12,29.375,-1.875,1.9620034
2018-09-13,29.375,-1.875,6.6986504
2018-09-14,29.375,-1.875,10.062503
2018-09-15,29.375,-1.875,0.44739002
2018-09-16,29.375,-1.875,2.1465676
2018-09-17,29.375,-1.875,0.1406061
2018-09-18,29.375,-1.875,0.527613
2018-09-19,29.375,-1.875,0.08320159
2018-09-20,29.375,-1.875,1.4836663
2018-09-21,29.375,-1.875,0.0
2018-09-22,29.375,-1.875,1.0261966
2018-09-23,29.375,-1.875,0.0
2018-09-24,29.375,-1.875,0.02640061
2018-09-25,29.375,-1.875,0.0072004055
2018-09-26,29.375,-1.875,0.0
2018-09-27,29.375,-1.875,0.0
2018-09-28,29.375,-1.875,2.7452135
2018-09-29,29.375,-1.875,0.99563134
2018-09-30,29.375,-1.875,0.3032029
2018-10-01,29.375,-1.875,0.021600187
2018-10-02,29.375,-1.875,0.13620068
2018-10-03,29.375,-1.875,0.56520563
2018-10-04,29.375,-1.875,0.7580143
2018-10-05,29.375,-1.875,2.0080214
2018-10-06,29.375,-1.875,0.0007999655
2018-10-07,29.375,-1.875,0.022801286
2018-10-08,29.375,-1.875,15.798109
2018-10-09,29.375,-1.875,10.754706
2018-10-10,29.375,-1.875,6.4796944
2018-10-11,29.375,-1.875,2.4857533
2018-10-12,29.375,-1.875,2.1144028
2018-10-13,29.375,-1.875,8.137431
2018-10-14,29.375,-1.875,9.579938
2018-10-15,29.375,-1.875,12.153647
2018-10-16,29.375,-1.875,6.4502373
2018-10-17,29.375,-1.875,15.257214
2018-10-18,29.375,-1.875,1.1402085
2018-10-19,29.375,-1.875,6.7780256
2018-10-20,29.375,-1.875,2.2555933
2018-10-21,29.375,-1.875,0.0
2018-10-22,29.375,-1.875,0.0024001352
2018-10-23,29.375,-1.875,0.74320835
2018-10-24,29.375,-1.875,0.0
2018-10-25,29.375,-1.875,0.39300504
2018-10-26,29.375,-1.875,0.116803214
2018-10-27,29.375,-1.875,0.46281478
2018-10-28,29.375,-1.875,0.06060289
2018-10-29,29.375,-1.875,4.1410503
2018-10-30,29.375,-1.875,10.380378
2018-10-31,29.375,-1.875,7.6245112
2018-11-01,29.375,-1.875,19.565174
2018-11-02,29.375,-1.875,10.73518
2018-11-03,29.375,-1.875,2.5281594
2018-11-04,29.375,-1.875,8.222345
2018-11-05,29.375,-1.875,0.0
2018-11-06,29.375,-1.875,7.0697527
2018-11-07,29.375,-1.875,3.9684563
2018-11-08,29.375,-1.875,0.1399993
2018-11-09,29.375,-1.875,0.6924151
2018-11-10,29.375,-1.875,1.3616055
2018-11-11,29.375,-1.875,3.6035318
2018-11-12,29.375,-1.875,9.420439
2018-11-13,29.375,-1.875,4.096277
2018-11-14,29.375,-1.875,0.16340175
2018-11-15,29.375,-1.875,0.9004027
2018-11-16,29.375,-1.875,3.325602
2018-11-17,29.375,-1.875,0.64443135
2018-11-18,29.375,-1.875,6.872216
2018-11-19,29.375,-1.875,1.035424
2018-11-20,29.375,-1.875,2.278175
2018-11-21,29.375,-1.875,4.1787434
2018-11-22,29.375,-1.875,7.423712
2018-11-23,29.375,-1.875,1.0371944
2018-11-24,29.375,-1.875,10.222439
2018-11-25,29.375,-1.875,6.902252
2018-11-26,29.375,-1.875,1.9584445
2018-11-27,29.375,-1.875,0.37159926
2018-11-28,29.375,-1.875,0.13239904
2018-11-29,29.375,-1.875,0.0064003607
2018-11-30,29.375,-1.875,0.80600893
2018-12-01,29.375,-1.875,2.4939885
2018-12-02,29.375,-1.875,0.13000266
2018-12-03,29.375,-1.875,9.94248
2018-12-04,29.375,-1.875,5.7211394
2018-12-05,29.375,-1.875,1.6451569
2018-12-06,29.375,-1.875,0.52599543
2018-12-07,29.375,-1.875,0.66977596
2018-12-08,29.375,-1.875,9.265837
2018-12-09,29.375,-1.875,2.137807
2018-12-10,29.375,-1.875,9.906823
2018-12-11,29.375,-1.875,29.654406
2018-12-12,29.375,-1.875,16.254318
2018-12-13,29.375,-1.875,4.8242455
2018-12-14,29.375,-1.875,0.47080532
2018-12-15,29.375,-1.875,1.0080267
2018-12-16,29.375,-1.875,0.30719936
2018-12-17,29.375,-1.875,17.278255
2018-12-18,29.375,-1.875,0.50838923
2018-12-19,29.375,-1.875,1.6492383
2018-12-20,29.375,-1.875,7.776023
2018-12-21,29.375,-1.875,4.161441
2018-12-22,29.375,-1.875,2.0232344
2018-12-23,29.375,-1.875,11.0360565
2018-12-24,29.375,-1.875,2.7974348
2018-12-25,29.375,-1.875,0.38719293
2018-12-26,29.375,-1.875,0.007999655
2018-12-27,29.375,-1.875,0.025598897
2018-12-28,29.375,-1.875,0.5532293
2018-12-29,29.375,-1.875,0.77480835
2018-12-30,29.375,-1.875,0.120396286
2018-12-31,29.375,-1.875,3.8023143
2019-01-01,29.375,-1.875,1.1669859
2019-01-02,29.375,-1.875,0.0
2019-01-03,29.375,-1.875,2.388364
2019-01-04,29.375,-1.875,1.2447946
2019-01-05,29.375,-1.875,4.114378
2019-01-06,29.375,-1.875,8.976668
2019-01-07,29.375,-1.875,0.023599982
2019-01-08,29.375,-1.875,0.21619841
2019-01-09,29.375,-1.875,0.005999741
2019-01-10,29.375,-1.875,0.008799621
2019-01-11,29.375,-1.875,0.012399465
2019-01-12,29.375,-1.875,0.08940425
2019-01-13,29.375,-1.875,0.0
2019-01-14,29.375,-1.875,1.5367696
2019-01-15,29.375,-1.875,3.3775592
2019-01-16,29.375,-1.875,10.249427
2019-01-17,29.375,-1.875,7.0335817
2019-01-18,29.375,-1.875,6.004824
2019-01-19,29.375,-1.875,0.28000522
2019-01-20,29.375,-1.875,5.1618233
2019-01-21,29.375,-1.875,4.2218113
2019-01-22,29.375,-1.875,0.99878764
2019-01-23,29.375,-1.875,5.295688
2019-01-24,29.375,-1.875,1.1879857
2019-01-25,29.375,-1.875,7.8719053
2019-01-26,29.375,-1.875,0.45300144
2019-01-27,29.375,-1.875,0.46420866
2019-01-28,29.375,-1.875,0.0
2019-01-29,29.375,-1.875,10.17976
2019-01-30,29.375,-1.875,4.3740773
2019-01-31,29.375,-1.875,0.0
2019-02-01,29.375,-1.875,0.0
2019-02-02,29.375,-1.875,0.019200195
2019-02-03,29.375,-1.875,0.12640445
2019-02-04,29.375,-1.875,0.03260104
2019-02-05,29.375,-1.875,4.237316
2019-02-06,29.375,-1.875,12.097386
2019-02-07,29.375,-1.875,0.1880037
2019-02-08,29.375,-1.875,1.6899933
2019-02-09,29.375,-1.875,0.4226041
2019-02-10,29.375,-1.875,1.5424129
2019-02-11,29.375,-1.875,0.079397306
2019-02-12,29.375,-1.875,0.0
2019-02-13,29.375,-1.875,0.00040002255
2019-02-14,29.375,-1.875,12.128009
2019-02-15,29.375,-1.875,0.0008000451
2019-02-16,29.375,-1.875,0.032799665
2019-02-17,29.375,-1.875,1.123603
2019-02-18,29.375,-1.875,1.3919922
2019-02-19,29.375,-1.875,0.7188119
2019-02-20,29.375,-1.875,3.257936
2019-02-21,29.375,-1.875,1.3534117
2019-02-22,29.375,-1.875,13.00412
2019-02-23,29.375,-1.875,0.62879175
2019-02-24,29.375,-1.875,4.36786
2019-02-25,29.375,-1.875,0.31919622
2019-02-26,29.375,-1.875,0.0
2019-02-27,29.375,-1.875,0.00919972
2019-02-28,29.375,-1.875,0.0887991
2019-03-01,29.375,-1.875,0.019199174
2019-03-02,29.375,-1.875,4.037332
2019-03-03,29.375,-1.875,0.29159737
2019-03-04,29.375,-1.875,12.864691
2019-03-05,29.375,-1.875,0.1217991
2019-03-06,29.375,-1.875,1.7887644
2019-03-07,29.375,-1.875,4.2067513
2019-03-08,29.375,-1.875,0.01820064
2019-03-09,29.375,-1.875,2.8355682
2019-03-10,29.375,-1.875,0.27099758
2019-03-11,29.375,-1.875,0.2128022
2019-03-12,29.375,-1.875,0.9277933
2019-03-13,29.375,-1.875,0.34860855
2019-03-14,29.375,-1.875,1.1570145
2019-03-15,29.375,-1.875,0.0
2019-03-16,29.375,-1.875,6.3971567
2019-03-17,29.375,-1.875,0.839606
2019-03-18,29.375,-1.875,0.15840654
2019-03-19,29.375,-1.875,0.56381065
2019-03-20,29.375,-1.875,9.099638
2019-03-21,29.375,-1.875,0.7489696
2019-03-22,29.375,-1.875,14.393211
2019-03-23,29.375,-1.875,6.4008093
2019-03-24,29.375,-1.875,3.516482
2019-03-25,29.375,-1.875,0.5622188
2019-03-26,29.375,-1.875,45.49307
2019-03-27,29.375,-1.875,2.0625572
2019-03-28,29.375,-1.875,15.150036
2019-03-29,29.375,-1.875,0.4560007
2019-03-30,29.375,-1.875,5.400661
2019-03-31,29.375,-1.875,0.1605995
2019-04-01,29.375,-1.875,7.7265973
2019-04-02,29.375,-1.875,0.038001515
2019-04-03,29.375,-1.875,6.488606
2019-04-04,29.375,-1.875,1.9687556
2019-04-05,29.375,-1.875,0.8878007
2019-04-06,29.375,-1.875,0.0
2019-04-07,29.375,-1.875,1.1795926
2019-04-08,29.375,-1.875,6.004212
2019-04-09,29.375,-1.875,8.448881
2019-04-10,29.375,-1.875,4.5514297
2019-04-11,29.375,-1.875,21.073534
2019-04-12,29.375,-1.875,6.814922
2019-04-13,29.375,-1.875,2.0059764
2019-04-14,29.375,-1.875,4.6629725
2019-04-15,29.375,-1.875,0.421611
2019-04-16,29.375,-1.875,17.117733
2019-04-17,29.375,-1.875,0.03639967
2019-04-18,29.375,-1.875,0.06340123
2019-04-19,29.375,-1.875,0.5534213
2019-04-20,29.375,-1.875,0.01240062
2019-04-21,29.375,-1.875,2.1764007
2019-04-22,29.375,-1.875,9.320584
2019-04-23,29.375,-1.875,0.5593876
2019-04-24,29.375,-1.875,3.7584972
2019-04-25,29.375,-1.875,18.950191
2019-04-26,29.375,-1.875,16.344793
2019-04-27,29.375,-1.875,2.953986
2019-04-28,29.375,-1.875,1.8719579
2019-04-29,29.375,-1.875,1.4215715
2019-04-30,29.375,-1.875,9.737484
2019-05-01,29.375,-1.875,0.7080202
2019-05-02,29.375,-1.875,3.9082217
2019-05-03,29.375,-1.875,22.417244
2019-05-04,29.375,-1.875,3.3871822
2019-05-05,29.375,-1.875,0.2870018
2019-05-06,29.375,-1.875,0.05119784
2019-05-07,29.375,-1.875,1.0327731
2019-05-08,29.375,-1.875,3.2997704
2019-05-09,29.375,-1.875,1.7578341
2019-05-10,29.375,-1.875,37.124443
2019-05-11,29.375,-1.875,4.1070056
2019-05-12,29.375,-1.875,1.446254
2019-05-13,29.375,-1.875,0.6220059
2019-05-14,29.375,-1.875,1.2268208
2019-05-15,29.375,-1.875,1.7372487
2019-05-16,29.375,-1.875,1.326402
2019-05-17,29.375,-1.875,1.7741601
2019-05-18,29.375,-1.875,4.2630444
2019-05-19,29.375,-1.875,6.9686217
2019-05-20,29.375,-1.875,10.574347
2019-05-21,29.375,-1.875,0.45681462
2019-05-22,29.375,-1.875,3.2764986
2019-05-23,29.375,-1.875,9.907592
2019-05-24,29.375,-1.875,0.24039677
2019-05-25,29.375,-1.875,0.09960514
2019-05-26,29.375,-1.875,1.7570081
2019-05-27,29.375,-1.875,1.5696235
2019-05-28,29.375,-1.875,2.2084415
2019-05-29,29.375,-1.875,0.0
2019-05-30,29.375,-1.875,0.015200857
2019-05-31,29.375,-1.875,3.4490142
2019-06-01,29.375,-1.875,1.202017
2019-06-02,29.375,-1.875,2.4968305
2019-06-03,29.375,-1.875,8.556167
2019-06-04,29.375,-1.875,7.347192
2019-06-05,29.375,-1.875,1.4742279
2019-06-06,29.375,-1.875,12.5453825
2019-06-07,29.375,-1.875,2.4825892
2019-06-08,29.375,-1.875,0.0
2019-06-09,29.375,-1.875,0.18119937
2019-06-10,29.375,-1.875,0.012000178
2019-06-11,29.375,-1.875,0.028401604
2019-06-12,29.375,-1.875,0.04920277
2019-06-13,29.375,-1.875,0.0
2019-06-14,29.375,-1.875,0.0
2019-06-15,29.375,-1.875,0.0
2019-06-16,29.375,-1.875,0.004800071
2019-06-17,29.375,-1.875,0.0
2019-06-18,29.375,-1.875,0.0
2019-06-19,29.375,-1.875,0.0
2019-06-20,29.375,-1.875,0.0
2019-06-21,29.375,-1.875,14.256565
2019-06-22,29.375,-1.875,0.47120997
2019-06-23,29.375,-1.875,0.04479944
2019-06-24,29.375,-1.875,2.5835361
2019-06-25,29.375,-1.875,3.7963924
2019-06-26,29.375,-1.875,1.7534094
2019-06-27,29.375,-1.875,22.064487
2019-06-28,29.375,-1.875,1.3136686
2019-06-29,29.375,-1.875,0.06600307
2019-06-30,29.375,-1.875,0.0
2019-07-01,29.375,-1.875,0.0
2019-07-02,29.375,-1.875,0.0
2019-07-03,29.375,-1.875,0.0
2019-07-04,29.375,-1.875,0.0
2019-07-05,29.375,-1.875,0.0
2019-07-06,29.375,-1.875,0.27780887
2019-07-07,29.375,-1.875,5.25623
2019-07-08,29.375,-1.875,4.0823665
2019-07-09,29.375,-1.875,1.6512169
2019-07-10,29.375,-1.875,0.12880696
2019-07-11,29.375,-1.875,0.39319992
2019-07-12,29.375,-1.875,0.006000338
2019-07-13,29.375,-1.875,7.1105847
2019-07-14,29.375,-1.875,0.004000225
2019-07-15,29.375,-1.875,0.0
2019-07-16,29.375,-1.875,0.0
2019-07-17,29.375,-1.875,0.005600315
2019-07-18,29.375,-1.875,0.0022001239
2019-07-19,29.375,-1.875,0.0
2019-07-20,29.375,-1.875,4.338871
2019-07-21,29.375,-1.875,1.2779484
2019-07-22,29.375,-1.875,0.0
2019-07-23,29.375,-1.875,0.0
2019-07-24,29.375,-1.875,0.0
2019-07-25,29.375,-1.875,0.0
2019-07-26,29.375,-1.875,0.0
2019-07-27,29.375,-1.875,0.0
2019-07-28,29.375,-1.875,0.0
2019-07-29,29.375,-1.875,0.0
2019-07-30,29.375,-1.875,0.38420147
2019-07-31,29.375,-1.875,0.1400041
2019-08-01,29.375,-1.875,0.068999596
2019-08-02,29.375,-1.875,1.2250305
2019-08-03,29.375,-1.875,2.6143768
2019-08-04,29.375,-1.875,0.0
2019-08-05,29.375,-1.875,0.0
2019-08-06,29.375,-1.875,0.0
2019-08-07,29.375,-1.875,0.023200344
2019-08-08,29.375,-1.875,0.32880682
2019-08-09,29.375,-1.875,0.103602216
2019-08-10,29.375,-1.875,0.113601655
2019-08-11,29.375,-1.875,0.0
2019-08-12,29.375,-1.875,0.0
2019-08-13,29.375,-1.875,0.0
2019-08-14,29.375,-1.875,0.0
2019-08-15,29.375,-1.875,0.0
2019-08-16,29.375,-1.875,0.0024001352
2019-08-17,29.375,-1.875,0.0
2019-08-18,29.375,-1.875,0.030000027
2019-08-19,29.375,-1.875,0.0
2019-08-20,29.375,-1.875,0.005999741
2019-08-21,29.375,-1.875,0.0072001065
2019-08-22,29.375,-1.875,0.0
2019-08-23,29.375,-1.875,0.0
2019-08-24,29.375,-1.875,0.1221983
2019-08-25,29.375,-1.875,0.63679796
2019-08-26,29.375,-1.875,0.20579405
2019-08-27,29.375,-1.875,0.92741185
2019-08-28,29.375,-1.875,6.248131
2019-08-29,29.375,-1.875,8.799219
2019-08-30,29.375,-1.875,12.130905
2019-08-31,29.375,-1.875,7.484802
2019-09-01,29.375,-1.875,1.7566068
2019-09-02,29.375,-1.875,19.513407
2019-09-03,29.375,-1.875,0.117006235
2019-09-04,29.375,-1.875,0.0
2019-09-05,29.375,-1.875,0.0
2019-09-06,29.375,-1.875,2.0037696
2019-09-07,29.375,-1.875,0.22460203
2019-09-08,29.375,-1.875,0.26720122
2019-09-09,29.375,-1.875,0.019800518
2019-09-10,29.375,-1.875,0.013800778
2019-09-11,29.375,-1.875,13.262906
2019-09-12,29.375,-1.875,11.751213
2019-09-13,29.375,-1.875,12.656804
2019-09-14,29.375,-1.875,8.374782
2019-09-15,29.375,-1.875,7.1370373
2019-09-16,29.375,-1.875,5.8838696
2019-09-17,29.375,-1.875,0.07160273
2019-09-18,29.375,-1.875,0.0
2019-09-19,29.375,-1.875,1.939816
2019-09-20,29.375,-1.875,0.0012000178
2019-09-21,29.375,-1.875,0.41261
2019-09-22,29.375,-1.875,1.0807583
2019-09-23,29.375,-1.875,1.7967346
2019-09-24,29.375,-1.875,2.3094347
2019-09-25,29.375,-1.875,21.423203
2019-09-26,29.375,-1.875,2.031221
2019-09-27,29.375,-1.875,3.9396439
2019-09-28,29.375,-1.875,2.7046652
2019-09-29,29.375,-1.875,14.940815
2019-09-30,29.375,-1.875,5.680254
2019-10-01,29.375,-1.875,1.0639651
2019-10-02,29.375,-1.875,1.807421
2019-10-03,29.375,-1.875,1.8430278
2019-10-04,29.375,-1.875,0.121601805
2019-10-05,29.375,-1.875,1.5652019
2019-10-06,29.375,-1.875,2.2114334
2019-10-07,29.375,-1.875,0.0
2019-10-08,29.375,-1.875,0.0011999881
2019-10-09,29.375,-1.875,0.0060003377
2019-10-10,29.375,-1.875,5.249167
2019-10-11,29.375,-1.875,7.929975
2019-10-12,29.375,-1.875,1.8099885
2019-10-13,29.375,-1.875,1.0771961
2019-10-14,29.375,-1.875,12.648415
2019-10-15,29.375,-1.875,0.15120837
2019-10-16,29.375,-1.875,1.1268133
2019-10-17,29.375,-1.875,3.2373726
2019-10-18,29.375,-1.875,19.53831
2019-10-19,29.375,-1.875,25.367085
2019-10-20,29.375,-1.875,2.7121508
2019-10-21,29.375,-1.875,0.31200257
2019-10-22,29.375,-1.875,0.32240772
2019-10-23,29.375,-1.875,7.7123313
2019-10-24,29.375,-1.875,17.859716
2019-10-25,29.375,-1.875,5.543556
2019-10-26,29.375,-1.875,17.263987
2019-10-27,29.375,-1.875,0.49900624
2019-10-28,29.375,-1.875,7.27986
2019-10-29,29.375,-1.875,4.410824
2019-10-30,29.375,-1.875,1.3418263
2019-10-31,29.375,-1.875,0.6100018
2019-11-01,29.375,-1.875,0.5133983
2019-11-02,29.375,-1.875,0.016200913
2019-11-03,29.375,-1.875,0.0032001804
2019-11-04,29.375,-1.875,0.005200293
2019-11-05,29.375,-1.875,0.0
2019-11-06,29.375,-1.875,6.6879225
2019-11-07,29.375,-1.875,0.14680135
2019-11-08,29.375,-1.875,0.5910205
2019-11-09,29.375,-1.875,0.14060354
2019-11-10,29.375,-1.875,4.0326076
2019-11-11,29.375,-1.875,2.1404586
2019-11-12,29.375,-1.875,2.654222
2019-11-13,29.375,-1.875,3.7984514
2019-11-14,29.375,-1.875,7.1173844
2019-11-15,29.375,-1.875,0.57120377
2019-11-16,29.375,-1.875,0.0
2019-11-17,29.375,-1.875,33.673206
2019-11-18,29.375,-1.875,2.2032123
2019-11-19,29.375,-1.875,6.5873814
2019-11-20,29.375,-1.875,1.5323926
2019-11-21,29.375,-1.875,1.4270022
2019-11-22,29.375,-1.875,5.8409443
2019-11-23,29.375,-1.875,24.44846
2019-11-24,29.375,-1.875,7.245411
2019-11-25,29.375,-1.875,5.60842
2019-11-26,29.375,-1.875,9.407448
2019-11-27,29.375,-1.875,12.6002445
2019-11-28,29.375,-1.875,14.505028
2019-11-29,29.375,-1.875,4.588061
2019-11-30,29.375,-1.875,7.982392
2019-12-01,29.375,-1.875,13.832347
2019-12-02,29.375,-1.875,3.0367944
2019-12-03,29.375,-1.875,6.0285954
2019-12-04,29.375,-1.875,17.947767
2019-12-05,29.375,-1.875,8.577659
2019-12-06,29.375,-1.875,8.596974
2019-12-07,29.375,-1.875,11.623667
2019-12-08,29.375,-1.875,8.283573
2019-12-09,29.375,-1.875,4.1563873
2019-12-10,29.375,-1.875,3.5935874
2019-12-11,29.375,-1.875,7.2110953
2019-12-12,29.375,-1.875,9.462206
2019-12-13,29.375,-1.875,0.62401366
2019-12-14,29.375,-1.875,0.6314135
2019-12-15,29.375,-1.875,0.476605
2019-12-16,29.375,-1.875,0.4075967
2019-12-17,29.375,-1.875,1.7722006
2019-12-18,29.375,-1.875,0.045002438
2019-12-19,29.375,-1.875,0.08360257
2019-12-20,29.375,-1.875,1.9422147
2019-12-21,29.375,-1.875,3.024342
2019-12-22,29.375,-1.875,4.710815
2019-12-23,29.375,-1.875,6.0212326
2019-12-24,29.375,-1.875,1.1916038
2019-12-25,29.375,-1.875,36.72141
2019-12-26,29.375,-1.875,3.3076649
2019-12-27,29.375,-1.875,3.4747932
2019-12-28,29.375,-1.875,1.7818158
2019-12-29,29.375,-1.875,5.133808
2019-12-30,29.375,-1.875,3.5258253
2019-12-31,29.375,-1.875,0.679794
2020-01-01,29.375,-1.875,0.0
2020-01-02,29.375,-1.875,0.0
2020-01-03,29.375,-1.875,0.66720253
2020-01-04,29.375,-1.875,0.29300353
2020-01-05,29.375,-1.875,0.73021376
2020-01-06,29.375,-1.875,0.20720327
2020-01-07,29.375,-1.875,5.522155
2020-01-08,29.375,-1.875,13.554458
2020-01-09,29.375,-1.875,4.3745832
2020-01-10,29.375,-1.875,3.3650148
2020-01-11,29.375,-1.875,0.256201
2020-01-12,29.375,-1.875,5.857019
2020-01-13,29.375,-1.875,0.4418149
2020-01-14,29.375,-1.875,2.3171844
2020-01-15,29.375,-1.875,0.028598864
2020-01-16,29.375,-1.875,1.0893971
2020-01-17,29.375,-1.875,15.722593
2020-01-18,29.375,-1.875,4.385444
2020-01-19,29.375,-1.875,3.0073624
2020-01-20,29.375,-1.875,0.16860107
2020-01-21,29.375,-1.875,1.6741799
2020-01-22,29.375,-1.875,0.38579988
2020-01-23,29.375,-1.875,3.9251792
2020-01-24,29.375,-1.875,0.37399763
2020-01-25,29.375,-1.875,11.2059
2020-01-26,29.375,-1.875,1.2558038
2020-01-27,29.375,-1.875,2.8383725
2020-01-28,29.375,-1.875,19.379772
2020-01-29,29.375,-1.875,2.0425982
2020-01-30,29.375,-1.875,10.602139
2020-01-31,29.375,-1.875,4.5418825
2020-02-01,29.375,-1.875,10.070658
2020-02-02,29.375,-1.875,9.70934
2020-02-03,29.375,-1.875,9.232369
2020-02-04,29.375,-1.875,6.0350156
2020-02-05,29.375,-1.875,16.7065
2020-02-06,29.375,-1.875,1.8722169
2020-02-07,29.375,-1.875,0.0024001352
2020-02-08,29.375,-1.875,0.95396286
2020-02-09,29.375,-1.875,0.0
2020-02-10,29.375,-1.875,0.0
2020-02-11,29.375,-1.875,0.0
2020-02-12,29.375,-1.875,0.061197363
2020-02-13,29.375,-1.875,2.9661698
2020-02-14,29.375,-1.875,0.6029967
2020-02-15,29.375,-1.875,3.2520008
2020-02-16,29.375,-1.875,0.055997904
2020-02-17,29.375,-1.875,0.0
2020-02-18,29.375,-1.875,1.304189
2020-02-19,29.375,-1.875,2.3625844
2020-02-20,29.375,-1.875,2.4403741
2020-02-21,29.375,-1.875,0.03920044
2020-02-22,29.375,-1.875,1.5420396
2020-02-23,29.375,-1.875,0.63639426
2020-02-24,29.375,-1.875,3.0062027
2020-02-25,29.375,-1.875,1.6968344
2020-02-26,29.375,-1.875,0.25019422
2020-02-27,29.375,-1.875,0.75679743
2020-02-28,29.375,-1.875,14.296793
2020-02-29,29.375,-1.875,0.27539802
2020-03-01,29.375,-1.875,32.57634
2020-03-02,29.375,-1.875,15.356017
2020-03-03,29.375,-1.875,7.6940136
2020-03-04,29.375,-1.875,5.1150155
2020-03-05,29.375,-1.875,5.339449
2020-03-06,29.375,-1.875,1.7447917
2020-03-07,29.375,-1.875,0.09640029
2020-03-08,29.375,-1.875,7.3954206
2020-03-09,29.375,-1.875,17.613047
2020-03-10,29.375,-1.875,6.8441873
2020-03-11,29.375,-1.875,5.2098103
2020-03-12,29.375,-1.875,4.6224575
2020-03-13,29.375,-1.875,9.171953
2020-03-14,29.375,-1.875,1.4242144
2020-03-15,29.375,-1.875,0.0
2020-03-16,29.375,-1.875,1.7423751
2020-03-17,29.375,-1.875,32.16057
2020-03-18,29.375,-1.875,6.0152
2020-03-19,29.375,-1.875,4.7374434
2020-03-20,29.375,-1.875,1.0432184
2020-03-21,29.375,-1.875,3.2335515
2020-03-22,29.375,-1.875,1.5308367
2020-03-23,29.375,-1.875,6.038294
2020-03-24,29.375,-1.875,10.806147
2020-03-25,29.375,-1.875,0.73720074
2020-03-26,29.375,-1.875,1.57481
2020-03-27,29.375,-1.875,6.814546
2020-03-28,29.375,-1.875,2.6988397
2020-03-29,29.375,-1.875,0.2388025
2020-03-30,29.375,-1.875,0.19559431
2020-03-31,29.375,-1.875,0.22159632
2020-04-01,29.375,-1.875,7.956866
2020-04-02,29.375,-1.875,0.023400735
2020-04-03,29.375,-1.875,1.174393
2020-04-04,29.375,-1.875,0.33659378
2020-04-05,29.375,-1.875,3.7360225
2020-04-06,29.375,-1.875,13.426191
2020-04-07,29.375,-1.875,9.970951
2020-04-08,29.375,-1.875,1.558202
2020-04-09,29.375,-1.875,6.062317
2020-04-10,29.375,-1.875,0.0840017
2020-04-11,29.375,-1.875,0.021599162
2020-04-12,29.375,-1.875,1.7261927
2020-04-13,29.375,-1.875,7.3296657
2020-04-14,29.375,-1.875,2.1126227
2020-04-15,29.375,-1.875,1.0089984
2020-04-16,29.375,-1.875,0.7366151
2020-04-17,29.375,-1.875,8.629391
2020-04-18,29.375,-1.875,10.402011
2020-04-19,29.375,-1.875,9.202666
2020-04-20,29.375,-1.875,12.327366
2020-04-21,29.375,-1.875,3.938642
2020-04-22,29.375,-1.875,13.623888
2020-04-23,29.375,-1.875,21.916845
2020-04-24,29.375,-1.875,10.809782
2020-04-25,29.375,-1.875,18.16608
2020-04-26,29.375,-1.875,0.83078945
2020-04-27,29.375,-1.875,9.08185
2020-04-28,29.375,-1.875,6.995186
2020-04-29,29.375,-1.875,8.668411
2020-04-30,29.375,-1.875,0.17820528
2020-05-01,29.375,-1.875,17.604414
2020-05-02,29.375,-1.875,26.297127
2020-05-03,29.375,-1.875,0.77262026
2020-05-04,29.375,-1.875,0.03960064
2020-05-05,29.375,-1.875,2.1719842
2020-05-06,29.375,-1.875,17.76085
2020-05-07,29.375,-1.875,16.046589
2020-05-08,29.375,-1.875,1.6048365
2020-05-09,29.375,-1.875,0.6723852
2020-05-10,29.375,-1.875,1.192215
2020-05-11,29.375,-1.875,3.3427868
2020-05-12,29.375,-1.875,2.6474206
2020-05-13,29.375,-1.875,2.4760313
2020-05-14,29.375,-1.875,6.723006
2020-05-15,29.375,-1.875,7.2667246
2020-05-16,29.375,-1.875,0.32860333
2020-05-17,29.375,-1.875,1.1726228
2020-05-18,29.375,-1.875,0.0
2020-05-19,29.375,-1.875,0.0
2020-05-20,29.375,-1.875,0.07679669
2020-05-21,29.375,-1.875,0.9701962
2020-05-22,29.375,-1.875,0.22680256
2020-05-23,29.375,-1.875,0.0
2020-05-24,29.375,-1.875,0.0
2020-05-25,29.375,-1.875,0.0
2020-05-26,29.375,-1.875,0.0
2020-05-27,29.375,-1.875,0.0
2020-05-28,29.375,-1.875,0.0
2020-05-29,29.375,-1.875,0.0
2020-05-30,29.375,-1.875,0.0
2020-05-31,29.375,-1.875,0.0
2020-06-01,29.375,-1.875,0.0018001014
2020-06-02,29.375,-1.875,0.0
2020-06-03,29.375,-1.875,0.0
2020-06-04,29.375,-1.875,0.0
2020-06-05,29.375,-1.875,0.0
2020-06-06,29.375,-1.875,0.0
2020-06-07,29.375,-1.875,0.00020001127
2020-06-08,29.375,-1.875,0.080002904
2020-06-09,29.375,-1.875,0.0
2020-06-10,29.375,-1.875,7.3137946
2020-06-11,29.375,-1.875,7.670031
2020-06-12,29.375,-1.875,0.06000122
2020-06-13,29.375,-1.875,6.808602
2020-06-14,29.375,-1.875,2.2799869
2020-06-15,29.375,-1.875,2.1979778
2020-06-16,29.375,-1.875,0.012000676
2020-06-17,29.375,-1.875,0.56043154
2020-06-18,29.375,-1.875,0.0
2020-06-19,29.375,-1.875,0.0036002027
2020-06-20,29.375,-1.875,0.23400925
2020-06-21,29.375,-1.875,0.3444103
2020-06-22,29.375,-1.875,1.8020115
2020-06-23,29.375,-1.875,0.022399034
2020-06-24,29.375,-1.875,0.0
2020-06-25,29.375,-1.875,0.0
2020-06-26,29.375,-1.875,3.5839992
2020-06-27,29.375,-1.875,0.0
2020-06-28,29.375,-1.875,0.0
2020-06-29,29.375,-1.875,0.08240464
2020-06-30,29.375,-1.875,0.0
2020-07-01,29.375,-1.875,0.032401577
2020-07-02,29.375,-1.875,0.0
2020-07-03,29.375,-1.875,0.0
2020-07-04,29.375,-1.875,0.0
2020-07-05,29.375,-1.875,0.0
2020-07-06,29.375,-1.875,0.0863975
2020-07-07,29.375,-1.875,0.3750068
2020-07-08,29.375,-1.875,0.0
2020-07-09,29.375,-1.875,0.0
2020-07-10,29.375,-1.875,0.035001293
2020-07-11,29.375,-1.875,0.00719969
2020-07-12,29.375,-1.875,0.39501742
2020-07-13,29.375,-1.875,0.70964
2020-07-14,29.375,-1.875,0.84601426
2020-07-15,29.375,-1.875,0.0
2020-07-16,29.375,-1.875,0.0372011
2020-07-17,29.375,-1.875,1.0239944
2020-07-18,29.375,-1.875,8.6946745
2020-07-19,29.375,-1.875,0.07760369
2020-07-20,29.375,-1.875,0.09560244
2020-07-21,29.375,-1.875,0.08319973
2020-07-22,29.375,-1.875,0.7393878
2020-07-23,29.375,-1.875,0.0
2020-07-24,29.375,-1.875,0.072799504
2020-07-25,29.375,-1.875,0.060000893
2020-07-26,29.375,-1.875,0.0
2020-07-27,29.375,-1.875,0.0
2020-07-28,29.375,-1.875,0.0
2020-07-29,29.375,-1.875,0.0
2020-07-30,29.375,-1.875,0.0
2020-07-31,29.375,-1.875,0.0
2020-08-01,29.375,-1.875,0.0
2020-08-02,29.375,-1.875,0.04740267
2020-08-03,29.375,-1.875,0.033001862
2020-08-04,29.375,-1.875,0.0
2020-08-05,29.375,-1.875,0.023200344
2020-08-06,29.375,-1.875,0.0
2020-08-07,29.375,-1.875,0.33920503
2020-08-08,29.375,-1.875,2.0276306
2020-08-09,29.375,-1.875,0.028000414
2020-08-10,29.375,-1.875,0.0
2020-08-11,29.375,-1.875,0.7958448
2020-08-12,29.375,-1.875,0.82841045
2020-08-13,29.375,-1.875,0.10720162
2020-08-14,29.375,-1.875,0.0
2020-08-15,29.375,-1.875,0.004400148
2020-08-16,29.375,-1.875,2.240024
2020-08-17,29.375,-1.875,0.0
2020-08-18,29.375,-1.875,0.0
2020-08-19,29.375,-1.875,0.58939433
2020-08-20,29.375,-1.875,5.4866314
2020-08-21,29.375,-1.875,0.6822242
2020-08-22,29.375,-1.875,0.025800642
2020-08-23,29.375,-1.875,0.0
2020-08-24,29.375,-1.875,0.0
2020-08-25,29.375,-1.875,0.010000563
2020-08-26,29.375,-1.875,0.0
2020-08-27,29.375,-1.875,0.06399831
2020-08-28,29.375,-1.875,1.2360462
2020-08-29,29.375,-1.875,4.995326
2020-08-30,29.375,-1.875,0.34201047
2020-08-31,29.375,-1.875,4.7815166
2020-09-01,29.375,-1.875,0.0
2020-09-02,29.375,-1.875,0.0
2020-09-03,29.375,-1.875,0.0068003824
2020-09-04,29.375,-1.875,0.0038001975
2020-09-05,29.375,-1.875,2.1440265
2020-09-06,29.375,-1.875,5.8194075
2020-09-07,29.375,-1.875,3.5466108
2020-09-08,29.375,-1.875,3.583503
2020-09-09,29.375,-1.875,0.22660917
2020-09-10,29.375,-1.875,0.22300062
2020-09-11,29.375,-1.875,0.04280109
2020-09-12,29.375,-1.875,0.18060681
2020-09-13,29.375,-1.875,0.051798973
2020-09-14,29.375,-1.875,0.0064000953
2020-09-15,29.375,-1.875,3.6817694
2020-09-16,29.375,-1.875,6.6007857
2020-09-17,29.375,-1.875,0.07219917
2020-09-18,29.375,-1.875,0.5778067
2020-09-19,29.375,-1.875,0.20039874
2020-09-20,29.375,-1.875,1.0202235
2020-09-21,29.375,-1.875,5.3023148
2020-09-22,29.375,-1.875,4.7818604
2020-09-23,29.375,-1.875,0.19500124
2020-09-24,29.375,-1.875,0.18480712
2020-09-25,29.375,-1.875,24.552639
2020-09-26,29.375,-1.875,5.7801275
2020-09-27,29.375,-1.875,7.113863
2020-09-28,29.375,-1.875,7.586947
2020-09-29,29.375,-1.875,1.2512255
2020-09-30,29.375,-1.875,1.0465807
2020-10-01,29.375,-1.875,3.6953902
2020-10-02,29.375,-1.875,0.7039809
2020-10-03,29.375,-1.875,15.508565
2020-10-04,29.375,-1.875,0.04799793
2020-10-05,29.375,-1.875,0.0
2020-10-06,29.375,-1.875,0.051402897
2020-10-07,29.375,-1.875,1.581347
2020-10-08,29.375,-1.875,8.251049
2020-10-09,29.375,-1.875,6.0342135
2020-10-10,29.375,-1.875,0.9270346
2020-10-11,29.375,-1.875,1.8810245
2020-10-12,29.375,-1.875,8.9693575
2020-10-13,29.375,-1.875,2.2871482
2020-10-14,29.375,-1.875,0.2878101
2020-10-15,29.375,-1.875,0.38838723
2020-10-16,29.375,-1.875,0.10220518
2020-10-17,29.375,-1.875,3.805002
2020-10-18,29.375,-1.875,0.92999786
2020-10-19,29.375,-1.875,4.235624
2020-10-20,29.375,-1.875,7.7327566
2020-10-21,29.375,-1.875,10.632523
2020-10-22,29.375,-1.875,0.297795
2020-10-23,29.375,-1.875,0.035601147
2020-10-24,29.375,-1.875,0.6420001
2020-10-25,29.375,-1.875,11.407002
2020-10-26,29.375,-1.875,11.211317
2020-10-27,29.375,-1.875,10.54644
2020-10-28,29.375,-1.875,2.2341554
2020-10-29,29.375,-1.875,21.130873
2020-10-30,29.375,-1.875,4.5375714
2020-10-31,29.375,-1.875,0.6088025
2020-11-01,29.375,-1.875,4.021999
2020-11-02,29.375,-1.875,6.1154156
2020-11-03,29.375,-1.875,0.012000676
2020-11-04,29.375,-1.875,2.1627827
2020-11-05,29.375,-1.875,2.4661987
2020-11-06,29.375,-1.875,49.76225
2020-11-07,29.375,-1.875,3.0177634
2020-11-08,29.375,-1.875,0.117198795
2020-11-09,29.375,-1.875,0.7179951
2020-11-10,29.375,-1.875,12.112444
2020-11-11,29.375,-1.875,7.0179515
2020-11-12,29.375,-1.875,2.0271516
2020-11-13,29.375,-1.875,3.2039537
2020-11-14,29.375,-1.875,8.760309
2020-11-15,29.375,-1.875,11.087385
2020-11-16,29.375,-1.875,5.088417
2020-11-17,29.375,-1.875,1.8490026
2020-11-18,29.375,-1.875,13.730827
2020-11-19,29.375,-1.875,1.4330666
2020-11-20,29.375,-1.875,0.1797965
2020-11-21,29.375,-1.875,8.955535
2020-11-22,29.375,-1.875,1.9749796
2020-11-23,29.375,-1.875,0.30918735
2020-11-24,29.375,-1.875,5.290142
2020-11-25,29.375,-1.875,6.9962444
2020-11-26,29.375,-1.875,0.15439408
2020-11-27,29.375,-1.875,0.01599931
2020-11-28,29.375,-1.875,4.5661845
2020-11-29,29.375,-1.875,3.3657384
2020-11-30,29.375,-1.875,3.6812954
2020-12-01,29.375,-1.875,0.0
2020-12-02,29.375,-1.875,19.513494
2020-12-03,29.375,-1.875,7.3190002
2020-12-04,29.375,-1.875,6.1848817
2020-12-05,29.375,-1.875,3.6172957
2020-12-06,29.375,-1.875,0.022399176
2020-12-07,29.375,-1.875,4.9961395
2020-12-08,29.375,-1.875,1.9764441
2020-12-09,29.375,-1.875,0.5558177
2020-12-10,29.375,-1.875,0.13439572
2020-12-11,29.375,-1.875,6.428279
2020-12-12,29.375,-1.875,0.0024001352
2020-12-13,29.375,-1.875,5.45766
2020-12-14,29.375,-1.875,0.3656157
2020-12-15,29.375,-1.875,0.03400185
2020-12-16,29.375,-1.875,0.023801181
2020-12-17,29.375,-1.875,0.11180155
2020-12-18,29.375,-1.875,18.340939
2020-12-19,29.375,-1.875,15.090074
2020-12-20,29.375,-1.875,8.383376
2020-12-21,29.375,-1.875,6.248381
2020-12-22,29.375,-1.875,3.1150546
2020-12-23,29.375,-1.875,0.8218119
2020-12-24,29.375,-1.875,0.5046062
2020-12-25,29.375,-1.875,0.039798427
2020-12-26,29.375,-1.875,0.419
2020-12-27,29.375,-1.875,4.2928534
2020-12-28,29.375,-1.875,0.2584002
2020-12-29,29.375,-1.875,0.0032000213
2020-12-30,29.375,-1.875,0.2212052
2020-12-31,29.375,-1.875,13.136585
2021-01-01,29.375,-1.875,1.7652086
2021-01-02,29.375,-1.875,2.9800074
2021-01-03,29.375,-1.875,6.128934
2021-01-04,29.375,-1.875,0.19019862
2021-01-05,29.375,-1.875,0.73939604
2021-01-06,29.375,-1.875,4.2334037
2021-01-07,29.375,-1.875,0.0
2021-01-08,29.375,-1.875,12.006301
2021-01-09,29.375,-1.875,2.2981732
2021-01-10,29.375,-1.875,2.2674258
2021-01-11,29.375,-1.875,5.5170083
2021-01-12,29.375,-1.875,1.3320132
2021-01-13,29.375,-1.875,1.5363859
2021-01-14,29.375,-1.875,4.08098
2021-01-15,29.375,-1.875,0.24639864
2021-01-16,29.375,-1.875,0.686828
2021-01-17,29.375,-1.875,0.113595225
2021-01-18,29.375,-1.875,10.000458
2021-01-19,29.375,-1.875,0.32280365
2021-01-20,29.375,-1.875,0.4541936
2021-01-21,29.375,-1.875,0.1664026
2021-01-22,29.375,-1.875,0.26099998
2021-01-23,29.375,-1.875,3.1153991
2021-01-24,29.375,-1.875,0.4024058
2021-01-25,29.375,-1.875,0.43080577
2021-01-26,29.375,-1.875,0.2778085
2021-01-27,29.375,-1.875,0.54941547
2021-01-28,29.375,-1.875,1.5523496
2021-01-29,29.375,-1.875,0.026401468
2021-01-30,29.375,-1.875,5.618013
2021-01-31,29.375,-1.875,7.3510766
2021-02-01,29.375,-1.875,0.5204018
2021-02-02,29.375,-1.875,0.0016000902
2021-02-03,29.375,-1.875,0.0007999655
2021-02-04,29.375,-1.875,0.7424163
2021-02-05,29.375,-1.875,7.260623
2021-02-06,29.375,-1.875,2.720612
2021-02-07,29.375,-1.875,7.298595
2021-02-08,29.375,-1.875,1.5350282
2021-02-09,29.375,-1.875,8.9149
2021-02-10,29.375,-1.875,4.8905673
2021-02-11,29.375,-1.875,7.941765
2021-02-12,29.375,-1.875,3.0991673
2021-02-13,29.375,-1.875,3.8478556
2021-02-14,29.375,-1.875,2.2609813
2021-02-15,29.375,-1.875,17.629505
2021-02-16,29.375,-1.875,5.867463
2021-02-17,29.375,-1.875,0.41419291
2021-02-18,29.375,-1.875,5.7573013
2021-02-19,29.375,-1.875,0.38920507
2021-02-20,29.375,-1.875,5.0075264
2021-02-21,29.375,-1.875,0.60041976
2021-02-22,29.375,-1.875,11.395439
2021-02-23,29.375,-1.875,1.5697874
2021-02-24,29.375,-1.875,0.54939914
2021-02-25,29.375,-1.875,0.017799858
2021-02-26,29.375,-1.875,0.00020001127
2021-02-27,29.375,-1.875,0.0026000799
2021-02-28,29.375,-1.875,0.0
2021-03-01,29.375,-1.875,0.0027999026
2021-03-02,29.375,-1.875,12.58034
2021-03-03,29.375,-1.875,7.1033173
2021-03-04,29.375,-1.875,8.293189
2021-03-05,29.375,-1.875,3.3526092
2021-03-06,29.375,-1.875,1.3199824
2021-03-07,29.375,-1.875,4.6206965
2021-03-08,29.375,-1.875,1.5167832
2021-03-09,29.375,-1.875,0.53681016
2021-03-10,29.375,-1.875,0.70223767
2021-03-11,29.375,-1.875,0.0
2021-03-12,29.375,-1.875,0.0
2021-03-13,29.375,-1.875,0.93939894
2021-03-14,29.375,-1.875,0.005199799
2021-03-15,29.375,-1.875,3.1032248
2021-03-16,29.375,-1.875,1.7714443
2021-03-17,29.375,-1.875,12.441245
2021-03-18,29.375,-1.875,0.5827991
2021-03-19,29.375,-1.875,1.6585733
2021-03-20,29.375,-1.875,0.0360004
2021-03-21,29.375,-1.875,1.5714195
2021-03-22,29.375,-1.875,0.83021206
2021-03-23,29.375,-1.875,7.200655
2021-03-24,29.375,-1.875,0.0030000098
2021-03-25,29.375,-1.875,0.117001705
2021-03-26,29.375,-1.875,11.226206
2021-03-27,29.375,-1.875,1.0677989
2021-03-28,29.375,-1.875,0.91162086
2021-03-29,29.375,-1.875,7.083271
2021-03-30,29.375,-1.875,11.3749895
2021-03-31,29.375,-1.875,1.6226141
2021-04-01,29.375,-1.875,0.0
2021-04-02,29.375,-1.875,4.208817
2021-04-03,29.375,-1.875,13.666948
2021-04-04,29.375,-1.875,12.078518
2021-04-05,29.375,-1.875,6.158979
2021-04-06,29.375,-1.875,0.25039998
2021-04-07,29.375,-1.875,7.997427
2021-04-08,29.375,-1.875,6.6482224
2021-04-09,29.375,-1.875,0.57480097
2021-04-10,29.375,-1.875,14.210581
2021-04-11,29.375,-1.875,0.31580222
2021-04-12,29.375,-1.875,0.19840345
2021-04-13,29.375,-1.875,14.761617
2021-04-14,29.375,-1.875,2.1256146
2021-04-15,29.375,-1.875,1.1528004
2021-04-16,29.375,-1.875,4.996354
2021-04-17,29.375,-1.875,4.123241
2021-04-18,29.375,-1.875,0.12620392
2021-04-19,29.375,-1.875,2.0082436
2021-04-20,29.375,-1.875,0.87460333
2021-04-21,29.375,-1.875,0.2694049
2021-04-22,29.375,-1.875,0.3130095
2021-04-23,29.375,-1.875,2.2902458
2021-04-24,29.375,-1.875,2.034459
2021-04-25,29.375,-1.875,5.864229
2021-04-26,29.375,-1.875,0.72520155
2021-04-27,29.375,-1.875,1.9033718
2021-04-28,29.375,-1.875,0.30259207
2021-04-29,29.375,-1.875,1.131605
2021-04-30,29.375,-1.875,0.11100118
2021-05-01,29.375,-1.875,0.2659997
2021-05-02,29.375,-1.875,0.013000732
2021-05-03,29.375,-1.875,1.0484108
2021-05-04,29.375,-1.875,5.2406244
2021-05-05,29.375,-1.875,5.7930756
2021-05-06,29.375,-1.875,6.4246135
2021-05-07,29.375,-1.875,2.3085961
2021-05-08,29.375,-1.875,18.586065
2021-05-09,29.375,-1.875,14.332291
2021-05-10,29.375,-1.875,17.659878
2021-05-11,29.375,-1.875,22.998703
2021-05-12,29.375,-1.875,10.15266
2021-05-13,29.375,-1.875,2.544734
2021-05-14,29.375,-1.875,5.5370975
2021-05-15,29.375,-1.875,0.372793
2021-05-16,29.375,-1.875,0.0018001014
2021-05-17,29.375,-1.875,1.5504324
2021-05-18,29.375,-1.875,0.021201195
2021-05-19,29.375,-1.875,0.016000869
2021-05-20,29.375,-1.875,0.026400553
2021-05-21,29.375,-1.875,0.0048002703
2021-05-22,29.375,-1.875,2.7739363
2021-05-23,29.375,-1.875,0.0
2021-05-24,29.375,-1.875,0.34581563
2021-05-25,29.375,-1.875,0.12860431
2021-05-26,29.375,-1.875,0.035000842
2021-05-27,29.375,-1.875,0.10920013
2021-05-28,29.375,-1.875,0.093
2021-05-29,29.375,-1.875,0.3666005
2021-05-30,29.375,-1.875,0.29200384
2021-05-31,29.375,-1.875,0.32160446
2021-06-01,29.375,-1.875,0.14640038
2021-06-02,29.375,-1.875,0.92421025
2021-06-03,29.375,-1.875,1.5846237
2021-06-04,29.375,-1.875,0.033199582
2021-06-05,29.375,-1.875,0.0
2021-06-06,29.375,-1.875,0.025600988
2021-06-07,29.375,-1.875,0.0
2021-06-08,29.375,-1.875,0.0
2021-06-09,29.375,-1.875,0.002800158
2021-06-10,29.375,-1.875,0.0
2021-06-11,29.375,-1.875,0.0
2021-06-12,29.375,-1.875,0.0
2021-06-13,29.375,-1.875,0.0
2021-06-14,29.375,-1.875,0.091205135
2021-06-15,29.375,-1.875,11.335905
2021-06-16,29.375,-1.875,0.1002017
2021-06-17,29.375,-1.875,0.24200301
2021-06-18,29.375,-1.875,5.2671456
2021-06-19,29.375,-1.875,0.0
2021-06-20,29.375,-1.875,0.0
2021-06-21,29.375,-1.875,0.028600603
2021-06-22,29.375,-1.875,1.1332018
2021-06-23,29.375,-1.875,0.0011999483
2021-06-24,29.375,-1.875,0.0
2021-06-25,29.375,-1.875,0.0
2021-06-26,29.375,-1.875,0.0
2021-06-27,29.375,-1.875,0.0
2021-06-28,29.375,-1.875,0.0
2021-06-29,29.375,-1.875,0.0032001804
2021-06-30,29.375,-1.875,0.0008000451
2021-07-01,29.375,-1.875,0.0
2021-07-02,29.375,-1.875,2.9486651
2021-07-03,29.375,-1.875,0.02239968
2021-07-04,29.375,-1.875,0.0
2021-07-05,29.375,-1.875,8.607809
2021-07-06,29.375,-1.875,0.1877952
2021-07-07,29.375,-1.875,0.08679983
2021-07-08,29.375,-1.875,0.7704087
2021-07-09,29.375,-1.875,0.0151996
2021-07-10,29.375,-1.875,0.006000338
2021-07-11,29.375,-1.875,0.008800495
2021-07-12,29.375,-1.875,0.012200687
2021-07-13,29.375,-1.875,1.20442
2021-07-14,29.375,-1.875,2.068785
2021-07-15,29.375,-1.875,2.065984
2021-07-16,29.375,-1.875,0.0072004055
2021-07-17,29.375,-1.875,0.0
2021-07-18,29.375,-1.875,0.061603468
2021-07-19,29.375,-1.875,0.0036002027
2021-07-20,29.375,-1.875,0.019601103
2021-07-21,29.375,-1.875,0.0066003725
2021-07-22,29.375,-1.875,0.0
2021-07-23,29.375,-1.875,0.070000395
2021-07-24,29.375,-1.875,0.0
2021-07-25,29.375,-1.875,0.0
2021-07-26,29.375,-1.875,0.0
2021-07-27,29.375,-1.875,0.0
2021-07-28,29.375,-1.875,0.017200902
2021-07-29,29.375,-1.875,0.0
2021-07-30,29.375,-1.875,0.0
2021-07-31,29.375,-1.875,0.0782044
2021-08-01,29.375,-1.875,0.028001577
2021-08-02,29.375,-1.875,0.0
2021-08-03,29.375,-1.875,0.0
2021-08-04,29.375,-1.875,0.0
2021-08-05,29.375,-1.875,1.4319686
2021-08-06,29.375,-1.875,1.4266298
2021-08-07,29.375,-1.875,1.5222111
2021-08-08,29.375,-1.875,0.31919238
2021-08-09,29.375,-1.875,7.0775404
2021-08-10,29.375,-1.875,4.22406
2021-08-11,29.375,-1.875,0.35120398
2021-08-12,29.375,-1.875,2.5242755
2021-08-13,29.375,-1.875,2.8427777
2021-08-14,29.375,-1.875,4.2143846
2021-08-15,29.375,-1.875,3.7023973
2021-08-16,29.375,-1.875,0.0
2021-08-17,29.375,-1.875,0.005000281
2021-08-18,29.375,-1.875,0.0026001465
2021-08-19,29.375,-1.875,8.367987
2021-08-20,29.375,-1.875,4.77842
2021-08-21,29.375,-1.875,26.954578
2021-08-22,29.375,-1.875,0.64201
2021-08-23,29.375,-1.875,0.9080232
2021-08-24,29.375,-1.875,0.0
2021-08-25,29.375,-1.875,0.0
2021-08-26,29.375,-1.875,0.0
2021-08-27,29.375,-1.875,0.0
2021-08-28,29.375,-1.875,0.0
2021-08-29,29.375,-1.875,6.143783
2021-08-30,29.375,-1.875,10.465144
2021-08-31,29.375,-1.875,4.4634323
2021-09-01,29.375,-1.875,19.062302
2021-09-02,29.375,-1.875,2.2512274
2021-09-03,29.375,-1.875,0.0
2021-09-04,29.375,-1.875,0.049401805
2021-09-05,29.375,-1.875,0.0
2021-09-06,29.375,-1.875,1.1428258
2021-09-07,29.375,-1.875,7.205229
2021-09-08,29.375,-1.875,0.22279975
2021-09-09,29.375,-1.875,13.041066
2021-09-10,29.375,-1.875,0.18340522
2021-09-11,29.375,-1.875,0.03239967
2021-09-12,29.375,-1.875,0.018399578
2021-09-13,29.375,-1.875,0.0
2021-09-14,29.375,-1.875,2.177509
2021-09-15,29.375,-1.875,1.9329493
2021-09-16,29.375,-1.875,8.983468
2021-09-17,29.375,-1.875,4.8786764
2021-09-18,29.375,-1.875,4.180357
2021-09-19,29.375,-1.875,0.03819954
2021-09-20,29.375,-1.875,0.014799362
2021-09-21,29.375,-1.875,3.1018338
2021-09-22,29.375,-1.875,0.37260085
2021-09-23,29.375,-1.875,1.6350298
2021-09-24,29.375,-1.875,12.345137
2021-09-25,29.375,-1.875,3.2648304
2021-09-26,29.375,-1.875,5.4362783
2021-09-27,29.375,-1.875,14.293534
2021-09-28,29.375,-1.875,0.0
2021-09-29,29.375,-1.875,0.2448036
2021-09-30,29.375,-1.875,0.70600474
2021-10-01,29.375,-1.875,9.488893
2021-10-02,29.375,-1.875,5.0328984
2021-10-03,29.375,-1.875,16.774965
2021-10-04,29.375,-1.875,0.48402548
2021-10-05,29.375,-1.875,1.0931784
2021-10-06,29.375,-1.875,5.3009443
2021-10-07,29.375,-1.875,0.0
2021-10-08,29.375,-1.875,0.011600654
2021-10-09,29.375,-1.875,4.263524
2021-10-10,29.375,-1.875,0.32978657
2021-10-11,29.375,-1.875,4.007955
2021-10-12,29.375,-1.875,0.49279553
2021-10-13,29.375,-1.875,0.0
2021-10-14,29.375,-1.875,2.9430113
2021-10-15,29.375,-1.875,0.24040352
2021-10-16,29.375,-1.875,3.3042555
2021-10-17,29.375,-1.875,0.2937933
2021-10-18,29.375,-1.875,16.574753
2021-10-19,29.375,-1.875,7.1048055
2021-10-20,29.375,-1.875,2.4675927
2021-10-21,29.375,-1.875,0.98058265
2021-10-22,29.375,-1.875,1.1952354
2021-10-23,29.375,-1.875,0.45742095
2021-10-24,29.375,-1.875,1.352422
2021-10-25,29.375,-1.875,11.222048
2021-10-26,29.375,-1.875,0.60779923
2021-10-27,29.375,-1.875,1.3766412
2021-10-28,29.375,-1.875,0.57542336
2021-10-29,29.375,-1.875,2.7887266
2021-10-30,29.375,-1.875,11.496279
2021-10-31,29.375,-1.875,1.4206524
2021-11-01,29.375,-1.875,9.840327
2021-11-02,29.375,-1.875,7.462557
2021-11-03,29.375,-1.875,6.8563614
2021-11-04,29.375,-1.875,9.465317
2021-11-05,29.375,-1.875,0.10079767
2021-11-06,29.375,-1.875,0.34901872
2021-11-07,29.375,-1.875,0.052599203
2021-11-08,29.375,-1.875,0.37221372
2021-11-09,29.375,-1.875,0.009600235
2021-11-10,29.375,-1.875,4.4927726
2021-11-11,29.375,-1.875,11.162557
2021-11-12,29.375,-1.875,14.750226
2021-11-13,29.375,-1.875,4.068973
2021-11-14,29.375,-1.875,3.6374202
2021-11-15,29.375,-1.875,0.037200585
2021-11-16,29.375,-1.875,3.9785638
2021-11-17,29.375,-1.875,2.3107693
2021-11-18,29.375,-1.875,5.1803045
2021-11-19,29.375,-1.875,1.6173718
2021-11-20,29.375,-1.875,0.0032001804
2021-11-21,29.375,-1.875,1.8748497
2021-11-22,29.375,-1.875,3.061986
2021-11-23,29.375,-1.875,0.36381257
2021-11-24,29.375,-1.875,1.7180603
2021-11-25,29.375,-1.875,1.0101817
2021-11-26,29.375,-1.875,0.91664386
2021-11-27,29.375,-1.875,1.1166189
2021-11-28,29.375,-1.875,1.0377816
2021-11-29,29.375,-1.875,0.047001325
2021-11-30,29.375,-1.875,0.14680795
2021-12-01,29.375,-1.875,1.1771717
2021-12-02,29.375,-1.875,0.0807985
2021-12-03,29.375,-1.875,0.9307828
2021-12-04,29.375,-1.875,12.531636
2021-12-05,29.375,-1.875,0.31700474
2021-12-06,29.375,-1.875,0.3125982
2021-12-07,29.375,-1.875,0.6387769
2021-12-08,29.375,-1.875,1.0999795
2021-12-09,29.375,-1.875,0.41380516
2021-12-10,29.375,-1.875,3.750066
2021-12-11,29.375,-1.875,0.4204082
2021-12-12,29.375,-1.875,0.40139562
2021-12-13,29.375,-1.875,0.80501336
2021-12-14,29.375,-1.875,0.41881448
2021-12-15,29.375,-1.875,1.4702278
2021-12-16,29.375,-1.875,0.016399425
2021-12-17,29.375,-1.875,4.322974
2021-12-18,29.375,-1.875,1.8963809
2021-12-19,29.375,-1.875,0.32200333
2021-12-20,29.375,-1.875,5.83801
2021-12-21,29.375,-1.875,0.22480293
2021-12-22,29.375,-1.875,5.87042
2021-12-23,29.375,-1.875,1.8198135
2021-12-24,29.375,-1.875,2.4015725
2021-12-25,29.375,-1.875,23.25039
2021-12-26,29.375,-1.875,0.18779755
2021-12-27,29.375,-1.875,9.391026
2021-12-28,29.375,-1.875,0.2922088
2021-12-29,29.375,-1.875,4.7628675
2021-12-30,29.375,-1.875,19.836073
2021-12-31,29.375,-1.875,17.113503
2022-01-01,29.375,-1.875,3.0783749
2022-01-02,29.375,-1.875,0.032199256
2022-01-03,29.375,-1.875,4.9017982
2022-01-04,29.375,-1.875,1.2639962
2022-01-05,29.375,-1.875,0.30360702
2022-01-06,29.375,-1.875,0.1714078
2022-01-07,29.375,-1.875,0.0064000953
2022-01-08,29.375,-1.875,0.49220413
2022-01-09,29.375,-1.875,0.0
2022-01-10,29.375,-1.875,0.015199659
2022-01-11,29.375,-1.875,0.35239798
2022-01-12,29.375,-1.875,0.025198963
2022-01-13,29.375,-1.875,11.084277
2022-01-14,29.375,-1.875,4.7832303
2022-01-15,29.375,-1.875,5.4095564
2022-01-16,29.375,-1.875,0.8446022
2022-01-17,29.375,-1.875,0.44099915
2022-01-18,29.375,-1.875,4.027821
2022-01-19,29.375,-1.875,8.900324
2022-01-20,29.375,-1.875,1.9690125
2022-01-21,29.375,-1.875,4.1184363
2022-01-22,29.375,-1.875,3.701193
2022-01-23,29.375,-1.875,48.51679
2022-01-24,29.375,-1.875,2.627221
2022-01-25,29.375,-1.875,0.3771982
2022-01-26,29.375,-1.875,0.009600142
2022-01-27,29.375,-1.875,1.8411763
2022-01-28,29.375,-1.875,0.16620484
2022-01-29,29.375,-1.875,0.0024000688
2022-01-30,29.375,-1.875,17.410864
2022-01-31,29.375,-1.875,22.966162
2022-02-01,29.375,-1.875,1.3458104
2022-02-02,29.375,-1.875,12.036901
2022-02-03,29.375,-1.875,4.7979736
2022-02-04,29.375,-1.875,10.99389
2022-02-05,29.375,-1.875,6.310792
2022-02-06,29.375,-1.875,10.337045
2022-02-07,29.375,-1.875,7.254611
2022-02-08,29.375,-1.875,0.15159747
2022-02-09,29.375,-1.875,1.9571625
2022-02-10,29.375,-1.875,1.1848011
2022-02-11,29.375,-1.875,10.625588
2022-02-12,29.375,-1.875,3.5763986
2022-02-13,29.375,-1.875,9.207536
2022-02-14,29.375,-1.875,4.6168056
2022-02-15,29.375,-1.875,5.611866
2022-02-16,29.375,-1.875,3.8226185
2022-02-17,29.375,-1.875,11.4492445
2022-02-18,29.375,-1.875,2.5550213
2022-02-19,29.375,-1.875,2.9159846
2022-02-20,29.375,-1.875,14.624251
2022-02-21,29.375,-1.875,0.102598324
2022-02-22,29.375,-1.875,2.8373528
2022-02-23,29.375,-1.875,6.880338
2022-02-24,29.375,-1.875,4.373411
2022-02-25,29.375,-1.875,5.5095487
2022-02-26,29.375,-1.875,1.8996081
2022-02-27,29.375,-1.875,0.005600083
2022-02-28,29.375,-1.875,7.671225
2022-03-01,29.375,-1.875,2.3151748
2022-03-02,29.375,-1.875,10.255364
2022-03-03,29.375,-1.875,0.0016000172
2022-03-04,29.375,-1.875,0.0113996705
2022-03-05,29.375,-1.875,0.0
2022-03-06,29.375,-1.875,0.0023998965
2022-03-07,29.375,-1.875,0.0016000902
2022-03-08,29.375,-1.875,0.039199427
2022-03-09,29.375,-1.875,30.632744
2022-03-10,29.375,-1.875,0.0
2022-03-11,29.375,-1.875,0.00040002255
2022-03-12,29.375,-1.875,3.0520062
2022-03-13,29.375,-1.875,3.6376019
2022-03-14,29.375,-1.875,0.38900602
2022-03-15,29.375,-1.875,0.03280072
2022-03-16,29.375,-1.875,8.478176
2022-03-17,29.375,-1.875,26.764427
2022-03-18,29.375,-1.875,7.959491
2022-03-19,29.375,-1.875,0.0030001688
2022-03-20,29.375,-1.875,9.273777
2022-03-21,29.375,-1.875,2.5448349
2022-03-22,29.375,-1.875,15.151073
2022-03-23,29.375,-1.875,0.41739658
2022-03-24,29.375,-1.875,0.64283615
2022-03-25,29.375,-1.875,0.010799734
2022-03-26,29.375,-1.875,1.8041993
2022-03-27,29.375,-1.875,3.8722055
2022-03-28,29.375,-1.875,2.1813545
2022-03-29,29.375,-1.875,13.081456
2022-03-30,29.375,-1.875,1.4552057
2022-03-31,29.375,-1.875,1.6673694
2022-04-01,29.375,-1.875,2.0960722
2022-04-02,29.375,-1.875,0.3010058
2022-04-03,29.375,-1.875,5.4541306
2022-04-04,29.375,-1.875,0.47998193
2022-04-05,29.375,-1.875,13.326976
2022-04-06,29.375,-1.875,1.491201
2022-04-07,29.375,-1.875,9.471411
2022-04-08,29.375,-1.875,4.2554283
2022-04-09,29.375,-1.875,0.0039998274
2022-04-10,29.375,-1.875,0.1761964
2022-04-11,29.375,-1.875,0.690407
2022-04-12,29.375,-1.875,0.0
2022-04-13,29.375,-1.875,0.3294168
2022-04-14,29.375,-1.875,11.197592
2022-04-15,29.375,-1.875,4.4296956
2022-04-16,29.375,-1.875,1.2598037
2022-04-17,29.375,-1.875,2.87061
2022-04-18,29.375,-1.875,1.5691856
2022-04-19,29.375,-1.875,19.337154
2022-04-20,29.375,-1.875,5.701622
2022-04-21,29.375,-1.875,1.5600183
2022-04-22,29.375,-1.875,0.3712154
2022-04-23,29.375,-1.875,38.941994
2022-04-24,29.375,-1.875,6.621273
2022-04-25,29.375,-1.875,5.7616987
2022-04-26,29.375,-1.875,0.7236048
2022-04-27,29.375,-1.875,4.400666
2022-04-28,29.375,-1.875,4.619796
2022-04-29,29.375,-1.875,3.5502524
2022-04-30,29.375,-1.875,0.4910094
2022-05-01,29.375,-1.875,12.738049
2022-05-02,29.375,-1.875,0.12699763
2022-05-03,29.375,-1.875,0.13399975
2022-05-04,29.375,-1.875,0.04160028
2022-05-05,29.375,-1.875,0.14579678
2022-05-06,29.375,-1.875,0.16020346
2022-05-07,29.375,-1.875,0.14000098
2022-05-08,29.375,-1.875,4.1960015
2022-05-09,29.375,-1.875,0.0
2022-05-10,29.375,-1.875,0.7430352
2022-05-11,29.375,-1.875,0.74743605
2022-05-12,29.375,-1.875,1.0988086
2022-05-13,29.375,-1.875,0.95662934
2022-05-14,29.375,-1.875,1.1068201
2022-05-15,29.375,-1.875,7.8229427
2022-05-16,29.375,-1.875,2.3874617
2022-05-17,29.375,-1.875,8.841044
2022-05-18,29.375,-1.875,0.68440264
2022-05-19,29.375,-1.875,0.5344046
2022-05-20,29.375,-1.875,3.4766045
2022-05-21,29.375,-1.875,0.59521663
2022-05-22,29.375,-1.875,1.2393539
2022-05-23,29.375,-1.875,0.7384186
2022-05-24,29.375,-1.875,4.406253
2022-05-25,29.375,-1.875,2.8861833
2022-05-26,29.375,-1.875,20.505138
2022-05-27,29.375,-1.875,6.9543242
2022-05-28,29.375,-1.875,24.593674
2022-05-29,29.375,-1.875,20.417725
2022-05-30,29.375,-1.875,2.044378
2022-05-31,29.375,-1.875,0.18820657
2022-06-01,29.375,-1.875,7.4921184
2022-06-02,29.375,-1.875,5.2989907
2022-06-03,29.375,-1.875,0.0
2022-06-04,29.375,-1.875,0.0
2022-06-05,29.375,-1.875,0.0
2022-06-06,29.375,-1.875,0.0
2022-06-07,29.375,-1.875,0.22060634
2022-06-08,29.375,-1.875,2.896391
2022-06-09,29.375,-1.875,1.9098432
2022-06-10,29.375,-1.875,0.052201215
2022-06-11,29.375,-1.875,0.0
2022-06-12,29.375,-1.875,0.0
2022-06-13,29.375,-1.875,0.011200632
2022-06-14,29.375,-1.875,0.008400474
2022-06-15,29.375,-1.875,0.08440253
2022-06-16,29.375,-1.875,0.0
2022-06-17,29.375,-1.875,0.018401036
2022-06-18,29.375,-1.875,0.18539266
2022-06-19,29.375,-1.875,1.5943778
2022-06-20,29.375,-1.875,2.436842
2022-06-21,29.375,-1.875,0.0
2022-06-22,29.375,-1.875,0.0
2022-06-23,29.375,-1.875,0.054001264
2022-06-24,29.375,-1.875,0.3735853
2022-06-25,29.375,-1.875,2.429105
2022-06-26,29.375,-1.875,0.0
2022-06-27,29.375,-1.875,0.0
2022-06-28,29.375,-1.875,0.0038002143
2022-06-29,29.375,-1.875,0.022601273
2022-06-30,29.375,-1.875,0.0
2022-07-01,29.375,-1.875,0.0
2022-07-02,29.375,-1.875,0.0
2022-07-03,29.375,-1.875,0.0
2022-07-04,29.375,-1.875,0.0
2022-07-05,29.375,-1.875,0.0
2022-07-06,29.375,-1.875,0.0
2022-07-07,29.375,-1.875,0.0
2022-07-08,29.375,-1.875,0.0
2022-07-09,29.375,-1.875,0.0060003377
2022-07-10,29.375,-1.875,0.0
2022-07-11,29.375,-1.875,0.0
2022-07-12,29.375,-1.875,0.101598814
2022-07-13,29.375,-1.875,0.0
2022-07-14,29.375,-1.875,0.0
2022-07-15,29.375,-1.875,0.0
2022-07-16,29.375,-1.875,0.0
2022-07-17,29.375,-1.875,0.0
2022-07-18,29.375,-1.875,1.8586385
2022-07-19,29.375,-1.875,0.5468005
2022-07-20,29.375,-1.875,0.0
2022-07-21,29.375,-1.875,0.0
2022-07-22,29.375,-1.875,0.0
2022-07-23,29.375,-1.875,0.0
2022-07-24,29.375,-1.875,0.0
2022-07-25,29.375,-1.875,0.0
2022-07-26,29.375,-1.875,0.0
2022-07-27,29.375,-1.875,0.01760026
2022-07-28,29.375,-1.875,0.0
2022-07-29,29.375,-1.875,0.41159773
2022-07-30,29.375,-1.875,2.3587396
2022-07-31,29.375,-1.875,22.927792
2022-08-01,29.375,-1.875,20.68038
2022-08-02,29.375,-1.875,11.225089
2022-08-03,29.375,-1.875,0.17360035
2022-08-04,29.375,-1.875,0.3350052
2022-08-05,29.375,-1.875,0.0
2022-08-06,29.375,-1.875,0.0
2022-08-07,29.375,-1.875,0.0
2022-08-08,29.375,-1.875,0.0
2022-08-09,29.375,-1.875,0.0
2022-08-10,29.375,-1.875,0.0
2022-08-11,29.375,-1.875,0.0
2022-08-12,29.375,-1.875,0.0
2022-08-13,29.375,-1.875,1.9909923
2022-08-14,29.375,-1.875,1.7791932
2022-08-15,29.375,-1.875,3.590003
2022-08-16,29.375,-1.875,1.3792067
2022-08-17,29.375,-1.875,4.665208
2022-08-18,29.375,-1.875,0.04800075
2022-08-19,29.375,-1.875,1.647654
2022-08-20,29.375,-1.875,4.126866
2022-08-21,29.375,-1.875,8.319891
2022-08-22,29.375,-1.875,0.40460685
2022-08-23,29.375,-1.875,0.05000282
2022-08-24,29.375,-1.875,0.0
2022-08-25,29.375,-1.875,0.0
2022-08-26,29.375,-1.875,0.015800808
2022-08-27,29.375,-1.875,0.603591
2022-08-28,29.375,-1.875,10.289047
2022-08-29,29.375,-1.875,10.17639
2022-08-30,29.375,-1.875,1.0362213
2022-08-31,29.375,-1.875,9.584811
2022-09-01,29.375,-1.875,4.451598
2022-09-02,29.375,-1.875,4.286757
2022-09-03,29.375,-1.875,3.25216
2022-09-04,29.375,-1.875,0.11979894
2022-09-05,29.375,-1.875,0.43318546
2022-09-06,29.375,-1.875,0.48481068
2022-09-07,29.375,-1.875,16.53781
2022-09-08,29.375,-1.875,0.22140716
2022-09-09,29.375,-1.875,0.14340141
2022-09-10,29.375,-1.875,0.37720454
2022-09-11,29.375,-1.875,8.842137
2022-09-12,29.375,-1.875,12.699057
2022-09-13,29.375,-1.875,19.724392
2022-09-14,29.375,-1.875,4.4365463
2022-09-15,29.375,-1.875,0.2200042
2022-09-16,29.375,-1.875,0.011200632
2022-09-17,29.375,-1.875,1.552772
2022-09-18,29.375,-1.875,11.142254
2022-09-19,29.375,-1.875,1.7130537
2022-09-20,29.375,-1.875,1.0136039
2022-09-21,29.375,-1.875,3.3439915
2022-09-22,29.375,-1.875,5.6667404
2022-09-23,29.375,-1.875,1.6931795
2022-09-24,29.375,-1.875,1.3294013
2022-09-25,29.375,-1.875,0.74561155
2022-09-26,29.375,-1.875,0.08200462
2022-09-27,29.375,-1.875,1.279596
2022-09-28,29.375,-1.875,5.7548623
2022-09-29,29.375,-1.875,0.07200152
2022-09-30,29.375,-1.875,0.24300364
2022-10-01,29.375,-1.875,11.550771
2022-10-02,29.375,-1.875,11.751529
2022-10-03,29.375,-1.875,0.22540122
2022-10-04,29.375,-1.875,0.8314235
2022-10-05,29.375,-1.875,11.10215
2022-10-06,29.375,-1.875,1.4085715
2022-10-07,29.375,-1.875,3.3988044
2022-10-08,29.375,-1.875,0.0
2022-10-09,29.375,-1.875,2.1272032
2022-10-10,29.375,-1.875,1.4711978
2022-10-11,29.375,-1.875,1.4243993
2022-10-12,29.375,-1.875,7.322037
2022-10-13,29.375,-1.875,0.018401036
2022-10-14,29.375,-1.875,0.0
2022-10-15,29.375,-1.875,2.813601
2022-10-16,29.375,-1.875,22.147402
2022-10-17,29.375,-1.875,0.83419657
2022-10-18,29.375,-1.875,6.366351
2022-10-19,29.375,-1.875,13.423602
2022-10-20,29.375,-1.875,2.051031
2022-10-21,29.375,-1.875,5.4376435
2022-10-22,29.375,-1.875,0.07440098
2022-10-23,29.375,-1.875,0.034801643
2022-10-24,29.375,-1.875,0.00579977
2022-10-25,29.375,-1.875,0.12520215
2022-10-26,29.375,-1.875,0.041400887
2022-10-27,29.375,-1.875,1.6556115
2022-10-28,29.375,-1.875,0.21960178
2022-10-29,29.375,-1.875,1.937568
2022-10-30,29.375,-1.875,0.46620867
2022-10-31,29.375,-1.875,0.8530155
2022-11-01,29.375,-1.875,0.10059981
2022-11-02,29.375,-1.875,10.369457
2022-11-03,29.375,-1.875,0.40899715
2022-11-04,29.375,-1.875,3.8174186
2022-11-05,29.375,-1.875,6.9714518
2022-11-06,29.375,-1.875,5.364878
2022-11-07,29.375,-1.875,0.47139388
2022-11-08,29.375,-1.875,4.3193946
2022-11-09,29.375,-1.875,20.110598
2022-11-10,29.375,-1.875,12.589481
2022-11-11,29.375,-1.875,2.4620147
2022-11-12,29.375,-1.875,19.36006
2022-11-13,29.375,-1.875,4.939149
2022-11-14,29.375,-1.875,2.831809
2022-11-15,29.375,-1.875,26.018583
2022-11-16,29.375,-1.875,2.4363942
2022-11-17,29.375,-1.875,13.850988
2022-11-18,29.375,-1.875,5.7547865
2022-11-19,29.375,-1.875,3.7345183
2022-11-20,29.375,-1.875,14.550843
2022-11-21,29.375,-1.875,11.326594
2022-11-22,29.375,-1.875,8.833024
2022-11-23,29.375,-1.875,1.758791
2022-11-24,29.375,-1.875,0.057401203
2022-11-25,29.375,-1.875,3.4808252
2022-11-26,29.375,-1.875,1.9353914
2022-11-27,29.375,-1.875,3.8011842
2022-11-28,29.375,-1.875,3.01599
2022-11-29,29.375,-1.875,1.4463648
2022-11-30,29.375,-1.875,4.6897907
2022-12-01,29.375,-1.875,1.5991883
2022-12-02,29.375,-1.875,1.0302402
2022-12-03,29.375,-1.875,3.8962483
2022-12-04,29.375,-1.875,0.6107887
2022-12-05,29.375,-1.875,5.9409733
2022-12-06,29.375,-1.875,2.1675885
2022-12-07,29.375,-1.875,3.1943674
2022-12-08,29.375,-1.875,0.34620374
2022-12-09,29.375,-1.875,8.463022
2022-12-10,29.375,-1.875,3.7536454
2022-12-11,29.375,-1.875,1.8117979
2022-12-12,29.375,-1.875,14.127572
2022-12-13,29.375,-1.875,1.7124077
2022-12-14,29.375,-1.875,6.3092504
2022-12-15,29.375,-1.875,1.4833865
2022-12-16,29.375,-1.875,0.12860402
2022-12-17,29.375,-1.875,0.0
2022-12-18,29.375,-1.875,7.4305253
2022-12-19,29.375,-1.875,0.036800154
2022-12-20,29.375,-1.875,16.631828
2022-12-21,29.375,-1.875,1.8449957
2022-12-22,29.375,-1.875,3.3209548
2022-12-23,29.375,-1.875,11.420008
2022-12-24,29.375,-1.875,1.6025621
2022-12-25,29.375,-1.875,0.4347963
2022-12-26,29.375,-1.875,10.381007
2022-12-27,29.375,-1.875,1.950418
2022-12-28,29.375,-1.875,1.3605629
2022-12-29,29.375,-1.875,11.43358
2022-12-30,29.375,-1.875,1.4114138
2022-12-31,29.375,-1.875,1.0975977
2023-01-01,29.375,-1.875,0.0
2023-01-02,29.375,-1.875,0.0
2023-01-03,29.375,-1.875,0.0038002143
2023-01-04,29.375,-1.875,0.018399209
2023-01-05,29.375,-1.875,0.005000099
2023-01-06,29.375,-1.875,0.050602853
2023-01-07,29.375,-1.875,0.0870049
2023-01-08,29.375,-1.875,2.4383492
2023-01-09,29.375,-1.875,3.1024919
2023-01-10,29.375,-1.875,2.3229945
2023-01-11,29.375,-1.875,3.2790148
2023-01-12,29.375,-1.875,10.872528
2023-01-13,29.375,-1.875,0.8058026
2023-01-14,29.375,-1.875,6.0721836
2023-01-15,29.375,-1.875,5.447729
2023-01-16,29.375,-1.875,0.056001306
2023-01-17,29.375,-1.875,0.0
2023-01-18,29.375,-1.875,7.3179655
2023-01-19,29.375,-1.875,1.7787856
2023-01-20,29.375,-1.875,1.340238
2023-01-21,29.375,-1.875,2.889271
2023-01-22,29.375,-1.875,1.0244172
2023-01-23,29.375,-1.875,3.4078045
2023-01-24,29.375,-1.875,1.8739713
2023-01-25,29.375,-1.875,0.032799236
2023-01-26,29.375,-1.875,3.8833723
2023-01-27,29.375,-1.875,2.4621673
2023-01-28,29.375,-1.875,0.0
2023-01-29,29.375,-1.875,0.10740082
2023-01-30,29.375,-1.875,1.4062364
2023-01-31,29.375,-1.875,0.0
2023-02-01,29.375,-1.875,0.58623266
2023-02-02,29.375,-1.875,4.250323
2023-02-03,29.375,-1.875,0.0039999206
2023-02-04,29.375,-1.875,0.07379825
2023-02-05,29.375,-1.875,0.90660137
2023-02-06,29.375,-1.875,0.22060163
2023-02-07,29.375,-1.875,1.9983838
2023-02-08,29.375,-1.875,1.8071632
2023-02-09,29.375,-1.875,8.627002
2023-02-10,29.375,-1.875,0.4978164
2023-02-11,29.375,-1.875,0.20960075
2023-02-12,29.375,-1.875,1.8092326
2023-02-13,29.375,-1.875,0.030399194
2023-02-14,29.375,-1.875,0.0
2023-02-15,29.375,-1.875,0.078799486
2023-02-16,29.375,-1.875,0.17559323
2023-02-17,29.375,-1.875,0.0
2023-02-18,29.375,-1.875,0.0
2023-02-19,29.375,-1.875,0.0
2023-02-20,29.375,-1.875,0.103195556
2023-02-21,29.375,-1.875,3.0912058
2023-02-22,29.375,-1.875,0.3181931
2023-02-23,29.375,-1.875,1.8779889
2023-02-24,29.375,-1.875,9.385144
2023-02-25,29.375,-1.875,2.7501879
2023-02-26,29.375,-1.875,0.9970209
2023-02-27,29.375,-1.875,1.4948484
2023-02-28,29.375,-1.875,8.08321
2023-03-01,29.375,-1.875,2.2217858
2023-03-02,29.375,-1.875,5.2887487
2023-03-03,29.375,-1.875,3.4151316
2023-03-04,29.375,-1.875,2.8619976
2023-03-05,29.375,-1.875,0.0
2023-03-06,29.375,-1.875,0.013200678
2023-03-07,29.375,-1.875,0.0
2023-03-08,29.375,-1.875,0.0
2023-03-09,29.375,-1.875,13.691522
2023-03-10,29.375,-1.875,16.5584
2023-03-11,29.375,-1.875,5.210553
2023-03-12,29.375,-1.875,5.3432117
2023-03-13,29.375,-1.875,11.884522
2023-03-14,29.375,-1.875,21.289206
2023-03-15,29.375,-1.875,15.051376
2023-03-16,29.375,-1.875,1.9348238
2023-03-17,29.375,-1.875,16.454264
2023-03-18,29.375,-1.875,0.28239667
2023-03-19,29.375,-1.875,2.226457
2023-03-20,29.375,-1.875,1.4799937
2023-03-21,29.375,-1.875,8.184744
2023-03-22,29.375,-1.875,3.0563555
2023-03-23,29.375,-1.875,12.74365
2023-03-24,29.375,-1.875,4.6354375
2023-03-25,29.375,-1.875,8.758582
2023-03-26,29.375,-1.875,2.5918374
2023-03-27,29.375,-1.875,6.450792
2023-03-28,29.375,-1.875,4.415636
2023-03-29,29.375,-1.875,0.86002445
2023-03-30,29.375,-1.875,0.971646
2023-03-31,29.375,-1.875,12.854656
2023-04-01,29.375,-1.875,5.457244
2023-04-02,29.375,-1.875,29.2601
2023-04-03,29.375,-1.875,12.345324
2023-04-04,29.375,-1.875,4.8860407
2023-04-05,29.375,-1.875,6.82513
2023-04-06,29.375,-1.875,1.0754287
2023-04-07,29.375,-1.875,0.066399455
2023-04-08,29.375,-1.875,3.1606586
2023-04-09,29.375,-1.875,6.8975406
2023-04-10,29.375,-1.875,0.5495995
2023-04-11,29.375,-1.875,0.38321507
2023-04-12,29.375,-1.875,0.71180415
2023-04-13,29.375,-1.875,2.9624074
2023-04-14,29.375,-1.875,8.690278
2023-04-15,29.375,-1.875,8.48012
2023-04-16,29.375,-1.875,15.033417
2023-04-17,29.375,-1.875,1.3528275
2023-04-18,29.375,-1.875,8.281111
2023-04-19,29.375,-1.875,4.597712
2023-04-20,29.375,-1.875,1.4778205
2023-04-21,29.375,-1.875,2.806395
2023-04-22,29.375,-1.875,22.33932
2023-04-23,29.375,-1.875,2.7880063
2023-04-24,29.375,-1.875,7.0448914
2023-04-25,29.375,-1.875,3.1922684
2023-04-26,29.375,-1.875,4.115729
2023-04-27,29.375,-1.875,2.6082418
2023-04-28,29.375,-1.875,6.1626387
2023-04-29,29.375,-1.875,14.296607
2023-04-30,29.375,-1.875,18.892544
2023-05-01,29.375,-1.875,14.135154
2023-05-02,29.375,-1.875,50.42342
2023-05-03,29.375,-1.875,30.844658
2023-05-04,29.375,-1.875,15.375204
2023-05-05,29.375,-1.875,0.08559875
2023-05-06,29.375,-1.875,1.1666136
2023-05-07,29.375,-1.875,0.035201155
2023-05-08,29.375,-1.875,0.61078465
2023-05-09,29.375,-1.875,13.777725
2023-05-10,29.375,-1.875,9.826
2023-05-11,29.375,-1.875,1.238194
2023-05-12,29.375,-1.875,0.09460507
2023-05-13,29.375,-1.875,0.0016000238
2023-05-14,29.375,-1.875,0.0
2023-05-15,29.375,-1.875,0.0
2023-05-16,29.375,-1.875,0.0
2023-05-17,29.375,-1.875,4.043211
2023-05-18,29.375,-1.875,0.40002257
2023-05-19,29.375,-1.875,0.110606164
2023-05-20,29.375,-1.875,0.07260137
2023-05-21,29.375,-1.875,0.0
2023-05-22,29.375,-1.875,0.0
2023-05-23,29.375,-1.875,0.008400078
2023-05-24,29.375,-1.875,12.275959
2023-05-25,29.375,-1.875,0.19060363
2023-05-26,29.375,-1.875,0.00040002255
2023-05-27,29.375,-1.875,0.34860265
2023-05-28,29.375,-1.875,0.0
2023-05-29,29.375,-1.875,0.0
2023-05-30,29.375,-1.875,0.0
2023-05-31,29.375,-1.875,0.0
2023-06-01,29.375,-1.875,0.0
2023-06-02,29.375,-1.875,0.0
2023-06-03,29.375,-1.875,0.0
2023-06-04,29.375,-1.875,0.29981604
2023-06-05,29.375,-1.875,0.10780358
2023-06-06,29.375,-1.875,0.0
2023-06-07,29.375,-1.875,0.0
2023-06-08,29.375,-1.875,0.0
2023-06-09,29.375,-1.875,0.0
2023-06-10,29.375,-1.875,0.02160032
2023-06-11,29.375,-1.875,0.0
2023-06-12,29.375,-1.875,0.56362647
2023-06-13,29.375,-1.875,2.6047695
2023-06-14,29.375,-1.875,0.736409
2023-06-15,29.375,-1.875,0.16600177
2023-06-16,29.375,-1.875,0.0
2023-06-17,29.375,-1.875,0.0138007775
2023-06-18,29.375,-1.875,0.14860569
2023-06-19,29.375,-1.875,3.0588365
2023-06-20,29.375,-1.875,0.07880312
2023-06-21,29.375,-1.875,0.751625
2023-06-22,29.375,-1.875,2.4512038
2023-06-23,29.375,-1.875,12.426026
2023-06-24,29.375,-1.875,5.99098
2023-06-25,29.375,-1.875,0.15560594
2023-06-26,29.375,-1.875,0.48759127
2023-06-27,29.375,-1.875,0.17119811
2023-06-28,29.375,-1.875,0.007600113
2023-06-29,29.375,-1.875,0.3986071
2023-06-30,29.375,-1.875,0.4259926
2023-07-01,29.375,-1.875,0.0
2023-07-02,29.375,-1.875,0.06860325
2023-07-03,29.375,-1.875,0.0
2023-07-04,29.375,-1.875,0.0
2023-07-05,29.375,-1.875,0.037598543
2023-07-06,29.375,-1.875,3.2847857
2023-07-07,29.375,-1.875,0.18280359
2023-07-08,29.375,-1.875,0.010000149
2023-07-09,29.375,-1.875,0.0
2023-07-10,29.375,-1.875,0.42880237
2023-07-11,29.375,-1.875,0.085198805
2023-07-12,29.375,-1.875,0.0007999655
2023-07-13,29.375,-1.875,0.0
2023-07-14,29.375,-1.875,0.0
2023-07-15,29.375,-1.875,0.0
2023-07-16,29.375,-1.875,0.0
2023-07-17,29.375,-1.875,0.0
2023-07-18,29.375,-1.875,0.0
2023-07-19,29.375,-1.875,0.0
2023-07-20,29.375,-1.875,0.0
2023-07-21,29.375,-1.875,0.0
2023-07-22,29.375,-1.875,0.0
2023-07-23,29.375,-1.875,0.0
2023-07-24,29.375,-1.875,0.0
2023-07-25,29.375,-1.875,0.0
2023-07-26,29.375,-1.875,0.0
2023-07-27,29.375,-1.875,0.0
2023-07-28,29.375,-1.875,0.0
2023-07-29,29.375,-1.875,0.0
2023-07-30,29.375,-1.875,0.0
2023-07-31,29.375,-1.875,0.0
2023-08-01,29.375,-1.875,0.0
2023-08-02,29.375,-1.875,0.32301772
2023-08-03,29.375,-1.875,0.22780436
2023-08-04,29.375,-1.875,0.030401714
2023-08-05,29.375,-1.875,0.0
2023-08-06,29.375,-1.875,0.004799793
2023-08-07,29.375,-1.875,0.007600279
2023-08-08,29.375,-1.875,2.2082648
2023-08-09,29.375,-1.875,0.5474128
2023-08-10,29.375,-1.875,0.006200349
2023-08-11,29.375,-1.875,0.0
2023-08-12,29.375,-1.875,0.012600711
2023-08-13,29.375,-1.875,0.0055997586
2023-08-14,29.375,-1.875,0.6149758
2023-08-15,29.375,-1.875,0.07400009
2023-08-16,29.375,-1.875,0.0
2023-08-17,29.375,-1.875,0.0
2023-08-18,29.375,-1.875,0.01080016
2023-08-19,29.375,-1.875,1.620811
2023-08-20,29.375,-1.875,0.001599931
2023-08-21,29.375,-1.875,0.0
2023-08-22,29.375,-1.875,0.02680151
2023-08-23,29.375,-1.875,0.0
2023-08-24,29.375,-1.875,0.0
2023-08-25,29.375,-1.875,0.2540014
2023-08-26,29.375,-1.875,10.895782
2023-08-27,29.375,-1.875,0.18860538
2023-08-28,29.375,-1.875,0.0008000119
2023-08-29,29.375,-1.875,0.0
2023-08-30,29.375,-1.875,0.0
2023-08-31,29.375,-1.875,0.84084344
2023-09-01,29.375,-1.875,1.5406082
2023-09-02,29.375,-1.875,0.3455962
2023-09-03,29.375,-1.875,0.10999607
2023-09-04,29.375,-1.875,0.027601555
2023-09-05,29.375,-1.875,0.49400464
2023-09-06,29.375,-1.875,5.1268005
2023-09-07,29.375,-1.875,4.285508
2023-09-08,29.375,-1.875,2.8776178
2023-09-09,29.375,-1.875,1.1822191
2023-09-10,29.375,-1.875,3.593601
2023-09-11,29.375,-1.875,1.4974247
2023-09-12,29.375,-1.875,9.974765
2023-09-13,29.375,-1.875,11.1669655
2023-09-14,29.375,-1.875,0.11519777
2023-09-15,29.375,-1.875,0.017600693
2023-09-16,29.375,-1.875,4.327591
2023-09-17,29.375,-1.875,2.8899853
2023-09-18,29.375,-1.875,5.6076455
2023-09-19,29.375,-1.875,3.9931898
2023-09-20,29.375,-1.875,10.859595
2023-09-21,29.375,-1.875,0.9323797
2023-09-22,29.375,-1.875,0.30098957
2023-09-23,29.375,-1.875,0.45560536
2023-09-24,29.375,-1.875,0.03360056
2023-09-25,29.375,-1.875,3.3250031
2023-09-26,29.375,-1.875,4.697221
2023-09-27,29.375,-1.875,3.077588
2023-09-28,29.375,-1.875,5.933607
2023-09-29,29.375,-1.875,0.5100218
2023-09-30,29.375,-1.875,2.133016
2023-10-01,29.375,-1.875,1.5088439
2023-10-02,29.375,-1.875,1.7873898
2023-10-03,29.375,-1.875,0.10900533
2023-10-04,29.375,-1.875,0.0
2023-10-05,29.375,-1.875,0.0076004285
2023-10-06,29.375,-1.875,0.012000676
2023-10-07,29.375,-1.875,0.12559749
2023-10-08,29.375,-1.875,1.3265959
2023-10-09,29.375,-1.875,0.32518673
2023-10-10,29.375,-1.875,2.8348517
2023-10-11,29.375,-1.875,3.3740523
2023-10-12,29.375,-1.875,0.33699536
2023-10-13,29.375,-1.875,0.019200517
2023-10-14,29.375,-1.875,16.079613
2023-10-15,29.375,-1.875,14.419319
2023-10-16,29.375,-1.875,10.578516
2023-10-17,29.375,-1.875,8.130468
2023-10-18,29.375,-1.875,1.2157936
2023-10-19,29.375,-1.875,1.1443951
2023-10-20,29.375,-1.875,0.60899794
2023-10-21,29.375,-1.875,0.74779826
2023-10-22,29.375,-1.875,0.33540323
2023-10-23,29.375,-1.875,3.0315676
2023-10-24,29.375,-1.875,1.1885866
2023-10-25,29.375,-1.875,5.504252
2023-10-26,29.375,-1.875,0.016000569
2023-10-27,29.375,-1.875,2.212181
2023-10-28,29.375,-1.875,0.48000503
2023-10-29,29.375,-1.875,2.3344288
2023-10-30,29.375,-1.875,0.16380632
2023-10-31,29.375,-1.875,1.0554342
2023-11-01,29.375,-1.875,0.1420006
2023-11-02,29.375,-1.875,3.9987876
2023-11-03,29.375,-1.875,2.8650434
2023-11-04,29.375,-1.875,0.79181653
2023-11-05,29.375,-1.875,4.1108212
2023-11-06,29.375,-1.875,7.122319
2023-11-07,29.375,-1.875,0.5223935
2023-11-08,29.375,-1.875,4.6023827
2023-11-09,29.375,-1.875,2.188806
2023-11-10,29.375,-1.875,5.136049
2023-11-11,29.375,-1.875,3.61682
2023-11-12,29.375,-1.875,2.5908403
2023-11-13,29.375,-1.875,2.3639712
2023-11-14,29.375,-1.875,1.2930045
2023-11-15,29.375,-1.875,8.106364
2023-11-16,29.375,-1.875,1.7418321
2023-11-17,29.375,-1.875,3.569888
2023-11-18,29.375,-1.875,1.4629722
2023-11-19,29.375,-1.875,0.66558766
2023-11-20,29.375,-1.875,1.4681964
2023-11-21,29.375,-1.875,4.773929
2023-11-22,29.375,-1.875,2.084973
2023-11-23,29.375,-1.875,3.639358
2023-11-24,29.375,-1.875,6.985409
2023-11-25,29.375,-1.875,7.81099
2023-11-26,29.375,-1.875,0.6126015
2023-11-27,29.375,-1.875,11.935524
2023-11-28,29.375,-1.875,2.511048
2023-11-29,29.375,-1.875,9.257482
2023-11-30,29.375,-1.875,4.743888
2023-12-01,29.375,-1.875,3.6491876
2023-12-02,29.375,-1.875,0.049999837
2023-12-03,29.375,-1.875,0.77241325
2023-12-04,29.375,-1.875,1.4425983
2023-12-05,29.375,-1.875,1.6807691
2023-12-06,29.375,-1.875,6.1281915
2023-12-07,29.375,-1.875,0.29140627
2023-12-08,29.375,-1.875,2.2511756
2023-12-09,29.375,-1.875,3.112963
2023-12-10,29.375,-1.875,4.344362
2023-12-11,29.375,-1.875,2.763184
2023-12-12,29.375,-1.875,0.5930029
2023-12-13,29.375,-1.875,4.428778
2023-12-14,29.375,-1.875,3.1226506
2023-12-15,29.375,-1.875,0.13400756
2023-12-16,29.375,-1.875,2.9960759
2023-12-17,29.375,-1.875,0.11860256
2023-12-18,29.375,-1.875,0.026000965
2023-12-19,29.375,-1.875,0.0
2023-12-20,29.375,-1.875,1.0668006
2023-12-21,29.375,-1.875,4.305047
2023-12-22,29.375,-1.875,3.7968543
2023-12-23,29.375,-1.875,1.9943242
2023-12-24,29.375,-1.875,0.24080458
2023-12-25,29.375,-1.875,5.474428
2023-12-26,29.375,-1.875,12.9033785
2023-12-27,29.375,-1.875,23.738096
2023-12-28,29.375,-1.875,8.068183
2023-12-29,29.375,-1.875,4.0230346
2023-12-30,29.375,-1.875,12.91444
2023-12-31,29.375,-1.875,3.0158105
2024-01-01,29.375,-1.875,6.627715
2024-01-02,29.375,-1.875,3.8228068
2024-01-03,29.375,-1.875,10.51003
2024-01-04,29.375,-1.875,2.2373908
2024-01-05,29.375,-1.875,0.91023076
2024-01-06,29.375,-1.875,12.343876
2024-01-07,29.375,-1.875,2.5258124
2024-01-08,29.375,-1.875,1.9092234
2024-01-09,29.375,-1.875,4.2608013
2024-01-10,29.375,-1.875,6.8382177
2024-01-11,29.375,-1.875,7.8847694
2024-01-12,29.375,-1.875,10.388208
2024-01-13,29.375,-1.875,6.9229283
2024-01-14,29.375,-1.875,4.904369
2024-01-15,29.375,-1.875,10.284323
2024-01-16,29.375,-1.875,7.14938
2024-01-17,29.375,-1.875,5.0983496
2024-01-18,29.375,-1.875,2.923616
2024-01-19,29.375,-1.875,1.0846351
2024-01-20,29.375,-1.875,1.4783982
2024-01-21,29.375,-1.875,1.9795644
2024-01-22,29.375,-1.875,0.12240073
2024-01-23,29.375,-1.875,0.63580686
2024-01-24,29.375,-1.875,0.14959882
2024-01-25,29.375,-1.875,3.1355824
2024-01-26,29.375,-1.875,6.158271
2024-01-27,29.375,-1.875,5.2592573
2024-01-28,29.375,-1.875,0.14460029
2024-01-29,29.375,-1.875,12.618035
2024-01-30,29.375,-1.875,7.155604
2024-01-31,29.375,-1.875,22.29029
2024-02-01,29.375,-1.875,6.378942
2024-02-02,29.375,-1.875,0.047400925
2024-02-03,29.375,-1.875,1.4229903
2024-02-04,29.375,-1.875,3.5907984
2024-02-05,29.375,-1.875,8.194202
2024-02-06,29.375,-1.875,3.9468117
2024-02-07,29.375,-1.875,0.0
2024-02-08,29.375,-1.875,0.25820458
2024-02-09,29.375,-1.875,0.41179854
2024-02-10,29.375,-1.875,4.1033707
2024-02-11,29.375,-1.875,0.3228061
2024-02-12,29.375,-1.875,0.2726031
2024-02-13,29.375,-1.875,2.8243966
2024-02-14,29.375,-1.875,5.0214043
2024-02-15,29.375,-1.875,9.221757
2024-02-16,29.375,-1.875,0.7014149
2024-02-17,29.375,-1.875,2.8764935
2024-02-18,29.375,-1.875,7.9044123
2024-02-19,29.375,-1.875,4.0637984
2024-02-20,29.375,-1.875,1.5213737
2024-02-21,29.375,-1.875,0.076402545
2024-02-22,29.375,-1.875,0.09140271
2024-02-23,29.375,-1.875,0.2786
2024-02-24,29.375,-1.875,0.16740602
2024-02-25,29.375,-1.875,1.3979518
2024-02-26,29.375,-1.875,1.7371954
2024-02-27,29.375,-1.875,10.569971
2024-02-28,29.375,-1.875,5.0694575
2024-02-29,29.375,-1.875,9.98069
2024-03-01,29.375,-1.875,3.1382065
2024-03-02,29.375,-1.875,0.045801617
2024-03-03,29.375,-1.875,4.681375
2024-03-04,29.375,-1.875,2.0359986
2024-03-05,29.375,-1.875,6.4275923
2024-03-06,29.375,-1.875,0.2808038
2024-03-07,29.375,-1.875,0.0055997586
2024-03-08,29.375,-1.875,0.28978926
2024-03-09,29.375,-1.875,2.6967049
2024-03-10,29.375,-1.875,0.31881183
2024-03-11,29.375,-1.875,0.14960216
2024-03-12,29.375,-1.875,0.18319884
2024-03-13,29.375,-1.875,0.0
2024-03-14,29.375,-1.875,1.8101544
2024-03-15,29.375,-1.875,2.3472276
2024-03-16,29.375,-1.875,0.0
2024-03-17,29.375,-1.875,0.0
2024-03-18,29.375,-1.875,0.0
2024-03-19,29.375,-1.875,11.631486
2024-03-20,29.375,-1.875,7.877369
2024-03-21,29.375,-1.875,2.2107422
2024-03-22,29.375,-1.875,1.1217855
2024-03-23,29.375,-1.875,5.831955
2024-03-24,29.375,-1.875,7.4034004
2024-03-25,29.375,-1.875,12.7390375
2024-03-26,29.375,-1.875,1.0686011
2024-03-27,29.375,-1.875,1.2860208
2024-03-28,29.375,-1.875,1.4447815
2024-03-29,29.375,-1.875,1.5670209
2024-03-30,29.375,-1.875,7.4763093
2024-03-31,29.375,-1.875,10.860569
2024-04-01,29.375,-1.875,0.85841227
2024-04-02,29.375,-1.875,2.0606027
2024-04-03,29.375,-1.875,21.68547
2024-04-04,29.375,-1.875,3.393408
2024-04-05,29.375,-1.875,1.6131845
2024-04-06,29.375,-1.875,1.2417861
2024-04-07,29.375,-1.875,5.8218045
2024-04-08,29.375,-1.875,12.4226885
2024-04-09,29.375,-1.875,3.3973866
2024-04-10,29.375,-1.875,8.084379
2024-04-11,29.375,-1.875,3.0836134
2024-04-12,29.375,-1.875,2.5527434
2024-04-13,29.375,-1.875,6.6356406
2024-04-14,29.375,-1.875,1.4692175
2024-04-15,29.375,-1.875,5.3929543
2024-04-16,29.375,-1.875,5.0598884
2024-04-17,29.375,-1.875,0.058798786
2024-04-18,29.375,-1.875,0.03559919
2024-04-19,29.375,-1.875,9.432402
2024-04-20,29.375,-1.875,15.25338
2024-04-21,29.375,-1.875,9.8544855
2024-04-22,29.375,-1.875,0.04500047
2024-04-23,29.375,-1.875,0.98839414
2024-04-24,29.375,-1.875,4.3346167
2024-04-25,29.375,-1.875,7.266151
2024-04-26,29.375,-1.875,2.1402123
2024-04-27,29.375,-1.875,11.807416
2024-04-28,29.375,-1.875,12.002734
2024-04-29,29.375,-1.875,7.5050435
2024-04-30,29.375,-1.875,8.803637
2024-05-01,29.375,-1.875,2.3847446
2024-05-02,29.375,-1.875,21.531282
2024-05-03,29.375,-1.875,4.8488326
2024-05-04,29.375,-1.875,10.224213
2024-05-05,29.375,-1.875,1.0244251
2024-05-06,29.375,-1.875,0.3682081
2024-05-07,29.375,-1.875,0.11720176
2024-05-08,29.375,-1.875,0.23300527
2024-05-09,29.375,-1.875,7.8113213
2024-05-10,29.375,-1.875,3.7818081
2024-05-11,29.375,-1.875,3.0782003
2024-05-12,29.375,-1.875,0.044001453
2024-05-13,29.375,-1.875,0.0
2024-05-14,29.375,-1.875,0.0
2024-05-15,29.375,-1.875,2.596826
2024-05-16,29.375,-1.875,0.08319642
2024-05-17,29.375,-1.875,0.07139702
2024-05-18,29.375,-1.875,0.7352232
2024-05-19,29.375,-1.875,9.899931
2024-05-20,29.375,-1.875,0.82379913
2024-05-21,29.375,-1.875,9.363874
2024-05-22,29.375,-1.875,1.2183511
2024-05-23,29.375,-1.875,0.0
2024-05-24,29.375,-1.875,0.0
2024-05-25,29.375,-1.875,0.0
2024-05-26,29.375,-1.875,0.13360521
2024-05-27,29.375,-1.875,0.0638022
2024-05-28,29.375,-1.875,0.0068003824
2024-05-29,29.375,-1.875,0.00880013
2024-05-30,29.375,-1.875,1.2939847
2024-05-31,29.375,-1.875,5.988778
2024-06-01,29.375,-1.875,1.057025
2024-06-02,29.375,-1.875,0.18520762
2024-06-03,29.375,-1.875,0.77061987
2024-06-04,29.375,-1.875,1.619445
2024-06-05,29.375,-1.875,0.0048002703
2024-06-06,29.375,-1.875,0.0
2024-06-07,29.375,-1.875,0.0
2024-06-08,29.375,-1.875,0.0
2024-06-09,29.375,-1.875,0.0
2024-06-10,29.375,-1.875,0.054203056
2024-06-11,29.375,-1.875,0.0044002477
2024-06-12,29.375,-1.875,0.0
2024-06-13,29.375,-1.875,0.0
2024-06-14,29.375,-1.875,0.0
2024-06-15,29.375,-1.875,1.8690171
2024-06-16,29.375,-1.875,9.176304
2024-06-17,29.375,-1.875,1.729535
2024-06-18,29.375,-1.875,0.0
2024-06-19,29.375,-1.875,0.0
2024-06-20,29.375,-1.875,0.0
2024-06-21,29.375,-1.875,0.08619726
2024-06-22,29.375,-1.875,0.0
2024-06-23,29.375,-1.875,0.0
2024-06-24,29.375,-1.875,0.0
2024-06-25,29.375,-1.875,0.0
2024-06-26,29.375,-1.875,0.0
2024-06-27,29.375,-1.875,0.0
2024-06-28,29.375,-1.875,0.0
2024-06-29,29.375,-1.875,0.0
2024-06-30,29.375,-1.875,0.0
2024-07-01,29.375,-1.875,0.0076004285
2024-07-02,29.375,-1.875,0.008400474
2024-07-03,29.375,-1.875,0.0
2024-07-04,29.375,-1.875,0.0
2024-07-05,29.375,-1.875,0.0
2024-07-06,29.375,-1.875,0.14320406
2024-07-07,29.375,-1.875,5.3246937
2024-07-08,29.375,-1.875,16.821436
2024-07-09,29.375,-1.875,0.6491922
2024-07-10,29.375,-1.875,0.00039998276
2024-07-11,29.375,-1.875,0.012399467
2024-07-12,29.375,-1.875,0.0
2024-07-13,29.375,-1.875,0.0
2024-07-14,29.375,-1.875,0.0
2024-07-15,29.375,-1.875,0.0
2024-07-16,29.375,-1.875,0.0
2024-07-17,29.375,-1.875,0.08780447
2024-07-18,29.375,-1.875,0.0
2024-07-19,29.375,-1.875,0.0
2024-07-20,29.375,-1.875,0.0008000451
2024-07-21,29.375,-1.875,0.0
2024-07-22,29.375,-1.875,0.6210202
2024-07-23,29.375,-1.875,0.048798397
2024-07-24,29.375,-1.875,0.29621142
2024-07-25,29.375,-1.875,0.0
2024-07-26,29.375,-1.875,0.0
2024-07-27,29.375,-1.875,0.00040002255
2024-07-28,29.375,-1.875,0.0
2024-07-29,29.375,-1.875,0.0
2024-07-30,29.375,-1.875,0.0
2024-07-31,29.375,-1.875,0.03399998
2024-08-01,29.375,-1.875,0.6458025
2024-08-02,29.375,-1.875,0.0
2024-08-03,29.375,-1.875,0.0
2024-08-04,29.375,-1.875,0.0
2024-08-05,29.375,-1.875,0.0
2024-08-06,29.375,-1.875,0.0
2024-08-07,29.375,-1.875,0.0
2024-08-08,29.375,-1.875,0.0
2024-08-09,29.375,-1.875,0.111399725
2024-08-10,29.375,-1.875,0.12300322
2024-08-11,29.375,-1.875,1.4370576
2024-08-12,29.375,-1.875,0.27561545
2024-08-13,29.375,-1.875,0.005999741
2024-08-14,29.375,-1.875,8.600155
2024-08-15,29.375,-1.875,9.541822
2024-08-16,29.375,-1.875,0.0
2024-08-17,29.375,-1.875,0.0
2024-08-18,29.375,-1.875,0.0
2024-08-19,29.375,-1.875,0.0
2024-08-20,29.375,-1.875,0.0
2024-08-21,29.375,-1.875,7.239358
2024-08-22,29.375,-1.875,3.387432
2024-08-23,29.375,-1.875,0.077601425
2024-08-24,29.375,-1.875,0.0
2024-08-25,29.375,-1.875,0.42179358
2024-08-26,29.375,-1.875,0.0060002385
2024-08-27,29.375,-1.875,0.9042506
2024-08-28,29.375,-1.875,2.3397882
2024-08-29,29.375,-1.875,8.549191
2024-08-30,29.375,-1.875,0.112397425
2024-08-31,29.375,-1.875,0.054602947
2024-09-01,29.375,-1.875,0.0
2024-09-02,29.375,-1.875,0.17719588
2024-09-03,29.375,-1.875,0.0
2024-09-04,29.375,-1.875,0.83580506
2024-09-05,29.375,-1.875,0.00020001127
2024-09-06,29.375,-1.875,0.014800784
2024-09-07,29.375,-1.875,3.8208857
2024-09-08,29.375,-1.875,0.058003236
2024-09-09,29.375,-1.875,5.213509
2024-09-10,29.375,-1.875,0.021401206
2024-09-11,29.375,-1.875,0.023801342
2024-09-12,29.375,-1.875,0.0007999655
2024-09-13,29.375,-1.875,0.07360335
2024-09-14,29.375,-1.875,0.001400079
2024-09-15,29.375,-1.875,0.011400643
2024-09-16,29.375,-1.875,0.1217999
2024-09-17,29.375,-1.875,0.005200253
2024-09-18,29.375,-1.875,5.0522275
2024-09-19,29.375,-1.875,2.0787592
2024-09-20,29.375,-1.875,18.934273
2024-09-21,29.375,-1.875,0.65021783
2024-09-22,29.375,-1.875,2.5225644
2024-09-23,29.375,-1.875,0.051202103
2024-09-24,29.375,-1.875,0.0
2024-09-25,29.375,-1.875,0.0
2024-09-26,29.375,-1.875,0.12959634
2024-09-27,29.375,-1.875,0.73277277
2024-09-28,29.375,-1.875,1.2497851
2024-09-29,29.375,-1.875,30.142143
2024-09-30,29.375,-1.875,4.3993554
2024-10-01,29.375,-1.875,10.706371
2024-10-02,29.375,-1.875,4.4839706
2024-10-03,29.375,-1.875,1.0101892
2024-10-04,29.375,-1.875,0.0
2024-10-05,29.375,-1.875,0.0
2024-10-06,29.375,-1.875,0.35080364
2024-10-07,29.375,-1.875,2.432414
2024-10-08,29.375,-1.875,2.8622193
2024-10-09,29.375,-1.875,0.25099435
2024-10-10,29.375,-1.875,0.2758036
2024-10-11,29.375,-1.875,7.2802525
2024-10-12,29.375,-1.875,0.13400269
2024-10-13,29.375,-1.875,0.008400407
2024-10-14,29.375,-1.875,0.6816063
2024-10-15,29.375,-1.875,0.034001105
2024-10-16,29.375,-1.875,7.9990196
2024-10-17,29.375,-1.875,0.9212094
2024-10-18,29.375,-1.875,0.60740113
2024-10-19,29.375,-1.875,5.513548
2024-10-20,29.375,-1.875,2.4298556
2024-10-21,29.375,-1.875,6.255708
2024-10-22,29.375,-1.875,2.7077785
2024-10-23,29.375,-1.875,5.466789
2024-10-24,29.375,-1.875,8.57812
2024-10-25,29.375,-1.875,4.294932
2024-10-26,29.375,-1.875,3.8240275
2024-10-27,29.375,-1.875,12.213824
2024-10-28,29.375,-1.875,4.619623
2024-10-29,29.375,-1.875,0.014400812
2024-10-30,29.375,-1.875,1.981401
2024-10-31,29.375,-1.875,0.59401566
2024-11-01,29.375,-1.875,7.5648594
2024-11-02,29.375,-1.875,0.4957929
2024-11-03,29.375,-1.875,0.81981075
2024-11-04,29.375,-1.875,0.6331806
2024-11-05,29.375,-1.875,1.4389985
2024-11-06,29.375,-1.875,8.190757
2024-11-07,29.375,-1.875,3.3065422
2024-11-08,29.375,-1.875,4.3055606
2024-11-09,29.375,-1.875,2.1872272
2024-11-10,29.375,-1.875,11.736958
2024-11-11,29.375,-1.875,8.569983
2024-11-12,29.375,-1.875,1.3478085
2024-11-13,29.375,-1.875,2.5194647
2024-11-14,29.375,-1.875,1.733008
2024-11-15,29.375,-1.875,1.3811932
2024-11-16,29.375,-1.875,13.52739
2024-11-17,29.375,-1.875,5.2183204
2024-11-18,29.375,-1.875,4.940734
2024-11-19,29.375,-1.875,0.21599406
2024-11-20,29.375,-1.875,7.0842214
2024-11-21,29.375,-1.875,16.737694
2024-11-22,29.375,-1.875,7.2953515
2024-11-23,29.375,-1.875,6.502803
2024-11-24,29.375,-1.875,28.284277
2024-11-25,29.375,-1.875,9.85701
2024-11-26,29.375,-1.875,15.110434
2024-11-27,29.375,-1.875,13.315489
2024-11-28,29.375,-1.875,2.6864235
2024-11-29,29.375,-1.875,6.0572133
2024-11-30,29.375,-1.875,9.708749
2024-12-01,29.375,-1.875,6.6570883
2024-12-02,29.375,-1.875,8.402774
2024-12-03,29.375,-1.875,8.514981
2024-12-04,29.375,-1.875,5.722337
2024-12-05,29.375,-1.875,12.579379
2024-12-06,29.375,-1.875,0.7450137
2024-12-07,29.375,-1.875,4.0815916
2024-12-08,29.375,-1.875,0.0
2024-12-09,29.375,-1.875,0.019201081
2024-12-10,29.375,-1.875,0.42118233
2024-12-11,29.375,-1.875,0.6734097
2024-12-12,29.375,-1.875,5.006293
2024-12-13,29.375,-1.875,0.5356047
2024-12-14,29.375,-1.875,1.7720212
2024-12-15,29.375,-1.875,0.731214
2024-12-16,29.375,-1.875,0.42778802
2024-12-17,29.375,-1.875,2.4824498
2024-12-18,29.375,-1.875,1.9074464
2024-12-19,29.375,-1.875,7.1788507
2024-12-20,29.375,-1.875,8.542238
2024-12-21,29.375,-1.875,3.1265838
2024-12-22,29.375,-1.875,0.118404225
2024-12-23,29.375,-1.875,18.521948
2024-12-24,29.375,-1.875,0.4100069
2024-12-25,29.375,-1.875,3.25198
2024-12-26,29.375,-1.875,0.4405937
2024-12-27,29.375,-1.875,1.5702233
2024-12-28,29.375,-1.875,0.025399989
2024-12-29,29.375,-1.875,0.0
2024-12-30,29.375,-1.875,0.0
2024-12-31,29.375,-1.875,0.0044002477
2025-01-01,29.375,-1.875,0.2515995
2025-01-02,29.375,-1.875,0.20999789
2025-01-03,29.375,-1.875,0.75140375
2025-01-04,29.375,-1.875,2.675918
2025-01-05,29.375,-1.875,9.295588
2025-01-06,29.375,-1.875,0.12480604
2025-01-07,29.375,-1.875,0.14299884
2025-01-08,29.375,-1.875,0.16039717
2025-01-09,29.375,-1.875,2.5191765
2025-01-10,29.375,-1.875,0.8039999
2025-01-11,29.375,-1.875,0.21680266
2025-01-12,29.375,-1.875,0.41860613
2025-01-13,29.375,-1.875,0.019999139
2025-01-14,29.375,-1.875,0.8007769
2025-01-15,29.375,-1.875,0.13720015
2025-01-16,29.375,-1.875,0.5910039
2025-01-17,29.375,-1.875,1.7195834
2025-01-18,29.375,-1.875,1.6913791
2025-01-19,29.375,-1.875,8.065162
2025-01-20,29.375,-1.875,11.921889
2025-01-21,29.375,-1.875,0.37299976
2025-01-22,29.375,-1.875,6.042392
2025-01-23,29.375,-1.875,1.7923896
2025-01-24,29.375,-1.875,7.424849
2025-01-25,29.375,-1.875,8.060731
2025-01-26,29.375,-1.875,2.4914148
2025-01-27,29.375,-1.875,1.358982
2025-01-28,29.375,-1.875,6.76653
2025-01-29,29.375,-1.875,6.4136767
2025-01-30,29.375,-1.875,2.8942387
2025-01-31,29.375,-1.875,4.4622707
2025-02-01,29.375,-1.875,
2025-02-02,29.375,-1.875,
2025-02-03,29.375,-1.875,
2025-02-04,29.375,-1.875,
2025-02-05,29.375,-1.875,
2025-02-06,29.375,-1.875,
2025-02-07,29.375,-1.875,
2025-02-08,29.375,-1.875,
2025-02-09,29.375,-1.875,
2025-02-10,29.375,-1.875,
2025-02-11,29.375,-1.875,
2025-02-12,29.375,-1.875,
2025-02-13,29.375,-1.875,
2025-02-14,29.375,-1.875,
2025-02-15,29.375,-1.875,
2025-02-16,29.375,-1.875,
2025-02-17,29.375,-1.875,
2025-02-18,29.375,-1.875,
2025-02-19,29.375,-1.875,
2025-02-20,29.375,-1.875,
2025-02-21,29.375,-1.875,
2025-02-22,29.375,-1.875,
2025-02-23,29.375,-1.875,
2025-02-24,29.375,-1.875,
2025-02-25,29.375,-1.875,
2025-02-26,29.375,-1.875,
2025-02-27,29.375,-1.875,
2025-02-28,29.375,-1.875,
2025-03-01,29.375,-1.875,0.6734052
2025-03-02,29.375,-1.875,1.2483983
2025-03-03,29.375,-1.875,0.38821495
2025-03-04,29.375,-1.875,2.438482
2025-03-05,29.375,-1.875,9.575198
2025-03-06,29.375,-1.875,0.0016000902
2025-03-07,29.375,-1.875,0.009600541
2025-03-08,29.375,-1.875,0.56440157
2025-03-09,29.375,-1.875,2.7277699
2025-03-10,29.375,-1.875,0.6615944
2025-03-11,29.375,-1.875,6.9063916
2025-03-12,29.375,-1.875,5.428745
2025-03-13,29.375,-1.875,0.7826385
2025-03-14,29.375,-1.875,6.45932
2025-03-15,29.375,-1.875,10.8008585
2025-03-16,29.375,-1.875,1.6232154
2025-03-17,29.375,-1.875,4.60986
2025-03-18,29.375,-1.875,11.373159
2025-03-19,29.375,-1.875,2.0556421
2025-03-20,29.375,-1.875,1.8698072
2025-03-21,29.375,-1.875,0.029001618
2025-03-22,29.375,-1.875,0.71037996
2025-03-23,29.375,-1.875,0.30539834
2025-03-24,29.375,-1.875,1.4368097
2025-03-25,29.375,-1.875,0.011199517
2025-03-26,29.375,-1.875,3.333674
2025-03-27,29.375,-1.875,5.5550766
2025-03-28,29.375,-1.875,3.6884599
2025-03-29,29.375,-1.875,1.6595995
2025-03-30,29.375,-1.875,3.9510894
2025-03-31,29.375,-1.875,6.1001086
2025-04-01,29.375,-1.875,4.935506
2025-04-02,29.375,-1.875,5.280138
2025-04-03,29.375,-1.875,1.5735685
2025-04-04,29.375,-1.875,0.056202505
2025-04-05,29.375,-1.875,2.6886005
2025-04-06,29.375,-1.875,17.467228
2025-04-07,29.375,-1.875,5.7255344
2025-04-08,29.375,-1.875,4.050172
2025-04-09,29.375,-1.875,0.03719907
2025-04-10,29.375,-1.875,3.1091595
2025-04-11,29.375,-1.875,5.4837656
2025-04-12,29.375,-1.875,7.6478605
2025-04-13,29.375,-1.875,4.6551137
2025-04-14,29.375,-1.875,1.8287783
2025-04-15,29.375,-1.875,8.56932
2025-04-16,29.375,-1.875,0.6013959
2025-04-17,29.375,-1.875,0.101004995
2025-04-18,29.375,-1.875,0.52680826
2025-04-19,29.375,-1.875,20.716646
2025-04-20,29.375,-1.875,8.004022
2025-04-21,29.375,-1.875,1.1021885
2025-04-22,29.375,-1.875,6.854699
2025-04-23,29.375,-1.875,11.881285
2025-04-24,29.375,-1.875,1.2420113
2025-04-25,29.375,-1.875,0.16840424
2025-04-26,29.375,-1.875,0.02100075
2025-04-27,29.375,-1.875,0.0
2025-04-28,29.375,-1.875,0.054401048
2025-04-29,29.375,-1.875,1.9590089
2025-04-30,29.375,-1.875,1.6761963
2025-05-01,29.375,-1.875,0.8343787
2025-05-02,29.375,-1.875,9.591486
2025-05-03,29.375,-1.875,0.50359184
2025-05-04,29.375,-1.875,10.019276
2025-05-05,29.375,-1.875,4.2427807
2025-05-06,29.375,-1.875,7.4631457
2025-05-07,29.375,-1.875,5.2026215
2025-05-08,29.375,-1.875,0.43599916
2025-05-09,29.375,-1.875,7.119053
2025-05-10,29.375,-1.875,1.8150012
2025-05-11,29.375,-1.875,1.8707718
2025-05-12,29.375,-1.875,11.275543
2025-05-13,29.375,-1.875,3.3241358
2025-05-14,29.375,-1.875,3.6424203
2025-05-15,29.375,-1.875,0.21840413
2025-05-16,29.375,-1.875,0.31121105
2025-05-17,29.375,-1.875,0.55120814
2025-05-18,29.375,-1.875,0.0
2025-05-19,29.375,-1.875,3.9886777
2025-05-20,29.375,-1.875,3.4811552
2025-05-21,29.375,-1.875,2.8032115
2025-05-22,29.375,-1.875,0.6552046
2025-05-23,29.375,-1.875,1.7004296
2025-05-24,29.375,-1.875,2.621809
2025-05-25,29.375,-1.875,1.9891889
2025-05-26,29.375,-1.875,0.25239772
2025-05-27,29.375,-1.875,0.011999808
2025-05-28,29.375,-1.875,0.039199073
2025-05-29,29.375,-1.875,0.0012000676
2025-05-30,29.375,-1.875,2.044817
2025-05-31,29.375,-1.875,1.2803898
2025-06-01,29.375,-1.875,0.0
2025-06-02,29.375,-1.875,0.08640134
2025-06-03,29.375,-1.875,0.43240035
2025-06-04,29.375,-1.875,1.1080137
2025-06-05,29.375,-1.875,19.34913
2025-06-06,29.375,-1.875,2.4843802
2025-06-07,29.375,-1.875,0.22760242
2025-06-08,29.375,-1.875,0.7946112
2025-06-09,29.375,-1.875,0.0
2025-06-10,29.375,-1.875,0.0
2025-06-11,29.375,-1.875,0.0
2025-06-12,29.375,-1.875,0.0
2025-06-13,29.375,-1.875,0.0
2025-06-14,29.375,-1.875,0.0
2025-06-15,29.375,-1.875,0.0
2025-06-16,29.375,-1.875,0.0
2025-06-17,29.375,-1.875,0.019599672
2025-06-18,29.375,-1.875,1.8085777
2025-06-19,29.375,-1.875,11.46638
2025-06-20,29.375,-1.875,0.3800074
2025-06-21,29.375,-1.875,0.21160081
2025-06-22,29.375,-1.875,2.0230358
2025-06-23,29.375,-1.875,1.317165
2025-06-24,29.375,-1.875,1.345448
2025-06-25,29.375,-1.875,0.0
2025-06-26,29.375,-1.875,0.0
2025-06-27,29.375,-1.875,0.0
2025-06-28,29.375,-1.875,0.13799635
2025-06-29,29.375,-1.875,0.0018001014
2025-06-30,29.375,-1.875,0.3420177
2025-07-01,29.375,-1.875,0.0055997586
2025-07-02,29.375,-1.875,0.022399034
2025-07-03,29.375,-1.875,0.0
2025-07-04,29.375,-1.875,0.03040171
2025-07-05,29.375,-1.875,0.09900056
2025-07-06,29.375,-1.875,0.6667954
2025-07-07,29.375,-1.875,12.338238
2025-07-08,29.375,-1.875,0.6258034
2025-07-09,29.375,-1.875,0.0
2025-07-10,29.375,-1.875,0.15780088
2025-07-11,29.375,-1.875,0.0
2025-07-12,29.375,-1.875,0.0064003607
2025-07-13,29.375,-1.875,0.5185924
2025-07-14,29.375,-1.875,1.9237761
2025-07-15,29.375,-1.875,1.6003804
2025-07-16,29.375,-1.875,0.55219245
2025-07-17,29.375,-1.875,1.3681922
2025-07-18,29.375,-1.875,1.0686315
2025-07-19,29.375,-1.875,0.0
2025-07-20,29.375,-1.875,0.0
2025-07-21,29.375,-1.875,0.0096004745
2025-07-22,29.375,-1.875,0.02500081
2025-07-23,29.375,-1.875,0.08780124
2025-07-24,29.375,-1.875,0.0
2025-07-25,29.375,-1.875,0.59460104
2025-07-26,29.375,-1.875,0.3604111
2025-07-27,29.375,-1.875,0.52361816
2025-07-28,29.375,-1.875,0.0
2025-07-29,29.375,-1.875,0.0
2025-07-30,29.375,-1.875,0.0
2025-07-31,29.375,-1.875,0.0
2025-08-01,29.375,-1.875,0.0
2025-08-02,29.375,-1.875,0.0
2025-08-03,29.375,-1.875,0.0
2025-08-04,29.375,-1.875,0.0
2025-08-05,29.375,-1.875,0.0
2025-08-06,29.375,-1.875,0.0
2025-08-07,29.375,-1.875,0.0
2025-08-08,29.375,-1.875,5.8554897
2025-08-09,29.375,-1.875,9.9333935
2025-08-10,29.375,-1.875,13.484951
2025-08-11,29.375,-1.875,7.3903685
2025-08-12,29.375,-1.875,2.7530196
2025-08-13,29.375,-1.875,0.052001137
2025-08-14,29.375,-1.875,0.77679485
2025-08-15,29.375,-1.875,5.373759
2025-08-16,29.375,-1.875,9.532288
2025-08-17,29.375,-1.875,13.083427
2025-08-18,29.375,-1.875,42.327183
2025-08-19,29.375,-1.875,7.2908244
2025-08-20,29.375,-1.875,0.19099542
2025-08-21,29.375,-1.875,0.0
2025-08-22,29.375,-1.875,0.0
2025-08-23,29.375,-1.875,0.0
2025-08-24,29.375,-1.875,0.011600653
2025-08-25,29.375,-1.875,0.05199776
2025-08-26,29.375,-1.875,1.9684136
2025-08-27,29.375,-1.875,0.0
2025-08-28,29.375,-1.875,0.009599586
2025-08-29,29.375,-1.875,0.114397325
2025-08-30,29.375,-1.875,0.0
2025-08-31,29.375,-1.875,0.0
2025-09-01,29.375,-1.875,0.034001917
2025-09-02,29.375,-1.875,0.024800634
2025-09-03,29.375,-1.875,0.7641964
2025-09-04,29.375,-1.875,0.0
2025-09-05,29.375,-1.875,1.1782285
2025-09-06,29.375,-1.875,0.0
2025-09-07,29.375,-1.875,0.018799858
2025-09-08,29.375,-1.875,0.022200719
2025-09-09,29.375,-1.875,5.466906
2025-09-10,29.375,-1.875,3.6431475
2025-09-11,29.375,-1.875,10.94282
2025-09-12,29.375,-1.875,0.09119975
2025-09-13,29.375,-1.875,1.1078432
2025-09-14,29.375,-1.875,7.1555624
2025-09-15,29.375,-1.875,5.639431
2025-09-16,29.375,-1.875,4.406607
2025-09-17,29.375,-1.875,2.065027
2025-09-18,29.375,-1.875,1.1141915
2025-09-19,29.375,-1.875,3.417397
2025-09-20,29.375,-1.875,0.048402663
2025-09-21,29.375,-1.875,0.002800158
2025-09-22,29.375,-1.875,0.0
2025-09-23,29.375,-1.875,0.110200375
2025-09-24,29.375,-1.875,0.0
2025-09-25,29.375,-1.875,1.267018
2025-09-26,29.375,-1.875,0.9703889
2025-09-27,29.375,-1.875,2.9135747
2025-09-28,29.375,-1.875,2.1532214
2025-09-29,29.375,-1.875,0.030001134
2025-09-30,29.375,-1.875,9.49973
